Data de captura,Hora de captura,Categoria,Descripció,Preu unitari,Preu/kg,URL,Imatge,Disponibilitat
08-04-2025,19:15:17,Productos Frescos,Fresón tarrina origen Huelva 500 g,"2,45 €","4,90 €/kg",https://www.carrefour.es/supermercado/freson-tarrina-origen-huelva-500-g/R-521032196/p,https://static.carrefour.es/hd_350x_/img_pim_food/035923_00_1.jpg,Disponible
08-04-2025,19:15:17,Productos Frescos,Banana a granel 1 Kg aprox,,"1,09 €/kg",https://www.carrefour.es/supermercado/banana-a-granel-1-kg-aprox/R-529921745/p,https://static.carrefour.es/hd_350x_/img_pim_food/035834_00_1.jpg,Disponible
08-04-2025,19:15:17,Productos Frescos,Queso en lonchas mozzarella en lonchas Arla 150 g.,"3,55 €","20,29 €/kg",https://www.carrefour.es/supermercado/queso-en-lonchas-mozzarella-en-lonchas-arla-150-g/R-814300555/p,https://static.carrefour.es/hd_350x_/img_pim_food/938131_00_1.jpg,Disponible
08-04-2025,19:15:17,Productos Frescos,Queso fresco cottage Protein Arla 200 g.,"2,35 €","11,75 €/kg",https://www.carrefour.es/supermercado/queso-fresco-cottage-protein-arla-200-g/R-prod650321/p,https://static.carrefour.es/hd_350x_/img_pim_food/844924_00_1.jpg,Disponible
08-04-2025,19:15:17,Productos Frescos,Barra de pan pistola Carrefour 250 g,"0,46 €","1,84 €/kg",https://www.carrefour.es/supermercado/barra-de-pan-pistola-carrefour-250-g/R-527063193/p,https://static.carrefour.es/hd_350x_/img_pim_food/216537_00_1.jpg,Disponible
08-04-2025,19:15:17,Productos Frescos,Plátano Carrefour 900 g aprox,"2,87 €","3,19 €/kg",https://www.carrefour.es/supermercado/platano-carrefour-900-g-aprox/R-VC4AECOMM-779025/p,https://static.carrefour.es/hd_350x_/img_pim_food/779025_00_1.jpg,Disponible
08-04-2025,19:15:17,Productos Frescos,Baguette Carrefour 1 ud,"0,55 €","2,20 €/kg",https://www.carrefour.es/supermercado/baguette-carrefour-1-ud/R-525964668/p,https://static.carrefour.es/hd_350x_/img_pim_food/262274_00_1.jpg,Disponible
08-04-2025,19:15:17,Productos Frescos,Barra de pan pistola Carrefour 3 ud,"1,09 €","0,36 €/ud",https://www.carrefour.es/supermercado/barra-de-pan-pistola-carrefour-3-ud/R-575702279/p,https://static.carrefour.es/hd_350x_/img_pim_food/668138_00_1.jpg,Disponible
08-04-2025,19:15:17,Productos Frescos,Zanahoria Carrefour 1 kg,"0,99 €","0,99 €/kg",https://www.carrefour.es/supermercado/zanahoria-carrefour-1-kg/R-fprod1410012/p,https://static.carrefour.es/hd_350x_/img_pim_food/235422_00_1.jpg,Disponible
08-04-2025,19:15:17,Productos Frescos,Crema de queso Original Philadelphia 350 g.,"3,65 €","10,43 €/kg",https://www.carrefour.es/supermercado/crema-de-queso-original-philadelphia-350-g/R-704404251/p,https://static.carrefour.es/hd_350x_/img_pim_food/409343_00_1.jpg,Disponible
08-04-2025,19:15:17,Productos Frescos,"Calabacín Carrefour a granel 1,2 kg aprox",,"1,39 €/kg",https://www.carrefour.es/supermercado/calabacin-carrefour-a-granel-12-kg-aprox/R-VC4AECOMM-431967/p,https://static.carrefour.es/hd_350x_/img_pim_food/431967_00_1.jpg,Disponible
08-04-2025,19:15:17,Productos Frescos,Tomate pera Carrefour 1 kg aprox,"2,05 €","2,05 €/kg",https://www.carrefour.es/supermercado/tomate-pera-carrefour-1-kg-aprox/R-VC4AECOMM-646403/p,https://static.carrefour.es/hd_350x_/img_pim_food/646403_00_1.jpg,Disponible
08-04-2025,19:15:17,Productos Frescos,Pimiento rojo  granel 1 Kg aprox,"2,25 €","2,25 €/kg",https://www.carrefour.es/supermercado/pimiento-rojo-granel-1-kg-aprox/R-532601619/p,https://static.carrefour.es/hd_350x_/img_pim_food/050255_00_1.jpg,Disponible
08-04-2025,19:15:17,Productos Frescos,Queso rallado cuatro quesos Carrefour 200 g.,,"9,50 €/kg",https://www.carrefour.es/supermercado/queso-rallado-cuatro-quesos-carrefour-200-g/R-521030772/p,https://static.carrefour.es/hd_350x_/img_pim_food/712501_00_1.jpg,Disponible
08-04-2025,19:15:17,Productos Frescos,Guacamole Carrefour 200 g,"1,69 €","8,45 €/kg",https://www.carrefour.es/supermercado/guacamole-carrefour-200-g/R-prod1160715/p,https://static.carrefour.es/hd_350x_/img_pim_food/208412_00_1.jpg,Disponible
08-04-2025,19:15:17,Productos Frescos,Berlina Fondant Donuts 204 g.,"2,99 €","14,66 €/kg",https://www.carrefour.es/supermercado/berlina-fondant-donuts-204-g/R-590204453/p,https://static.carrefour.es/hd_350x_/img_pim_food/153863_00_1.jpg,Disponible
08-04-2025,19:15:17,Productos Frescos,Bacón sabor ahumado en tiras Carrefour El Mercado sin gluten pack de 2 unidades de 100 g,"2,45 €","12,25 €/kg",https://www.carrefour.es/supermercado/bacon-sabor-ahumado-en-tiras-carrefour-el-mercado-sin-gluten-pack-de-2-unidades-de-100-g/R-VC4AECOMM-710259/p,https://static.carrefour.es/hd_350x_/img_pim_food/710259_00_1.jpg,Disponible
08-04-2025,19:15:17,Productos Frescos,Pimiento verde Italiano 1 kg aprox,"2,59 €","2,59 €/kg",https://www.carrefour.es/supermercado/pimiento-verde-italiano-1-kg-aprox/R-536001616/p,https://static.carrefour.es/hd_350x_/img_pim_food/050257_00_1.jpg,Disponible
08-04-2025,19:15:17,Productos Frescos,Tomate ensalada 1 kg aprox,"1,95 €","1,95 €/kg",https://www.carrefour.es/supermercado/tomate-ensalada-1-kg-aprox/R-530067024/p,https://static.carrefour.es/hd_350x_/img_pim_food/050265_00_1.jpg,Disponible
08-04-2025,19:15:17,Productos Frescos,Uva blanca sin pepitas Carrefour bandeja de 500 g,"2,79 €","5,58 €/kg",https://www.carrefour.es/supermercado/uva-blanca-sin-pepitas-carrefour-bandeja-de-500-g/R-fprod1460464/p,https://static.carrefour.es/hd_350x_/img_pim_food/402112_00_1.jpg,Disponible
08-04-2025,19:15:17,Productos Frescos,Crema de queso light Philadelphia 350 g.,"3,65 €","10,43 €/kg",https://www.carrefour.es/supermercado/crema-de-queso-light-philadelphia-350-g/R-704404249/p,https://static.carrefour.es/hd_350x_/img_pim_food/409338_00_1.jpg,Disponible
08-04-2025,19:15:17,Productos Frescos,Cebolla Carrefour 1 kg,"2,40 €","2,40 €/kg",https://www.carrefour.es/supermercado/cebolla-carrefour-1-kg/R-521032276/p,https://static.carrefour.es/hd_350x_/img_pim_food/235457_00_1.jpg,Disponible
08-04-2025,19:15:17,Productos Frescos,Queso gouda holland en lonchas Carrefour 200 g.,"1,64 €","8,20 €/kg",https://www.carrefour.es/supermercado/queso-gouda-holland-en-lonchas-carrefour-200-g/R-521030730/p,https://static.carrefour.es/hd_350x_/img_pim_food/559857_00_1.jpg,Disponible
08-04-2025,19:15:17,Productos Frescos,Tomate rama Carrefour 1 kg aprox,"2,05 €","2,05 €/kg",https://www.carrefour.es/supermercado/tomate-rama-carrefour-1-kg-aprox/R-530913262/p,https://static.carrefour.es/hd_350x_/img_pim_food/718723_00_1.jpg,Disponible
08-04-2025,19:15:17,Productos Frescos,Lechuga iceberg Carrefour 1 ud,,"1,62 €/kg",https://www.carrefour.es/supermercado/lechuga-iceberg-carrefour-1-ud/R-fprod1190510/p,https://static.carrefour.es/hd_350x_/img_pim_food/235341_00_1.jpg,Disponible
08-04-2025,19:15:17,Productos Frescos,Patata Lavada Carrefour 1 kg aprox,"1,95 €","1,95 €/kg",https://www.carrefour.es/supermercado/patata-lavada-carrefour-1-kg-aprox/R-VC4AECOMM-572092/p,https://static.carrefour.es/hd_350x_/img_pim_food/572092_00_1.jpg,Disponible
08-04-2025,19:15:17,Productos Frescos,Bacon en lonchas Carrefour El Mercado sin gluten 200 g,,"9,95 €/kg",https://www.carrefour.es/supermercado/bacon-en-lonchas-carrefour-el-mercado-sin-gluten-200-g/R-VC4AECOMM-710687/p,https://static.carrefour.es/hd_350x_/img_pim_food/710687_00_1.jpg,Disponible
08-04-2025,19:15:17,Productos Frescos,Fresón tarrina 1 kg,"3,29 €","3,29 €/kg",https://www.carrefour.es/supermercado/freson-tarrina-1-kg/R-521034237/p,https://static.carrefour.es/hd_350x_/img_pim_food/083465_00_1.jpg,Disponible
08-04-2025,19:15:17,Productos Frescos,Patata lavada para todo uso Carrefour 3 kg,,"1,19 €/kg",https://www.carrefour.es/supermercado/patata-lavada-para-todo-uso-carrefour-3-kg/R-596701537/p,https://static.carrefour.es/hd_350x_/img_pim_food/343849_00_1.jpg,Disponible
08-04-2025,19:15:58,Productos Frescos,Naranja de mesa Carrefour 1 Kg aprox,,"1,39 €/kg",https://www.carrefour.es/supermercado/naranja-de-mesa-carrefour-1-kg-aprox/R-VC4AECOMM-494114/p,https://static.carrefour.es/hd_350x_/img_pim_food/494114_00_1.jpg,Disponible
08-04-2025,19:15:58,Productos Frescos,Panecillo gran reserva Carrefour 1 ud,"0,32 €","4,92 €/kg",https://www.carrefour.es/supermercado/panecillo-gran-reserva-carrefour-1-ud/R-prod211488/p,https://static.carrefour.es/hd_350x_/img_pim_food/902215_00_1.jpg,Disponible
08-04-2025,19:15:58,Productos Frescos,Queso de mezcla semicurado Cañada Mayor 250 g.,"4,55 €","18,20 €/kg",https://www.carrefour.es/supermercado/queso-de-mezcla-semicurado-canada-mayor-250-g/R-VC4AECOMM-199266/p,https://static.carrefour.es/hd_350x_/img_pim_food/199266_00_1.jpg,Disponible
08-04-2025,19:15:58,Productos Frescos,Queso edam en lonchas Carrefour 200 g.,"1,57 €","7,85 €/kg",https://www.carrefour.es/supermercado/queso-edam-en-lonchas-carrefour-200-g/R-521030728/p,https://static.carrefour.es/hd_350x_/img_pim_food/559836_00_1.jpg,Disponible
08-04-2025,19:15:58,Productos Frescos,Berenjena Carrefour a granel 1 kg aprox,"1,89 €","1,89 €/kg",https://www.carrefour.es/supermercado/berenjena-carrefour-a-granel-1-kg-aprox/R-VC4AECOMM-394518/p,https://static.carrefour.es/hd_350x_/img_pim_food/394518_00_1.jpg,Disponible
08-04-2025,19:15:58,Productos Frescos,Queso mozzarella Italiana Carrefour 125 g.,"0,95 €","7,60 €/kg",https://www.carrefour.es/supermercado/queso-mozzarella-italiana-carrefour-125-g/R-521030590/p,https://static.carrefour.es/hd_350x_/img_pim_food/510743_00_1.jpg,Disponible
08-04-2025,19:15:58,Productos Frescos,Baguette 2 ud,"0,96 €","1,92 €/kg",https://www.carrefour.es/supermercado/baguette-2-ud/R-584501495/p,https://static.carrefour.es/hd_350x_/img_pim_food/126922_00_1.jpg,Disponible
08-04-2025,19:15:58,Productos Frescos,Espárrago verde fino Carrefour El Mercado 250 g,,"8,36 €/kg",https://www.carrefour.es/supermercado/esparrago-verde-fino-carrefour-el-mercado-250-g/R-VC4AECOMM-335208/p,https://static.carrefour.es/hd_350x_/img_pim_food/335208_00_1.jpg,Disponible
08-04-2025,19:15:58,Productos Frescos,Limón Carrefour a granel 1kg aprox,"2,29 €","2,29 €/kg",https://www.carrefour.es/supermercado/limon-carrefour-a-granel-1kg-aprox/R-VC4AECOMM-100139/p,https://static.carrefour.es/hd_350x_/img_pim_food/100139_00_1.jpg,Disponible
08-04-2025,19:15:58,Productos Frescos,Bollito recubierto de chocolate clasicos Donettes 8 ud.,"2,75 €","18,09 €/kg",https://www.carrefour.es/supermercado/bollito-recubierto-de-chocolate-clasicos-donettes-8-ud/R-VC4AECOMM-682477/p,https://static.carrefour.es/hd_350x_/img_pim_food/682477_00_1.jpg,Disponible
08-04-2025,19:15:58,Productos Frescos,Brócoli Carrefour 500 g,"1,19 €","2,38 €/kg",https://www.carrefour.es/supermercado/brocoli-carrefour-500-g/R-prod1000504/p,https://static.carrefour.es/hd_350x_/img_pim_food/078932_00_1.jpg,Disponible
08-04-2025,19:15:58,Productos Frescos,Patata lavada para todo uso Carrefour El Mercado 5 kg,"6,95 €","1,39 €/kg",https://www.carrefour.es/supermercado/patata-lavada-para-todo-uso-carrefour-el-mercado-5-kg/R-525888361/p,https://static.carrefour.es/hd_350x_/img_pim_food/793632_00_1.jpg,Disponible
08-04-2025,19:15:58,Productos Frescos,Barra rústica 1 ud.,"0,71 €","2,84 €/kg",https://www.carrefour.es/supermercado/barra-rustica-1-ud/R-VC4AECOMM-423920/p,https://static.carrefour.es/hd_350x_/img_pim_food/423920_00_1.jpg,Disponible
08-04-2025,19:15:58,Productos Frescos,Queso de untar clásico Carrefour Classic 300 g.,"1,50 €",5 €/kg,https://www.carrefour.es/supermercado/queso-de-untar-clasico-carrefour-classic-300-g/R-804713848/p,https://static.carrefour.es/hd_350x_/img_pim_food/918951_00_1.jpg,Disponible
08-04-2025,19:15:58,Productos Frescos,Cebolleta blanca manojo de 3-4  piezas,"0,99 €","1,98 €/kg",https://www.carrefour.es/supermercado/cebolleta-blanca-manojo-de-3-4-piezas/R-521032283/p,https://static.carrefour.es/hd_350x_/img_pim_food/050295_00_1.jpg,Disponible
08-04-2025,19:15:58,Productos Frescos,Pan de leche Carrefour Classic 350 g.,"1,36 €","3,89 €/kg",https://www.carrefour.es/supermercado/pan-de-leche-carrefour-classic-350-g/R-prod550021/p,https://static.carrefour.es/hd_350x_/img_pim_food/835359_00_1.jpg,Disponible
08-04-2025,19:15:58,Productos Frescos,Manzana golden Círculo de Calidad a granel 1 Kg aprox,"1,85 €","1,85 €/kg",https://www.carrefour.es/supermercado/manzana-golden-circulo-de-calidad-a-granel-1-kg-aprox/R-532601637/p,https://static.carrefour.es/hd_350x_/img_pim_food/261962_00_1.jpg,Disponible
08-04-2025,19:15:58,Productos Frescos,Pan Pannier plus mediana 300 g,"1,25 €","3,79 €/kg",https://www.carrefour.es/supermercado/pan-pannier-plus-mediana-300-g/R-prod760139/p,https://static.carrefour.es/hd_350x_/img_pim_food/859573_00_1.jpg,Disponible
08-04-2025,19:15:58,Productos Frescos,Borek de queso 100 g,"1,05 €","10,50 €/kg",https://www.carrefour.es/supermercado/borek-de-queso-100-g/R-fprod1460425/p,https://static.carrefour.es/hd_350x_/img_pim_food/399646_00_1.jpg,Disponible
08-04-2025,19:15:58,Productos Frescos,Cebolla granel Carrefour 1 kg aprox,"2,59 €","2,59 €/kg",https://www.carrefour.es/supermercado/cebolla-granel-carrefour-1-kg-aprox/R-VC4AECOMM-645285/p,https://static.carrefour.es/hd_350x_/img_pim_food/645285_00_1.jpg,Disponible
08-04-2025,19:15:58,Productos Frescos,Ensalada cuatro estaciones Carrefour 250 g,"0,76 €","3,04 €/kg",https://www.carrefour.es/supermercado/ensalada-cuatro-estaciones-carrefour-250-g/R-521032376/p,https://static.carrefour.es/hd_350x_/img_pim_food/261721_00_1.jpg,Disponible
08-04-2025,19:15:58,Productos Frescos,Ajo Círculo de Calidad 250 g,"2,05 €","8,20 €/kg",https://www.carrefour.es/supermercado/ajo-circulo-de-calidad-250-g/R-521031667/p,https://static.carrefour.es/hd_350x_/img_pim_food/496386_00_1.jpg,Disponible
08-04-2025,19:15:58,Productos Frescos,Kiwi Zespri 1 kg aprox,"4,95 €","4,95 €/kg",https://www.carrefour.es/supermercado/kiwi-zespri-1-kg-aprox/R-719618129/p,https://static.carrefour.es/hd_350x_/img_pim_food/243817_00_1.jpg,Disponible
08-04-2025,19:15:58,Productos Frescos,Cogollos Carrefour 400 g,"0,99 €","2,47 €/kg",https://www.carrefour.es/supermercado/cogollos-carrefour-400-g/R-VC4AECOMM-235347/p,https://static.carrefour.es/hd_350x_/img_pim_food/235347_00_1.jpg,Disponible
08-04-2025,19:16:39,Productos Frescos,Pera conferencia Carrefour 1 kg aprox,"2,59 €","2,59 €/kg",https://www.carrefour.es/supermercado/pera-conferencia-carrefour-1-kg-aprox/R-600709236/p,https://static.carrefour.es/hd_350x_/img_pim_food/394510_00_1.jpg,Disponible
08-04-2025,19:16:39,Productos Frescos,Berlina glace Donuts 4 ud.,"2,95 €","14,18 €/kg",https://www.carrefour.es/supermercado/berlina-glace-donuts-4-ud/R-715505820/p,https://static.carrefour.es/hd_350x_/img_pim_food/488502_00_1.jpg,Disponible
08-04-2025,19:16:39,Productos Frescos,Kiwi Gold 500 g,"5,25 €","10,50 €/kg",https://www.carrefour.es/supermercado/kiwi-gold-500-g/R-805905242/p,https://static.carrefour.es/hd_350x_/img_pim_food/431419_00_1.jpg,Disponible
08-04-2025,19:16:39,Productos Frescos,Panecillo 6 Semillas 1 ud.,"0,31 €","3,44 €/kg",https://www.carrefour.es/supermercado/panecillo-6-semillas-1-ud/R-VC4AECOMM-651739/p,https://static.carrefour.es/hd_350x_/img_pim_food/651739_00_1.jpg,Disponible
08-04-2025,19:16:39,Productos Frescos,Mango Carrefour a granel 1 kg aprox,"4,75 €","4,75 €/kg",https://www.carrefour.es/supermercado/mango-carrefour-a-granel-1-kg-aprox/R-VC4AECOMM-430552/p,https://static.carrefour.es/hd_350x_/img_pim_food/430552_00_1.jpg,Disponible
08-04-2025,19:16:39,Productos Frescos,Mandarina para zumo Carrefour malla de 2 kg,,"1,39 €/kg",https://www.carrefour.es/supermercado/mandarina-para-zumo-carrefour-malla-de-2-kg/R-VC4AECOMM-531345/p,https://static.carrefour.es/hd_350x_/img_pim_food/531345_00_1.jpg,Disponible
08-04-2025,19:16:39,Productos Frescos,Mini Fuet Snack'in Campofrío 50 g,"1,55 €",31 €/kg,https://www.carrefour.es/supermercado/mini-fuet-snackin-campofrio-50-g/R-prod841697/p,https://static.carrefour.es/hd_350x_/img_pim_food/699033_00_1.jpg,Disponible
08-04-2025,19:16:39,Productos Frescos,Barra con Cereales Tradicional 1 ud.,"1,03 €","3,81 €/kg",https://www.carrefour.es/supermercado/barra-con-cereales-tradicional-1-ud/R-prod231490/p,https://static.carrefour.es/hd_350x_/img_pim_food/284409_00_1.jpg,Disponible
08-04-2025,19:16:39,Productos Frescos,Pan de Pueblo sin aditivos 1 ud.,"1,66 €","2,07 €/kg",https://www.carrefour.es/supermercado/pan-de-pueblo-sin-aditivos-1-ud/R-VC4AECOMM-433734/p,https://static.carrefour.es/hd_350x_/img_pim_food/433734_00_1.jpg,Disponible
08-04-2025,19:16:39,Productos Frescos,Trozo de lomo de cerdo Carrefour 1 kg aprox,"5,09 €","5,09 €/kg",https://www.carrefour.es/supermercado/trozo-de-lomo-de-cerdo-carrefour-1-kg-aprox/R-684403414/p,https://static.carrefour.es/hd_350x_/img_pim_food/073066_00_1.jpg,Disponible
08-04-2025,19:16:39,Productos Frescos,Espetec Casa Tarradellas sin gluten pack de 2 unidades de 360 g.,"5,35 €","14,86 €/kg",https://www.carrefour.es/supermercado/espetec-casa-tarradellas-sin-gluten-pack-de-2-unidades-de-360-g/R-VC4AECOMM-698150/p,https://static.carrefour.es/hd_350x_/img_pim_food/698150_00_1.jpg,Disponible
08-04-2025,19:16:39,Productos Frescos,Champiñon pie cortado Carrefour 200 g aprox,"1,01 €","5,07 €/kg",https://www.carrefour.es/supermercado/champinon-pie-cortado-carrefour-200-g-aprox/R-fprod1220162/p,https://static.carrefour.es/hd_350x_/img_pim_food/271593_00_1.jpg,Disponible
08-04-2025,19:16:39,Productos Frescos,Espetec Casa Tarradellas sin gluten 185 g.,"2,69 €","14,94 €/kg",https://www.carrefour.es/supermercado/espetec-casa-tarradellas-sin-gluten-185-g/R-VC4AECOMM-698147/p,https://static.carrefour.es/hd_350x_/img_pim_food/698147_00_1.jpg,Disponible
08-04-2025,19:16:39,Productos Frescos,Cebolla Carrefour 2 kg,"3,90 €","1,95 €/kg",https://www.carrefour.es/supermercado/cebolla-carrefour-2-kg/R-VC4AECOMM-645281/p,https://static.carrefour.es/hd_350x_/img_pim_food/645281_00_1.jpg,Disponible
08-04-2025,19:16:39,Productos Frescos,"Mandarina Carrefour El Mercado 1,5 kg","2,55 €","1,70 €/kg",https://www.carrefour.es/supermercado/mandarina-carrefour-el-mercado-15-kg/R-VC4AECOMM-531347/p,https://static.carrefour.es/hd_350x_/img_pim_food/531347_00_1.jpg,Disponible
08-04-2025,19:16:39,Productos Frescos,Espinaca troceada Carrefour El Mercado 300 g,"1,19 €","3,97 €/kg",https://www.carrefour.es/supermercado/espinaca-troceada-carrefour-el-mercado-300-g/R-526574300/p,https://static.carrefour.es/hd_350x_/img_pim_food/261718_00_1.jpg,Disponible
08-04-2025,19:16:39,Productos Frescos,Barra 100% integral 250 g,"0,99 €","3,96 €/kg",https://www.carrefour.es/supermercado/barra-100-integral-250-g/R-VC4AECOMM-550659/p,https://static.carrefour.es/hd_350x_/img_pim_food/550659_00_1.jpg,Disponible
08-04-2025,19:16:39,Productos Frescos,Manzana pink lady a granel 1 kg aprox,"3,75 €","3,75 €/kg",https://www.carrefour.es/supermercado/manzana-pink-lady-a-granel-1-kg-aprox/R-529921851/p,https://static.carrefour.es/hd_350x_/img_pim_food/407353_00_1.jpg,Disponible
08-04-2025,19:16:39,Productos Frescos,Barra torrijas 300 g,,"4,97 €/kg",https://www.carrefour.es/supermercado/barra-torrijas-300-g/R-prod1050106/p,https://static.carrefour.es/hd_350x_/img_pim_food/348868_00_1.jpg,Disponible
08-04-2025,19:16:39,Productos Frescos,Pan de molde sin corteza Bimbo 450 g.,"2,39 €","5,31 €/kg",https://www.carrefour.es/supermercado/pan-de-molde-sin-corteza-bimbo-450-g/R-521007151/p,https://static.carrefour.es/hd_350x_/img_pim_food/367981_00_1.jpg,Disponible
08-04-2025,19:16:39,Productos Frescos,Manzana fuji Círculo de Calidad a granel 1 kg aprox,,"1,99 €/kg",https://www.carrefour.es/supermercado/manzana-fuji-circulo-de-calidad-a-granel-1-kg-aprox/R-fprod1460462/p,https://static.carrefour.es/hd_350x_/img_pim_food/402115_00_1.jpg,Disponible
08-04-2025,19:16:39,Productos Frescos,Alcachofa Carrefour 1 kg aprox,"3,49 €","3,49 €/kg",https://www.carrefour.es/supermercado/alcachofa-carrefour-1-kg-aprox/R-VC4AECOMM-744605/p,https://static.carrefour.es/hd_350x_/img_pim_food/744605_00_1.jpg,Disponible
08-04-2025,19:16:39,Productos Frescos,Cesta de jamón y queso Carrefour 100 g,1 €,1 €/ud,https://www.carrefour.es/supermercado/cesta-de-jamon-y-queso-carrefour-100-g/R-fprod1180448/p,https://static.carrefour.es/hd_350x_/img_pim_food/895015_00_1.jpg,Disponible
08-04-2025,19:16:39,Productos Frescos,"Pechuga de Pollo Entera Carrefour 1,1 kg aprox","6,49 €","5,90 €/kg",https://www.carrefour.es/supermercado/pechuga-de-pollo-entera-carrefour-11-kg-aprox/R-762341814/p,https://static.carrefour.es/hd_350x_/img_pim_food/765479_00_1.jpg,Disponible
08-04-2025,19:17:22,Productos Frescos,Chorizo en lonchas Revilla sin gluten 65 g.,"0,99 €","14,14 €/kg",https://www.carrefour.es/supermercado/chorizo-en-lonchas-revilla-sin-gluten-65-g/R-VC4AECOMM-698652/p,https://static.carrefour.es/hd_350x_/img_pim_food/698652_00_1.jpg,Disponible
08-04-2025,19:17:22,Productos Frescos,Rúcula Carrefour El Mercado El Mercado 50 g,"0,81 €","16,20 €/kg",https://www.carrefour.es/supermercado/rucula-carrefour-el-mercado-el-mercado-50-g/R-757834489/p,https://static.carrefour.es/hd_350x_/img_pim_food/766809_00_1.jpg,Disponible
08-04-2025,19:17:22,Productos Frescos,Barra grande extra Carrefour 1 ud,"1,29 €","3,97 €/kg",https://www.carrefour.es/supermercado/barra-grande-extra-carrefour-1-ud/R-fprod1190377/p,https://static.carrefour.es/hd_350x_/img_pim_food/240795_00_1.jpg,Disponible
08-04-2025,19:17:22,Productos Frescos,Champiñon laminado Carrefour bandeja de 250 g aprox,"2,68 €","6,69 €/kg",https://www.carrefour.es/supermercado/champinon-laminado-carrefour-bandeja-de-250-g-aprox/R-fprod1220107/p,https://static.carrefour.es/hd_350x_/img_pim_food/271583_00_1.jpg,Disponible
08-04-2025,19:17:22,Productos Frescos,Naranjas Carrefour El Mercado bolsa de 5 kg,"5,45 €","1,09 €/kg",https://www.carrefour.es/supermercado/naranjas-carrefour-el-mercado-bolsa-de-5-kg/R-VC4AECOMM-531340/p,https://static.carrefour.es/hd_350x_/img_pim_food/531340_00_1.jpg,Disponible
08-04-2025,19:17:22,Productos Frescos,Lechuga Iceberg Carrefour El Mercado 250 g,"0,83 €","3,32 €/kg",https://www.carrefour.es/supermercado/lechuga-iceberg-carrefour-el-mercado-250-g/R-VC4AECOMM-478340/p,https://static.carrefour.es/hd_350x_/img_pim_food/478340_00_1.jpg,Agotado temporalmente
08-04-2025,19:17:22,Productos Frescos,Cebolla roja Carrefour 500 g,"1,45 €","2,90 €/kg",https://www.carrefour.es/supermercado/cebolla-roja-carrefour-500-g/R-521029168/p,https://static.carrefour.es/hd_350x_/img_pim_food/795908_00_1.jpg,Disponible
08-04-2025,19:17:22,Productos Frescos,Mango Carrefour en bandeja 2 ud 600 g,,"3,58 €/kg",https://www.carrefour.es/supermercado/mango-carrefour-en-bandeja-2-ud-600-g/R-fprod1430075/p,https://static.carrefour.es/hd_350x_/img_pim_food/371673_00_1.jpg,Disponible
08-04-2025,19:17:22,Productos Frescos,Ciabatta Cristal Gouda 1 ud.,"0,43 €","3,91 €/kg",https://www.carrefour.es/supermercado/ciabatta-cristal-gouda-1-ud/R-VC4AECOMM-651650/p,https://static.carrefour.es/hd_350x_/img_pim_food/651650_00_1.jpg,Disponible
08-04-2025,19:17:22,Productos Frescos,Salchichas Frankfurt Carrefour pack de 4 unidades 170 g.,"1,75 €","2,57 €/kg",https://www.carrefour.es/supermercado/salchichas-frankfurt-carrefour-pack-de-4-unidades-170-g/R-fprod1460360/p,https://static.carrefour.es/hd_350x_/img_pim_food/399385_00_1.jpg,Disponible
08-04-2025,19:17:22,Productos Frescos,Panecillo blanco 11 ud.,"1,09 €","0,10 €/ud",https://www.carrefour.es/supermercado/panecillo-blanco-11-ud/R-VC4AECOMM-498741/p,https://static.carrefour.es/hd_350x_/img_pim_food/498741_00_1.jpg,Disponible
08-04-2025,19:17:22,Productos Frescos,Fiambre de pechuga de pavo en lonchas Campofrío sin gluten y sin lactosa 75 g.,"0,99 €","12,37 €/kg",https://www.carrefour.es/supermercado/fiambre-de-pechuga-de-pavo-en-lonchas-campofrio-sin-gluten-y-sin-lactosa-75-g/R-VC4AECOMM-698818/p,https://static.carrefour.es/hd_350x_/img_pim_food/698818_00_1.jpg,Disponible
08-04-2025,19:17:22,Productos Frescos,Jamón cocido en lonchas Campofrío sin gluten y sin lactosa 75 g,"0,99 €","12,37 €/kg",https://www.carrefour.es/supermercado/jamon-cocido-en-lonchas-campofrio-sin-gluten-y-sin-lactosa-75-g/R-VC4AECOMM-698858/p,https://static.carrefour.es/hd_350x_/img_pim_food/698858_00_1.jpg,Disponible
08-04-2025,19:17:22,Productos Frescos,Masa de hojaldre Carrefour Classic' 230 g.,"1,10 €","4,78 €/kg",https://www.carrefour.es/supermercado/masa-de-hojaldre-carrefour-classic-230-g/R-663201866/p,https://static.carrefour.es/hd_350x_/img_pim_food/314788_00_1.jpg,Disponible
08-04-2025,19:17:22,Productos Frescos,Queso rallado grana padano DOP Carrefour Extra 100 g.,"1,80 €",18 €/kg,https://www.carrefour.es/supermercado/queso-rallado-grana-padano-dop-carrefour-extra-100-g/R-521030754/p,https://static.carrefour.es/hd_350x_/img_pim_food/557685_00_1.jpg,Disponible
08-04-2025,19:17:22,Productos Frescos,Pimiento tricolor Carrefour 3 ud 600 g,"1,85 €","3,08 €/kg",https://www.carrefour.es/supermercado/pimiento-tricolor-carrefour-3-ud-600-g/R-VC4AECOMM-624585/p,https://static.carrefour.es/hd_350x_/img_pim_food/624585_00_1.jpg,Disponible
08-04-2025,19:17:22,Productos Frescos,Naranjas de zumo Carrefour El Mercado 3 kg,"2,65 €","0,88 €/kg",https://www.carrefour.es/supermercado/naranjas-de-zumo-carrefour-el-mercado-3-kg/R-547901667/p,https://static.carrefour.es/hd_350x_/img_pim_food/235308_00_1.jpg,Disponible
08-04-2025,19:17:22,Productos Frescos,Bacón en cintas Casa Tarradellas sin gluten pack de 2 unidades de 100 g,"2,05 €","10,25 €/kg",https://www.carrefour.es/supermercado/bacon-en-cintas-casa-tarradellas-sin-gluten-pack-de-2-unidades-de-100-g/R-VC4AECOMM-698152/p,https://static.carrefour.es/hd_350x_/img_pim_food/698152_00_1.jpg,Disponible
08-04-2025,19:17:22,Productos Frescos,Naranjas de mesa Carrefour El Mercado saco de 6 kg,"5,89 €","0,98 €/kg",https://www.carrefour.es/supermercado/naranjas-de-mesa-carrefour-el-mercado-saco-de-6-kg/R-VC4AECOMM-633807/p,https://static.carrefour.es/hd_350x_/img_pim_food/633807_00_1.jpg,Disponible
08-04-2025,19:17:22,Productos Frescos,Costilla de Cerdo Semicarnuda Carrefour 700 g aprox,,"5,15 €/kg",https://www.carrefour.es/supermercado/costilla-de-cerdo-semicarnuda-carrefour-700-g-aprox/R-VC4AECOMM-006822/p,https://static.carrefour.es/hd_350x_/img_pim_food/006822_00_1.jpg,Disponible
08-04-2025,19:17:22,Productos Frescos,Canónigos Carrefour El Mercado 125 g,"1,09 €","8,72 €/kg",https://www.carrefour.es/supermercado/canonigos-carrefour-el-mercado-125-g/R-521032341/p,https://static.carrefour.es/hd_350x_/img_pim_food/261722_00_1.jpg,Disponible
08-04-2025,19:17:22,Productos Frescos,Jamón cocido extra Campofrío al corte 150 g aprox,"1,93 €","12,90 €/kg",https://www.carrefour.es/supermercado/jamon-cocido-extra-campofrio-al-corte-150-g-aprox/R-793945569/p,https://static.carrefour.es/hd_350x_/img_pim_food/892550_00_1.jpg,Disponible
08-04-2025,19:17:22,Productos Frescos,Mandarina con hoja Carrefour granel 1 Kg aprox,"2,25 €","2,25 €/kg",https://www.carrefour.es/supermercado/mandarina-con-hoja-carrefour-granel-1-kg-aprox/R-fprod1480195/p,https://static.carrefour.es/hd_350x_/img_pim_food/413299_00_1.jpg,Disponible
08-04-2025,19:17:22,Productos Frescos,Pimiento verde lamuyo  granel 1 Kg aprox,"2,79 €","2,79 €/kg",https://www.carrefour.es/supermercado/pimiento-verde-lamuyo-granel-1-kg-aprox/R-548801612/p,https://static.carrefour.es/hd_350x_/img_pim_food/050236_00_1.jpg,Disponible
08-04-2025,19:18:04,Productos Frescos,Queso tierno en lonchas Carrefour 200 g.,"2,05 €","10,25 €/kg",https://www.carrefour.es/supermercado/queso-tierno-en-lonchas-carrefour-200-g/R-521030523/p,https://static.carrefour.es/hd_350x_/img_pim_food/424955_00_1.jpg,Disponible
08-04-2025,19:18:04,Productos Frescos,Lomo de cerdo adobado extra en filetes Carrefour 500 g aprox,,"6,65 €/kg",https://www.carrefour.es/supermercado/lomo-de-cerdo-adobado-extra-en-filetes-carrefour-500-g-aprox/R-VC4AECOMM-679647/p,https://static.carrefour.es/hd_350x_/img_pim_food/679647_00_1.jpg,Disponible
08-04-2025,19:18:04,Productos Frescos,Queso mozzarella en lonchas Carrefour 200 g.,"1,78 €","8,90 €/kg",https://www.carrefour.es/supermercado/queso-mozzarella-en-lonchas-carrefour-200-g/R-521030724/p,https://static.carrefour.es/hd_350x_/img_pim_food/695564_00_1.jpg,Disponible
08-04-2025,19:18:04,Productos Frescos,Chorizo extra dulce Carrefour sin gluten 280 g.,"2,69 €","9,61 €/kg",https://www.carrefour.es/supermercado/chorizo-extra-dulce-carrefour-sin-gluten-280-g/R-VC4AECOMM-709826/p,https://static.carrefour.es/hd_350x_/img_pim_food/709826_00_1.jpg,Disponible
08-04-2025,19:18:04,Productos Frescos,Traseros de Pollo Carrefour 1 kg aprox,"2,99 €","2,99 €/kg",https://www.carrefour.es/supermercado/traseros-de-pollo-carrefour-1-kg-aprox/R-VC4AECOMM-131626/p,https://static.carrefour.es/hd_350x_/img_pim_food/131626_00_1.jpg,Disponible
08-04-2025,19:18:04,Productos Frescos,Pechuga de pavo en lonchas Carrefour El Mercado sin gluten 2x200 g,,"9,12 €/kg",https://www.carrefour.es/supermercado/pechuga-de-pavo-en-lonchas-carrefour-el-mercado-sin-gluten-2x200-g/R-VC4AECOMM-050651/p,https://static.carrefour.es/hd_350x_/img_pim_food/050651_00_1.jpg,Disponible
08-04-2025,19:18:04,Productos Frescos,Lubina 600 g aprox,,"7,85 €/kg",https://www.carrefour.es/supermercado/lubina-600-g-aprox/R-790212148/p,https://static.carrefour.es/hd_350x_/img_pim_food/301585_00_1.jpg,Disponible
08-04-2025,19:18:04,Productos Frescos,Ensalada Baby Leaf Carrefour El Mercado 70 g,"0,99 €","14,14 €/kg",https://www.carrefour.es/supermercado/ensalada-baby-leaf-carrefour-el-mercado-70-g/R-521032368/p,https://static.carrefour.es/hd_350x_/img_pim_food/644781_00_1.jpg,Disponible
08-04-2025,19:18:04,Productos Frescos,Queso roquefort D.O.P Extra Carrefour cuña 100 g,"1,90 €",19 €/kg,https://www.carrefour.es/supermercado/queso-roquefort-dop-extra-carrefour-cuna-100-g/R-prod841268/p,https://static.carrefour.es/hd_350x_/img_pim_food/683274_00_1.jpg,Disponible
08-04-2025,19:18:04,Productos Frescos,"Traseros de Pollo Carrefour 1,5 kg aprox","4,48 €","2,99 €/kg",https://www.carrefour.es/supermercado/traseros-de-pollo-carrefour-15-kg-aprox/R-767508125/p,https://static.carrefour.es/hd_350x_/img_pim_food/765475_00_1.jpg,Disponible
08-04-2025,19:18:04,Productos Frescos,Fuet espetec Carrefour El Mercado sin gluten 210 g,"2,79 €","13,29 €/kg",https://www.carrefour.es/supermercado/fuet-espetec-carrefour-el-mercado-sin-gluten-210-g/R-VC4AECOMM-611098/p,https://static.carrefour.es/hd_350x_/img_pim_food/611098_00_1.jpg,Disponible
08-04-2025,19:18:04,Productos Frescos,Queso burrata Carrefour Extra 125 g.,"1,89 €","15,12 €/kg",https://www.carrefour.es/supermercado/queso-burrata-carrefour-extra-125-g/R-VC4AECOMM-346467/p,https://static.carrefour.es/hd_350x_/img_pim_food/346467_00_1.jpg,Disponible
08-04-2025,19:18:04,Productos Frescos,Pan Carrefour 5 ud,"1,19 €","2,97 €/kg",https://www.carrefour.es/supermercado/pan-carrefour-5-ud/R-711411255/p,https://static.carrefour.es/hd_350x_/img_pim_food/427706_00_1.jpg,Disponible
08-04-2025,19:18:04,Productos Frescos,Uva rosada sin pepitas Carrefour El Mercado bandeja de 500 g,"2,79 €","5,58 €/kg",https://www.carrefour.es/supermercado/uva-rosada-sin-pepitas-carrefour-el-mercado-bandeja-de-500-g/R-fprod1460463/p,https://static.carrefour.es/hd_350x_/img_pim_food/402114_00_1.jpg,Disponible
08-04-2025,19:18:04,Productos Frescos,Jamón Curado en lonchas XXL Elpozo Selección sin gluten y sin lactosa 225 g,"4,65 €","20,67 €/kg",https://www.carrefour.es/supermercado/jamon-curado-en-lonchas-xxl-elpozo-seleccion-sin-gluten-y-sin-lactosa-225-g/R-VC4AECOMM-711046/p,https://static.carrefour.es/hd_350x_/img_pim_food/711046_00_1.jpg,Disponible
08-04-2025,19:18:04,Productos Frescos,Bollito recubierto de chocolate blanco rayado Donettes 8 ud.,"2,85 €","16,19 €/kg",https://www.carrefour.es/supermercado/bollito-recubierto-de-chocolate-blanco-rayado-donettes-8-ud/R-VC4AECOMM-682487/p,https://static.carrefour.es/hd_350x_/img_pim_food/682487_00_1.jpg,Disponible
08-04-2025,19:18:04,Productos Frescos,Jamón cocido extra en finas lonchas Carrefour El Mercado sin gluten 2x225 g,"3,59 €","7,98 €/kg",https://www.carrefour.es/supermercado/jamon-cocido-extra-en-finas-lonchas-carrefour-el-mercado-sin-gluten-2x225-g/R-VC4AECOMM-050774/p,https://static.carrefour.es/hd_350x_/img_pim_food/050774_00_1.jpg,Disponible
08-04-2025,19:18:04,Productos Frescos,Naranjas de mesa Carrefour el Mercado 3 kg,"3,85 €","1,28 €/kg",https://www.carrefour.es/supermercado/naranjas-de-mesa-carrefour-el-mercado-3-kg/R-VC4AECOMM-385545/p,https://static.carrefour.es/hd_350x_/img_pim_food/385545_00_1.jpg,Disponible
08-04-2025,19:18:04,Productos Frescos,Corazón de lechuga romana 650 g,"1,67 €","2,57 €/kg",https://www.carrefour.es/supermercado/corazon-de-lechuga-romana-650-g/R-521032315/p,https://static.carrefour.es/hd_350x_/img_pim_food/461999_00_1.jpg,Disponible
08-04-2025,19:18:04,Productos Frescos,Bizcocho rondo de yogur Carrefour El Mercado 700 g,"2,95 €","4,21 €/kg",https://www.carrefour.es/supermercado/bizcocho-rondo-de-yogur-carrefour-el-mercado-700-g/R-VC4AECOMM-342503/p,https://static.carrefour.es/hd_350x_/img_pim_food/342503_00_1.jpg,Disponible
08-04-2025,19:18:04,Productos Frescos,Tortas de aceite Inés Rosales 180 g.,"2,26 €","12,56 €/kg",https://www.carrefour.es/supermercado/tortas-de-aceite-ines-rosales-180-g/R-521008126/p,https://static.carrefour.es/hd_350x_/img_pim_food/046706_00_1.jpg,Disponible
08-04-2025,19:18:04,Productos Frescos,"Limón Círculo de Calidad 1,5 kg","3,29 €","2,19 €/kg",https://www.carrefour.es/supermercado/limon-circulo-de-calidad-15-kg/R-VC4AECOMM-566968/p,https://static.carrefour.es/hd_350x_/img_pim_food/566968_00_1.jpg,Disponible
08-04-2025,19:18:04,Productos Frescos,Jamón curado reducido en sal Navidul 45 g,"0,99 €",22 €/kg,https://www.carrefour.es/supermercado/jamon-curado-reducido-en-sal-navidul-45-g/R-VC4AECOMM-695941/p,https://static.carrefour.es/hd_350x_/img_pim_food/695941_00_1.jpg,Disponible
08-04-2025,19:18:05,Productos Frescos,Queso Fundido en Lonchas Carrefour Classic 555 g.,"2,39 €","4,31 €/kg",https://www.carrefour.es/supermercado/queso-fundido-en-lonchas-carrefour-classic-555-g/R-VC4AECOMM-110231/p,https://static.carrefour.es/hd_350x_/img_pim_food/110231_00_1.jpg,Disponible
08-04-2025,19:18:47,Productos Frescos,"Lomo Embuchado en lonchas Carrefour sin gluten pack de 4 unidades de 31,25 g","2,39 €","19,12 €/kg",https://www.carrefour.es/supermercado/lomo-embuchado-en-lonchas-carrefour-sin-gluten-pack-de-4-unidades-de-3125-g/R-VC4AECOMM-709767/p,https://static.carrefour.es/hd_350x_/img_pim_food/709767_00_1.jpg,Disponible
08-04-2025,19:18:47,Productos Frescos,Croissant Brioche 1 ud.,"0,79 €","7,18 €/kg",https://www.carrefour.es/supermercado/croissant-brioche-1-ud/R-VC4AECOMM-651611/p,https://static.carrefour.es/hd_350x_/img_pim_food/651611_00_1.jpg,Disponible
08-04-2025,19:18:47,Productos Frescos,Zumo de naranja recién exprimido Carrefour 1 l,"6,29 €","6,29 €/l",https://www.carrefour.es/supermercado/zumo-de-naranja-recien-exprimido-carrefour-1-l/R-VC4AECOMM-444984/p,https://static.carrefour.es/hd_350x_/img_pim_food/444984_00_1.jpg,Disponible
08-04-2025,19:18:47,Productos Frescos,Pera Blanquilla Carrefour 1 kg aprox,,"1,99 €/kg",https://www.carrefour.es/supermercado/pera-blanquilla-carrefour-1-kg-aprox/R-581701543/p,https://static.carrefour.es/hd_350x_/img_pim_food/293622_00_1.jpg,Disponible
08-04-2025,19:18:47,Productos Frescos,Zumo de naranja recién exprimido Carrefour 500 ml,"3,99 €","7,98 €/l",https://www.carrefour.es/supermercado/zumo-de-naranja-recien-exprimido-carrefour-500-ml/R-VC4AECOMM-444979/p,https://static.carrefour.es/hd_350x_/img_pim_food/444979_00_1.jpg,Disponible
08-04-2025,19:18:47,Productos Frescos,Salmón 3 kg aprox,"38,67 €","12,89 €/kg",https://www.carrefour.es/supermercado/salmon-3-kg-aprox/R-531731258/p,https://static.carrefour.es/hd_350x_/img_pim_food/145070_00_1.jpg,Disponible
08-04-2025,19:18:47,Productos Frescos,Queso brie 60% M.G Carrefour 200 g,"1,75 €","8,75 €/kg",https://www.carrefour.es/supermercado/queso-brie-60-mg-carrefour-200-g/R-VC4AECOMM-685912/p,https://static.carrefour.es/hd_350x_/img_pim_food/685912_00_1.jpg,Disponible
08-04-2025,19:18:47,Productos Frescos,Queso de vaca tierno 200 g.,"1,72 €","8,60 €/kg",https://www.carrefour.es/supermercado/queso-de-vaca-tierno-200-g/R-prod420079/p,https://static.carrefour.es/hd_350x_/img_pim_food/822371_00_1.jpg,Disponible
08-04-2025,19:18:47,Productos Frescos,Barra aldeana 1 ud.,"1,29 €","5,37 €/kg",https://www.carrefour.es/supermercado/barra-aldeana-1-ud/R-VC4AECOMM-423740/p,https://static.carrefour.es/hd_350x_/img_pim_food/423740_00_1.jpg,Disponible
08-04-2025,19:18:47,Productos Frescos,Queso Cottage Natural Proteína Plus 0% materia grasa Carrefour Sensation 200 g.,"1,41 €","7,05 €/kg",https://www.carrefour.es/supermercado/queso-cottage-natural-proteina-plus-0-materia-grasa-carrefour-sensation-200-g/R-VC4AECOMM-322721/p,https://static.carrefour.es/hd_350x_/img_pim_food/322721_00_1.jpg,Disponible
08-04-2025,19:18:47,Productos Frescos,Berlinas bombón Donuts 4 ud.,"2,99 €","13,59 €/kg",https://www.carrefour.es/supermercado/berlinas-bombon-donuts-4-ud/R-715505824/p,https://static.carrefour.es/hd_350x_/img_pim_food/488506_00_1.jpg,Disponible
08-04-2025,19:18:47,Productos Frescos,Crema de queso Original Philadelphia 350 g.,"3,65 €","10,43 €/kg",https://www.carrefour.es/supermercado/crema-de-queso-original-philadelphia-350-g/R-704404251/p,https://static.carrefour.es/hd_350x_/img_pim_food/409343_00_1.jpg,Disponible
08-04-2025,19:18:47,Productos Frescos,Perejil manojo 150 g,1 €,"6,67 €/kg",https://www.carrefour.es/supermercado/perejil-manojo-150-g/R-521032285/p,https://static.carrefour.es/hd_350x_/img_pim_food/050311_00_1.jpg,Disponible
08-04-2025,19:18:47,Productos Frescos,Pan de antaño Carrefour 1 ud,"1,65 €","4,12 €/kg",https://www.carrefour.es/supermercado/pan-de-antano-carrefour-1-ud/R-fprod1180084/p,https://static.carrefour.es/hd_350x_/img_pim_food/219164_00_1.jpg,Disponible
08-04-2025,19:18:47,Productos Frescos,Panecillo 51% integral Carrefour 5 ud,"1,15 €","0,23 €/ud",https://www.carrefour.es/supermercado/panecillo-51-integral-carrefour-5-ud/R-837617109/p,https://static.carrefour.es/hd_350x_/img_pim_food/699135_00_1.jpg,Disponible
08-04-2025,19:18:47,Productos Frescos,Ensalada vital Carrefour El Mercado 150 g,"0,99 €","6,60 €/kg",https://www.carrefour.es/supermercado/ensalada-vital-carrefour-el-mercado-150-g/R-521032364/p,https://static.carrefour.es/hd_350x_/img_pim_food/641524_00_1.jpg,Agotado temporalmente
08-04-2025,19:18:47,Productos Frescos,Judía ancha 350 g,"2,05 €","5,86 €/kg",https://www.carrefour.es/supermercado/judia-ancha-350-g/R-VC4AECOMM-488114/p,https://static.carrefour.es/hd_350x_/img_pim_food/488114_00_1.jpg,Disponible
08-04-2025,19:18:47,Productos Frescos,Tomate natural rallado Carrefour 230 g,1 €,"4,35 €/kg",https://www.carrefour.es/supermercado/tomate-natural-rallado-carrefour-230-g/R-VC4AECOMM-186169/p,https://static.carrefour.es/hd_350x_/img_pim_food/186169_00_1.jpg,Disponible
08-04-2025,19:18:47,Productos Frescos,Uva bicolor Carrefour bandeja de 500 g,"2,95 €","5,90 €/kg",https://www.carrefour.es/supermercado/uva-bicolor-carrefour-bandeja-de-500-g/R-fprod1460461/p,https://static.carrefour.es/hd_350x_/img_pim_food/402110_00_1.jpg,Disponible
08-04-2025,19:18:47,Productos Frescos,Pan de chapata Gourmet Carrefour 380 g,"1,45 €","3,45 €/kg",https://www.carrefour.es/supermercado/pan-de-chapata-gourmet-carrefour-380-g/R-525964670/p,https://static.carrefour.es/hd_350x_/img_pim_food/262280_00_1.jpg,Disponible
08-04-2025,19:18:47,Productos Frescos,Cebolla dulce Carrefour 500 g,"1,88 €","3,76 €/kg",https://www.carrefour.es/supermercado/cebolla-dulce-carrefour-500-g/R-521032281/p,https://static.carrefour.es/hd_350x_/img_pim_food/795906_00_1.jpg,Disponible
08-04-2025,19:18:47,Productos Frescos,"Manzana golden Carrefour 1,5 kg aprox","2,92 €","1,95 €/kg",https://www.carrefour.es/supermercado/manzana-golden-carrefour-15-kg-aprox/R-VC4AECOMM-531314/p,https://static.carrefour.es/hd_350x_/img_pim_food/531314_00_1.jpg,Disponible
08-04-2025,19:18:47,Productos Frescos,Queso fresco Classic´ Carrefour 500 g,"1,99 €","3,98 €/kg",https://www.carrefour.es/supermercado/queso-fresco-classic-carrefour-500-g/R-VC4AECOMM-423570/p,https://static.carrefour.es/hd_350x_/img_pim_food/423570_00_1.jpg,Disponible
08-04-2025,19:18:47,Productos Frescos,Pechuga de Pavo cocida en lonchas finas Campofrío Finissimas sin gluten y sin lactosa 115 g,"2,15 €","18,70 €/kg",https://www.carrefour.es/supermercado/pechuga-de-pavo-cocida-en-lonchas-finas-campofrio-finissimas-sin-gluten-y-sin-lactosa-115-g/R-VC4AECOMM-699370/p,https://static.carrefour.es/hd_350x_/img_pim_food/699370_00_1.jpg,Disponible
08-04-2025,19:19:30,Productos Frescos,Queso de untar light Classic Carrefour 300 g.,"1,50 €",5 €/kg,https://www.carrefour.es/supermercado/queso-de-untar-light-classic-carrefour-300-g/R-804713850/p,https://static.carrefour.es/hd_350x_/img_pim_food/918952_00_1.jpg,Disponible
08-04-2025,19:19:30,Productos Frescos,Rúcula y canónigo Carrefour El Mercado 100 g,"1,35 €","13,50 €/kg",https://www.carrefour.es/supermercado/rucula-y-canonigo-carrefour-el-mercado-100-g/R-prod160425/p,https://static.carrefour.es/hd_350x_/img_pim_food/108556_00_1.jpg,Disponible
08-04-2025,19:19:30,Productos Frescos,Jamón cocido extra en lonchas sin colorantes Edición 1954 ElPozo sin gluten y sin lactosa 120 g,"1,99 €","13,27 €/kg",https://www.carrefour.es/supermercado/jamon-cocido-extra-en-lonchas-sin-colorantes-edicion-1954-elpozo-sin-gluten-y-sin-lactosa-120-g/R-prod261142/p,https://static.carrefour.es/hd_350x_/img_pim_food/710204_00_1.jpg,Disponible
08-04-2025,19:19:30,Productos Frescos,Berlina Fondant Donuts 204 g.,"2,99 €","14,66 €/kg",https://www.carrefour.es/supermercado/berlina-fondant-donuts-204-g/R-590204453/p,https://static.carrefour.es/hd_350x_/img_pim_food/153863_00_1.jpg,Disponible
08-04-2025,19:19:30,Productos Frescos,"Manzana roja 1,5 kg aprox","2,98 €","1,99 €/kg",https://www.carrefour.es/supermercado/manzana-roja-15-kg-aprox/R-VC4AECOMM-531337/p,https://static.carrefour.es/hd_350x_/img_pim_food/531337_00_1.jpg,Disponible
08-04-2025,19:19:30,Productos Frescos,Kiwi 1 kg aprox,"3,15 €","3,15 €/kg",https://www.carrefour.es/supermercado/kiwi-1-kg-aprox/R-530066908/p,https://static.carrefour.es/hd_350x_/img_pim_food/036041_00_1.jpg,Disponible
08-04-2025,19:19:30,Productos Frescos,Salchichas Frankfurt Campofrío sin gluten sin lactosa pack de 4 unidades de 140 g.,"2,25 €","4,02 €/kg",https://www.carrefour.es/supermercado/salchichas-frankfurt-campofrio-sin-gluten-sin-lactosa-pack-de-4-unidades-de-140-g/R-531705139/p,https://static.carrefour.es/hd_350x_/img_pim_food/177375_00_1.jpg,Disponible
08-04-2025,19:19:30,Productos Frescos,Pan Burger brioche Carrefour El Mercado 260 g,"2,83 €","10,88 €/kg",https://www.carrefour.es/supermercado/pan-burger-brioche-carrefour-el-mercado-260-g/R-VC4AECOMM-308678/p,https://static.carrefour.es/hd_350x_/img_pim_food/308678_00_1.jpg,Disponible
08-04-2025,19:19:30,Productos Frescos,Dorada de ración Carrefour 600 g aprox,"5,25 €","8,75 €/kg",https://www.carrefour.es/supermercado/dorada-de-racion-carrefour-600-g-aprox/R-628108203/p,https://static.carrefour.es/hd_350x_/img_pim_food/033389_00_1.jpg,Disponible
08-04-2025,19:19:30,Productos Frescos,Trenza maple pecan 98 g,"0,85 €","8,67 €/kg",https://www.carrefour.es/supermercado/trenza-maple-pecan-98-g/R-VC4AECOMM-497528/p,https://static.carrefour.es/hd_350x_/img_pim_food/497528_00_1.jpg,Disponible
08-04-2025,19:19:30,Productos Frescos,"Caballa 1,3 kg aprox",,"4,49 €/kg",https://www.carrefour.es/supermercado/caballa-13-kg-aprox/R-628108219/p,https://static.carrefour.es/hd_350x_/img_pim_food/033451_00_1.jpg,Disponible
08-04-2025,19:19:30,Productos Frescos,Patata para guarnición Carrefour 1 Kg,"2,49 €","2,49 €/kg",https://www.carrefour.es/supermercado/patata-para-guarnicion-carrefour-1-kg/R-693401847/p,https://static.carrefour.es/hd_350x_/img_pim_food/809256_00_1.jpg,Disponible
08-04-2025,19:19:30,Productos Frescos,Piña del Monte zero pieza 2 Kg aprox,,"1,85 €/kg",https://www.carrefour.es/supermercado/pina-del-monte-zero-pieza-2-kg-aprox/R-616401668/p,https://static.carrefour.es/hd_350x_/img_pim_food/017004_00_1.jpg,Disponible
08-04-2025,19:19:30,Productos Frescos,Alas de pollo Carrefour 1 kg aprox,"4,35 €","4,35 €/kg",https://www.carrefour.es/supermercado/alas-de-pollo-carrefour-1-kg-aprox/R-773501317/p,https://static.carrefour.es/hd_350x_/img_pim_food/293104_00_1.jpg,Disponible
08-04-2025,19:19:30,Productos Frescos,Manzana granny Círculo de Calidad 1 kg,"2,09 €","2,09 €/kg",https://www.carrefour.es/supermercado/manzana-granny-circulo-de-calidad-1-kg/R-529921821/p,https://static.carrefour.es/hd_350x_/img_pim_food/261963_00_1.jpg,Disponible
08-04-2025,19:19:30,Productos Frescos,Queso cheddar en lonchas Carrefour 200 g.,"1,99 €","9,95 €/kg",https://www.carrefour.es/supermercado/queso-cheddar-en-lonchas-carrefour-200-g/R-521030715/p,https://static.carrefour.es/hd_350x_/img_pim_food/695537_00_1.jpg,Disponible
08-04-2025,19:19:30,Productos Frescos,Croissant Carrefour 6 uds.,"2,94 €","0,49 €/ud",https://www.carrefour.es/supermercado/croissant-carrefour-6-uds/R-prod301383/p,https://static.carrefour.es/hd_350x_/img_pim_food/797368_00_1.jpg,Disponible
08-04-2025,19:19:30,Productos Frescos,Panecillos tostados clásicos Carrefour Extra 300 g.,"1,13 €","3,77 €/kg",https://www.carrefour.es/supermercado/panecillos-tostados-clasicos-carrefour-extra-300-g/R-VC4AECOMM-653635/p,https://static.carrefour.es/hd_350x_/img_pim_food/653635_00_1.jpg,Disponible
08-04-2025,19:19:30,Productos Frescos,Jamón curado en lonchas Navidul sin gluten 45 g.,"0,99 €",22 €/kg,https://www.carrefour.es/supermercado/jamon-curado-en-lonchas-navidul-sin-gluten-45-g/R-VC4AECOMM-698960/p,https://static.carrefour.es/hd_350x_/img_pim_food/698960_00_1.jpg,Disponible
08-04-2025,19:19:30,Productos Frescos,Brócoli Carrefour a granel 500 g aprox,"1,27 €","2,55 €/kg",https://www.carrefour.es/supermercado/brocoli-carrefour-a-granel-500-g-aprox/R-fprod1270119/p,https://static.carrefour.es/hd_350x_/img_pim_food/241502_00_1.jpg,Disponible
08-04-2025,19:19:30,Productos Frescos,Queso fresco Classic´ Carrefour 250 g,"1,09 €","4,36 €/kg",https://www.carrefour.es/supermercado/queso-fresco-classic-carrefour-250-g/R-VC4AECOMM-423583/p,https://static.carrefour.es/hd_350x_/img_pim_food/423583_00_1.jpg,Disponible
08-04-2025,19:19:30,Productos Frescos,Queso en Polvo especial pasta Carrefour sin gluten 150 g.,"1,34 €","8,93 €/kg",https://www.carrefour.es/supermercado/queso-en-polvo-especial-pasta-carrefour-sin-gluten-150-g/R-fprod1350064/p,https://static.carrefour.es/hd_350x_/img_pim_food/337179_00_1.jpg,Disponible
08-04-2025,19:19:30,Productos Frescos,Pechuguita de Pollo Asada al Horno en lonchas La Carloteña sin gluten 100 g,"2,19 €","21,90 €/kg",https://www.carrefour.es/supermercado/pechuguita-de-pollo-asada-al-horno-en-lonchas-la-carlotena-sin-gluten-100-g/R-774804025/p,https://static.carrefour.es/hd_350x_/img_pim_food/782938_00_1.jpg,Disponible
08-04-2025,19:19:30,Productos Frescos,Jamón Cocido Extra en lonchas finas Campofrío Finissimas sin gluten y sin lactosa 115 g,"2,15 €","18,70 €/kg",https://www.carrefour.es/supermercado/jamon-cocido-extra-en-lonchas-finas-campofrio-finissimas-sin-gluten-y-sin-lactosa-115-g/R-VC4AECOMM-699384/p,https://static.carrefour.es/hd_350x_/img_pim_food/699384_00_1.jpg,Disponible
08-04-2025,19:20:14,Productos Frescos,Serenitos con aceite de oliva selección gourmet 130 g,"2,03 €","15,62 €/kg",https://www.carrefour.es/supermercado/serenitos-con-aceite-de-oliva-seleccion-gourmet-130-g/R-791562805/p,https://static.carrefour.es/hd_350x_/img_pim_food/887178_00_1.jpg,Disponible
08-04-2025,19:20:14,Productos Frescos,Longaniza Blanca Carrefour El Mercado 500 g aprox,"3,14 €","6,29 €/kg",https://www.carrefour.es/supermercado/longaniza-blanca-carrefour-el-mercado-500-g-aprox/R-VC4AECOMM-058970/p,https://static.carrefour.es/hd_350x_/img_pim_food/058970_00_1.jpg,Disponible
08-04-2025,19:20:14,Productos Frescos,Mortadela en lonchas Carrefour El Mercado sin gluten 250 g,"1,35 €","5,40 €/kg",https://www.carrefour.es/supermercado/mortadela-en-lonchas-carrefour-el-mercado-sin-gluten-250-g/R-VC4AECOMM-710701/p,https://static.carrefour.es/hd_350x_/img_pim_food/710701_00_1.jpg,Disponible
08-04-2025,19:20:14,Productos Frescos,Arándanos Carrefour 500 g,"7,59 €","15,18 €/kg",https://www.carrefour.es/supermercado/arandanos-carrefour-500-g/R-VC4AECOMM-572288/p,https://static.carrefour.es/hd_350x_/img_pim_food/572288_00_1.jpg,Disponible
08-04-2025,19:20:14,Productos Frescos,Queso havarti en lonchas Carrefour 200 g.,"2,19 €","10,95 €/kg",https://www.carrefour.es/supermercado/queso-havarti-en-lonchas-carrefour-200-g/R-521030719/p,https://static.carrefour.es/hd_350x_/img_pim_food/695558_00_1.jpg,Disponible
08-04-2025,19:20:14,Productos Frescos,Ajo ecológico Carrefour Bio 3 uds,"2,29 €","11,45 €/kg",https://www.carrefour.es/supermercado/ajo-ecologico-carrefour-bio-3-uds/R-646001855/p,https://static.carrefour.es/hd_350x_/img_pim_food/091970_00_1.jpg,Disponible
08-04-2025,19:20:14,Productos Frescos,Croissant Frankfurt Campofrio 1 ud,"1,05 €","1,05 €/ud",https://www.carrefour.es/supermercado/croissant-frankfurt-campofrio-1-ud/R-prod1160265/p,https://static.carrefour.es/hd_350x_/img_pim_food/925179_00_1.jpg,Disponible
08-04-2025,19:20:14,Productos Frescos,Pan bocata sin aditivos Carrefour 4 ud,"1,31 €","3,27 €/kg",https://www.carrefour.es/supermercado/pan-bocata-sin-aditivos-carrefour-4-ud/R-prod890105/p,https://static.carrefour.es/hd_350x_/img_pim_food/035496_00_1.jpg,Disponible
08-04-2025,19:20:14,Productos Frescos,Ensalada completa César con pollo y queso Florette 205 g,"3,39 €","16,14 €/kg",https://www.carrefour.es/supermercado/ensalada-completa-cesar-con-pollo-y-queso-florette-205-g/R-719504433/p,https://static.carrefour.es/hd_350x_/img_pim_food/319665_00_1.jpg,Disponible
08-04-2025,19:20:14,Productos Frescos,Limón ecológico Carrefour Bio 500 g,"2,15 €","4,30 €/kg",https://www.carrefour.es/supermercado/limon-ecologico-carrefour-bio-500-g/R-584501555/p,https://static.carrefour.es/hd_350x_/img_pim_food/738651_00_1.jpg,Disponible
08-04-2025,19:20:14,Productos Frescos,Queso fresco batido desnatado Carrefour Classic 500 g.,"0,99 €","1,98 €/kg",https://www.carrefour.es/supermercado/queso-fresco-batido-desnatado-carrefour-classic-500-g/R-526501224/p,https://static.carrefour.es/hd_350x_/img_pim_food/277000_00_1.jpg,Disponible
08-04-2025,19:20:14,Productos Frescos,"Arreglo para cocido Carrefour 1,2 kg aprox","2,51 €","2,09 €/kg",https://www.carrefour.es/supermercado/arreglo-para-cocido-carrefour-12-kg-aprox/R-VC4AECOMM-444527/p,https://static.carrefour.es/hd_350x_/img_pim_food/444527_00_1.jpg,Disponible
08-04-2025,19:20:14,Productos Frescos,Queso emmental taco Carrefour 250 g,"2,25 €",9 €/kg,https://www.carrefour.es/supermercado/queso-emmental-taco-carrefour-250-g/R-VC4AECOMM-681470/p,https://static.carrefour.es/hd_350x_/img_pim_food/681470_00_1.jpg,Disponible
08-04-2025,19:20:14,Productos Frescos,Mortadela con Aceitunas en lonchas Carrefour El Mercado sin gluten 250 g,"1,35 €","5,40 €/kg",https://www.carrefour.es/supermercado/mortadela-con-aceitunas-en-lonchas-carrefour-el-mercado-sin-gluten-250-g/R-VC4AECOMM-710730/p,https://static.carrefour.es/hd_350x_/img_pim_food/710730_00_1.jpg,Disponible
08-04-2025,19:20:14,Productos Frescos,Jamón curado en medias lonchas El Pozo 1954 sin gluten y sin lactosa 50 g,"0,99 €","19,80 €/kg",https://www.carrefour.es/supermercado/jamon-curado-en-medias-lonchas-el-pozo-1954-sin-gluten-y-sin-lactosa-50-g/R-VC4AECOMM-338992/p,https://static.carrefour.es/hd_350x_/img_pim_food/338992_00_1.jpg,Disponible
08-04-2025,19:20:14,Productos Frescos,Corazón de cogollos Circulo de Calidad x 6 ud,"2,15 €","4,30 €/kg",https://www.carrefour.es/supermercado/corazon-de-cogollos-circulo-de-calidad-x-6-ud/R-521032337/p,https://static.carrefour.es/hd_350x_/img_pim_food/390584_00_1.jpg,Disponible
08-04-2025,19:20:14,Productos Frescos,Pechuga de Pavo braseada en lonchas finas Campofrío Finissimas sin gluten y sin lactosa 115 g,"1,89 €","16,43 €/kg",https://www.carrefour.es/supermercado/pechuga-de-pavo-braseada-en-lonchas-finas-campofrio-finissimas-sin-gluten-y-sin-lactosa-115-g/R-VC4AECOMM-695342/p,https://static.carrefour.es/hd_350x_/img_pim_food/695342_00_1.jpg,Disponible
08-04-2025,19:20:14,Productos Frescos,Chorizo Pamplona en lonchas Revilla sin gluten 65 g.,"1,09 €","15,57 €/kg",https://www.carrefour.es/supermercado/chorizo-pamplona-en-lonchas-revilla-sin-gluten-65-g/R-prod841658/p,https://static.carrefour.es/hd_350x_/img_pim_food/699043_00_1.jpg,Disponible
08-04-2025,19:20:14,Productos Frescos,Croissant beurre charentes poitou 80 g,"0,72 €",9 €/kg,https://www.carrefour.es/supermercado/croissant-beurre-charentes-poitou-80-g/R-prod1130532/p,https://static.carrefour.es/hd_350x_/img_pim_food/188404_00_1.jpg,Disponible
08-04-2025,19:20:14,Productos Frescos,Pechuga de pavo natural asada al corte Frial sin gluten y sin lactosa 150 g aprox,,"16,92 €/kg",https://www.carrefour.es/supermercado/pechuga-de-pavo-natural-asada-al-corte-frial-sin-gluten-y-sin-lactosa-150-g-aprox/R-590503830/p,https://static.carrefour.es/hd_350x_/img_pim_food/242516_00_1.jpg,Disponible
08-04-2025,19:20:14,Productos Frescos,Salami extra en lonchas Revilla sin gluten 65 g.,"1,09 €","15,57 €/kg",https://www.carrefour.es/supermercado/salami-extra-en-lonchas-revilla-sin-gluten-65-g/R-VC4AECOMM-699046/p,https://static.carrefour.es/hd_350x_/img_pim_food/699046_00_1.jpg,Disponible
08-04-2025,19:20:14,Productos Frescos,Jamón cocido extra ElPozo 1954 Premium Gourmet sin gluten y sin lactosa 130 g,"2,79 €","21,46 €/kg",https://www.carrefour.es/supermercado/jamon-cocido-extra-elpozo-1954-premium-gourmet-sin-gluten-y-sin-lactosa-130-g/R-VC4AECOMM-193022/p,https://static.carrefour.es/hd_350x_/img_pim_food/193022_00_1.jpg,Disponible
08-04-2025,19:20:14,Productos Frescos,Pan Burguer chapatta cristalina 2 ud.,"1,47 €","6,39 €/kg",https://www.carrefour.es/supermercado/pan-burguer-chapatta-cristalina-2-ud/R-prod860386/p,https://static.carrefour.es/hd_350x_/img_pim_food/386865_00_1.jpg,Disponible
08-04-2025,19:20:14,Productos Frescos,Filete de cabeza de lomo de cerdo Carrefour 500 g aprox,,"6,29 €/kg",https://www.carrefour.es/supermercado/filete-de-cabeza-de-lomo-de-cerdo-carrefour-500-g-aprox/R-521034617/p,https://static.carrefour.es/hd_350x_/img_pim_food/152237_00_1.jpg,Disponible
08-04-2025,19:20:57,Productos Frescos,Chorizo extra picante Carrefour sin gluten 280 g.,"2,69 €","9,61 €/kg",https://www.carrefour.es/supermercado/chorizo-extra-picante-carrefour-sin-gluten-280-g/R-VC4AECOMM-709827/p,https://static.carrefour.es/hd_350x_/img_pim_food/709827_00_1.jpg,Disponible
08-04-2025,19:20:57,Productos Frescos,Fuet espetec Carrefour Classic sin gluten 2x170 g,"3,99 €","11,74 €/kg",https://www.carrefour.es/supermercado/fuet-espetec-carrefour-classic-sin-gluten-2x170-g/R-prod1120404/p,https://static.carrefour.es/hd_350x_/img_pim_food/709945_00_1.jpg,Disponible
08-04-2025,19:20:57,Productos Frescos,Panecillo 100% integral 6 ud.,"1,05 €","0,18 €/ud",https://www.carrefour.es/supermercado/panecillo-100-integral-6-ud/R-VC4AECOMM-498739/p,https://static.carrefour.es/hd_350x_/img_pim_food/498739_00_1.jpg,Disponible
08-04-2025,19:20:57,Productos Frescos,Contras de pollo Carrefour 600 g aprox,,"3,59 €/kg",https://www.carrefour.es/supermercado/contras-de-pollo-carrefour-600-g-aprox/R-713621738/p,https://static.carrefour.es/hd_350x_/img_pim_food/293111_00_1.jpg,Disponible
08-04-2025,19:20:57,Productos Frescos,Pimiento de padrón 200 g,"1,65 €","8,25 €/kg",https://www.carrefour.es/supermercado/pimiento-de-padron-200-g/R-521032234/p,https://static.carrefour.es/hd_350x_/img_pim_food/053886_00_1.jpg,Disponible
08-04-2025,19:20:57,Productos Frescos,Salchichón extra Revilla sin gluten 65 g.,"1,09 €","15,57 €/kg",https://www.carrefour.es/supermercado/salchichon-extra-revilla-sin-gluten-65-g/R-VC4AECOMM-699225/p,https://static.carrefour.es/hd_350x_/img_pim_food/699225_00_1.jpg,Disponible
08-04-2025,19:20:57,Productos Frescos,Brioche Trenzado 400 g,"3,79 €","9,47 €/kg",https://www.carrefour.es/supermercado/brioche-trenzado-400-g/R-prod1120125/p,https://static.carrefour.es/hd_350x_/img_pim_food/158038_00_1.jpg,Disponible
08-04-2025,19:20:57,Productos Frescos,Medio flautín con cereales Carrefour 1 ud,"0,43 €","0,43 €/ud",https://www.carrefour.es/supermercado/medio-flautin-con-cereales-carrefour-1-ud/R-VC4AECOMM-220198/p,https://static.carrefour.es/hd_350x_/img_pim_food/220198_00_1.jpg,Disponible
08-04-2025,19:20:57,Productos Frescos,Jamón cocido extra en finas lonchas Carrefour El Mercado sin gluten 200 g,"2,09 €","10,45 €/kg",https://www.carrefour.es/supermercado/jamon-cocido-extra-en-finas-lonchas-carrefour-el-mercado-sin-gluten-200-g/R-VC4AECOMM-050697/p,https://static.carrefour.es/hd_350x_/img_pim_food/050697_00_1.jpg,Disponible
08-04-2025,19:20:57,Productos Frescos,Patata baby al vapor para microondas El Mercado Carrefour bolsa de 400 g,"1,19 €","2,97 €/kg",https://www.carrefour.es/supermercado/patata-baby-al-vapor-para-microondas-el-mercado-carrefour-bolsa-de-400-g/R-VC4AECOMM-492575/p,https://static.carrefour.es/hd_350x_/img_pim_food/492575_00_1.jpg,Disponible
08-04-2025,19:20:57,Productos Frescos,Mortadela clásica en lonchas Campofrío sin gluten 95 g,"0,99 €","1,04 €/kg",https://www.carrefour.es/supermercado/mortadela-clasica-en-lonchas-campofrio-sin-gluten-95-g/R-VC4AECOMM-695380/p,https://static.carrefour.es/hd_350x_/img_pim_food/695380_00_1.jpg,Disponible
08-04-2025,19:20:57,Productos Frescos,Jengibre ecológico 200 g,"1,69 €","8,45 €/kg",https://www.carrefour.es/supermercado/jengibre-ecologico-200-g/R-prod1000454/p,https://static.carrefour.es/hd_350x_/img_pim_food/080049_00_1.jpg,Disponible
08-04-2025,19:20:57,Productos Frescos,Zumo de naranja recién exprimido Carrefour 250 ml,"1,99 €","7,96 €/l",https://www.carrefour.es/supermercado/zumo-de-naranja-recien-exprimido-carrefour-250-ml/R-VC4AECOMM-444973/p,https://static.carrefour.es/hd_350x_/img_pim_food/444973_00_1.jpg,Disponible
08-04-2025,19:20:57,Productos Frescos,Jamón cocido extra sin fosfatos Bonnatur Argal al corte 150 g aprox,"2,32 €","15,50 €/kg",https://www.carrefour.es/supermercado/jamon-cocido-extra-sin-fosfatos-bonnatur-argal-al-corte-150-g-aprox/R-536500299/p,https://static.carrefour.es/hd_350x_/img_pim_food/640707_00_1.jpg,Disponible
08-04-2025,19:20:57,Productos Frescos,Calabaza cortada Carrefour 500 g,"1,95 €","3,90 €/kg",https://www.carrefour.es/supermercado/calabaza-cortada-carrefour-500-g/R-VC4AECOMM-462667/p,https://static.carrefour.es/hd_350x_/img_pim_food/462667_00_1.jpg,Disponible
08-04-2025,19:20:57,Productos Frescos,Pechuga de pavo en finas lonchas El Pozo Bienstar sin gluten y sin lactosa 65 g,"0,99 €","11,65 €/kg",https://www.carrefour.es/supermercado/pechuga-de-pavo-en-finas-lonchas-el-pozo-bienstar-sin-gluten-y-sin-lactosa-65-g/R-VC4AECOMM-710670/p,https://static.carrefour.es/hd_350x_/img_pim_food/710670_00_1.jpg,Disponible
08-04-2025,19:20:57,Productos Frescos,Burgermeat Original de Vacuno Carrefour El Mercado 2x180 g,"4,79 €","13,31 €/kg",https://www.carrefour.es/supermercado/burgermeat-original-de-vacuno-carrefour-el-mercado-2x180-g/R-VC4AECOMM-053271/p,https://static.carrefour.es/hd_350x_/img_pim_food/053271_00_1.jpg,Disponible
08-04-2025,19:20:57,Productos Frescos,Berlinas de azúcar Carrefour 4 ud,"1,35 €","0,34 €/ud",https://www.carrefour.es/supermercado/berlinas-de-azucar-carrefour-4-ud/R-696602450/p,https://static.carrefour.es/hd_350x_/img_pim_food/095601_00_1.jpg,Disponible
08-04-2025,19:20:57,Productos Frescos,Salchichas classic Wieners Oscar Mayer sin gluten 200 g.,"1,25 €","6,25 €/kg",https://www.carrefour.es/supermercado/salchichas-classic-wieners-oscar-mayer-sin-gluten-200-g/R-521031119/p,https://static.carrefour.es/hd_350x_/img_pim_food/003292_00_1.jpg,Disponible
08-04-2025,19:20:57,Productos Frescos,Endivia Carrefour 350 g,"1,45 €","4,14 €/ud",https://www.carrefour.es/supermercado/endivia-carrefour-350-g/R-VC4AECOMM-235375/p,https://static.carrefour.es/hd_350x_/img_pim_food/235375_00_1.jpg,Disponible
08-04-2025,19:20:57,Productos Frescos,Queso de Vaca Tierno Provolone con Orégano Carrefour Extra pieza de 150 g,"1,93 €","12,87 €/kg",https://www.carrefour.es/supermercado/queso-de-vaca-tierno-provolone-con-oregano-carrefour-extra-pieza-de-150-g/R-VC4AECOMM-688449/p,https://static.carrefour.es/hd_350x_/img_pim_food/688449_00_1.jpg,Disponible
08-04-2025,19:20:57,Productos Frescos,Mini redondos de chocolate Carrefour 160 g.,"1,79 €","11,19 €/kg",https://www.carrefour.es/supermercado/mini-redondos-de-chocolate-carrefour-160-g/R-800535021/p,https://static.carrefour.es/hd_350x_/img_pim_food/906655_00_1.jpg,Disponible
08-04-2025,19:20:57,Productos Frescos,Kiwi verde Carrefour 750 g,"2,25 €",3 €/kg,https://www.carrefour.es/supermercado/kiwi-verde-carrefour-750-g/R-VC4AECOMM-624991/p,https://static.carrefour.es/hd_350x_/img_pim_food/624991_00_1.jpg,Disponible
08-04-2025,19:20:57,Productos Frescos,Fiambre de York Sándwich en lonchas Carrefour El Mercado sin gluten 300 g,"2,05 €","6,83 €/kg",https://www.carrefour.es/supermercado/fiambre-de-york-sandwich-en-lonchas-carrefour-el-mercado-sin-gluten-300-g/R-VC4AECOMM-710699/p,https://static.carrefour.es/hd_350x_/img_pim_food/710699_00_1.jpg,Disponible
08-04-2025,19:21:40,Productos Frescos,Ensalada gourmet Carrefour El Mercado 320 g,"1,75 €","5,47 €/kg",https://www.carrefour.es/supermercado/ensalada-gourmet-carrefour-el-mercado-320-g/R-521032361/p,https://static.carrefour.es/hd_350x_/img_pim_food/621854_00_1.jpg,Disponible
08-04-2025,19:21:40,Productos Frescos,Queso rallado en polvo El Caserio 80 g.,"1,70 €","21,25 €/kg",https://www.carrefour.es/supermercado/queso-rallado-en-polvo-el-caserio-80-g/R-VC4AECOMM-167043/p,https://static.carrefour.es/hd_350x_/img_pim_food/167043_00_1.jpg,Disponible
08-04-2025,19:21:40,Productos Frescos,Langostino cocido (40/60 ud) 1 kg aprox,,"8,99 €/kg",https://www.carrefour.es/supermercado/langostino-cocido-40-60-ud-1-kg-aprox/R-529043343/p,https://static.carrefour.es/hd_350x_/img_pim_food/231984_00_1.jpg,Disponible
08-04-2025,19:21:40,Productos Frescos,Calabaza sepallo Carrefour 2 kg aprox,"4,10 €","2,05 €/kg",https://www.carrefour.es/supermercado/calabaza-sepallo-carrefour-2-kg-aprox/R-VC4AECOMM-462664/p,https://static.carrefour.es/hd_350x_/img_pim_food/462664_00_1.jpg,Disponible
08-04-2025,19:21:40,Productos Frescos,Ensalada gourmet Carrefour El Mercado 200 g,"1,15 €","5,75 €/kg",https://www.carrefour.es/supermercado/ensalada-gourmet-carrefour-el-mercado-200-g/R-521032378/p,https://static.carrefour.es/hd_350x_/img_pim_food/261723_00_1.jpg,Disponible
08-04-2025,19:21:40,Productos Frescos,Pan de la abuela integral 100%,"1,64 €","4,56 €/kg",https://www.carrefour.es/supermercado/pan-de-la-abuela-integral-100/R-VC4AECOMM-550656/p,https://static.carrefour.es/hd_350x_/img_pim_food/550656_00_1.jpg,Disponible
08-04-2025,19:21:40,Productos Frescos,Jamoncitos de pollo Carrefour 600 g aprox,,"3,39 €/kg",https://www.carrefour.es/supermercado/jamoncitos-de-pollo-carrefour-600-g-aprox/R-713621736/p,https://static.carrefour.es/hd_350x_/img_pim_food/293108_00_1.jpg,Disponible
08-04-2025,19:21:40,Productos Frescos,Queso mozzarella Italiana Galbani 125 g.,"2,09 €","16,72 €/kg",https://www.carrefour.es/supermercado/queso-mozzarella-italiana-galbani-125-g/R-521030592/p,https://static.carrefour.es/hd_350x_/img_pim_food/066871_00_1.jpg,Disponible
08-04-2025,19:21:40,Productos Frescos,Lasaña boloñesa Carrefour el Mercado 350 g,"2,50 €","7,14 €/kg",https://www.carrefour.es/supermercado/lasana-bolonesa-carrefour-el-mercado-350-g/R-525888095/p,https://static.carrefour.es/hd_350x_/img_pim_food/274162_00_1.jpg,Disponible
08-04-2025,19:21:40,Productos Frescos,Escalopines de lomo de cerdo fresco marinado El Pozo Extratiernos 600 g,"5,59 €","9,32 €/kg",https://www.carrefour.es/supermercado/escalopines-de-lomo-de-cerdo-fresco-marinado-el-pozo-extratiernos-600-g/R-605301855/p,https://static.carrefour.es/hd_350x_/img_pim_food/284171_00_1.jpg,Disponible
08-04-2025,19:21:40,Productos Frescos,Queso en lonchas semicurado Carrefour 200 g.,"2,35 €","11,75 €/kg",https://www.carrefour.es/supermercado/queso-en-lonchas-semicurado-carrefour-200-g/R-521030525/p,https://static.carrefour.es/hd_350x_/img_pim_food/584075_00_1.jpg,Disponible
08-04-2025,19:21:40,Productos Frescos,Mini fuet Carrefour El Mercado sin gluten 50 g,"1,09 €","21,80 €/kg",https://www.carrefour.es/supermercado/mini-fuet-carrefour-el-mercado-sin-gluten-50-g/R-VC4AECOMM-709939/p,https://static.carrefour.es/hd_350x_/img_pim_food/709939_00_1.jpg,Disponible
08-04-2025,19:21:40,Productos Frescos,Queso fundido en porciones Carrefour Kids 400 g.,"2,45 €","6,12 €/kg",https://www.carrefour.es/supermercado/queso-fundido-en-porciones-carrefour-kids-400-g/R-521007332/p,https://static.carrefour.es/hd_350x_/img_pim_food/793398_00_1.jpg,Disponible
08-04-2025,19:21:40,Productos Frescos,Manzana roja 1 kg aprox,"2,25 €","2,25 €/kg",https://www.carrefour.es/supermercado/manzana-roja-1-kg-aprox/R-529921823/p,https://static.carrefour.es/hd_350x_/img_pim_food/261964_00_1.jpg,Disponible
08-04-2025,19:21:40,Productos Frescos,Alas de pollo adobadas partidas Carrefour 550 g aprox,,"4,39 €/kg",https://www.carrefour.es/supermercado/alas-de-pollo-adobadas-partidas-carrefour-550-g-aprox/R-VC4AECOMM-062836/p,https://static.carrefour.es/hd_350x_/img_pim_food/062836_00_1.jpg,Disponible
08-04-2025,19:21:40,Productos Frescos,Berlinas bombón Carrefour 4 ud,"1,56 €","0,39 €/ud",https://www.carrefour.es/supermercado/berlinas-bombon-carrefour-4-ud/R-696602452/p,https://static.carrefour.es/hd_350x_/img_pim_food/095604_00_1.jpg,Disponible
08-04-2025,19:21:40,Productos Frescos,Chuletas de Pavo Marinadas al Ajillo Carrefour 450 g aprox,"3,04 €","6,75 €/kg",https://www.carrefour.es/supermercado/chuletas-de-pavo-marinadas-al-ajillo-carrefour-450-g-aprox/R-prod780286/p,https://static.carrefour.es/hd_350x_/img_pim_food/268792_00_1.jpg,Disponible
08-04-2025,19:21:40,Productos Frescos,Salchichas con queso fundido estilo frankfurt Carrefour pack de 4 sobres de 140 g.,"1,85 €","3,30 €/kg",https://www.carrefour.es/supermercado/salchichas-con-queso-fundido-estilo-frankfurt-carrefour-pack-de-4-sobres-de-140-g/R-fprod1460356/p,https://static.carrefour.es/hd_350x_/img_pim_food/399377_00_1.jpg,Disponible
08-04-2025,19:21:40,Productos Frescos,"Pechuga de pollo Carrefour 1,2 kg aprox","6,90 €","5,75 €/kg",https://www.carrefour.es/supermercado/pechuga-de-pollo-carrefour-12-kg-aprox/R-827513087/p,https://static.carrefour.es/hd_350x_/img_pim_food/961474_00_1.jpg,Disponible
08-04-2025,19:21:40,Productos Frescos,Napolitana Chocolate 1 ud.,"0,89 €","0,89 €/ud",https://www.carrefour.es/supermercado/napolitana-chocolate-1-ud/R-VC4AECOMM-086386/p,https://static.carrefour.es/hd_350x_/img_pim_food/086386_00_1.jpg,Disponible
08-04-2025,19:21:40,Productos Frescos,Ensalada César Carrefour 215 g,"2,39 €","11,38 €/kg",https://www.carrefour.es/supermercado/ensalada-cesar-carrefour-215-g/R-844803399/p,https://static.carrefour.es/hd_350x_/img_pim_food/988650_00_1.jpg,Disponible
08-04-2025,19:21:40,Productos Frescos,Medio flautín con olivas 1 ud.,"0,43 €","0,43 €/ud",https://www.carrefour.es/supermercado/medio-flautin-con-olivas-1-ud/R-VC4AECOMM-220201/p,https://static.carrefour.es/hd_350x_/img_pim_food/220201_00_1.jpg,Disponible
08-04-2025,19:21:40,Productos Frescos,Fuet casero ElPozo sin gluten 150 g,"2,69 €","17,93 €/kg",https://www.carrefour.es/supermercado/fuet-casero-elpozo-sin-gluten-150-g/R-VC4AECOMM-710633/p,https://static.carrefour.es/hd_350x_/img_pim_food/710633_00_1.jpg,Disponible
08-04-2025,19:21:40,Productos Frescos,Jamón curado en lonchas El Pozo 1954 sin gluten y sin lactosa 80 g,"1,50 €","18,75 €/kg",https://www.carrefour.es/supermercado/jamon-curado-en-lonchas-el-pozo-1954-sin-gluten-y-sin-lactosa-80-g/R-VC4AECOMM-710124/p,https://static.carrefour.es/hd_350x_/img_pim_food/710124_00_1.jpg,Disponible
08-04-2025,19:22:22,Productos Frescos,Queso rallado parmesano Carrefour Extra 100 g.,"2,99 €","29,90 €/kg",https://www.carrefour.es/supermercado/queso-rallado-parmesano-carrefour-extra-100-g/R-522714749/p,https://static.carrefour.es/hd_350x_/img_pim_food/264543_00_1.jpg,Disponible
08-04-2025,19:22:22,Productos Frescos,Pechuga de pollo fileteada Carrefour 1 kg aprox,"7,29 €","7,29 €/kg",https://www.carrefour.es/supermercado/pechuga-de-pollo-fileteada-carrefour-1-kg-aprox/R-714713283/p,https://static.carrefour.es/hd_350x_/img_pim_food/471148_00_1.jpg,Disponible
08-04-2025,19:22:22,Productos Frescos,Ensaladilla rusa 300 g,"2,70 €",9 €/kg,https://www.carrefour.es/supermercado/ensaladilla-rusa-300-g/R-VC4AECOMM-552682/p,https://static.carrefour.es/hd_350x_/img_pim_food/552682_00_1.jpg,Disponible
08-04-2025,19:22:22,Productos Frescos,Barra de Pan Carefour 250 g,"0,49 €","1,96 €/kg",https://www.carrefour.es/supermercado/barra-de-pan-carefour-250-g/R-607402643/p,https://static.carrefour.es/hd_350x_/img_pim_food/523454_00_1.jpg,Disponible
08-04-2025,19:22:22,Productos Frescos,Jamón cocido extra en lonchas El Pozo sin gluten y sin lactosa 225 g,"2,79 €","13,95 €/kg",https://www.carrefour.es/supermercado/jamon-cocido-extra-en-lonchas-el-pozo-sin-gluten-y-sin-lactosa-225-g/R-VC4AECOMM-710118/p,https://static.carrefour.es/hd_350x_/img_pim_food/710118_00_1.jpg,Disponible
08-04-2025,19:22:22,Productos Frescos,Chopped pork en lonchas Campofrío sin gluten 95 g,"0,99 €","10,42 €/kg",https://www.carrefour.es/supermercado/chopped-pork-en-lonchas-campofrio-sin-gluten-95-g/R-VC4AECOMM-695384/p,https://static.carrefour.es/hd_350x_/img_pim_food/695384_00_1.jpg,Disponible
08-04-2025,19:22:22,Productos Frescos,Tomate rosa Carrefour 500 g aprox,"1,72 €","3,45 €/kg",https://www.carrefour.es/supermercado/tomate-rosa-carrefour-500-g-aprox/R-VC4AECOMM-646389/p,https://static.carrefour.es/hd_350x_/img_pim_food/646389_00_1.jpg,Disponible
08-04-2025,19:22:22,Productos Frescos,Queso fundido en porciones La Vaca Que Ríe sin gluten 375 g.,"4,05 €","10,80 €/kg",https://www.carrefour.es/supermercado/queso-fundido-en-porciones-la-vaca-que-rie-sin-gluten-375-g/R-521034700/p,https://static.carrefour.es/hd_350x_/img_pim_food/380507_00_1.jpg,Disponible
08-04-2025,19:22:22,Productos Frescos,Pechuga de Pavo Cocida NaturArte Campofrío 150 g aprox,"2,39 €","15,95 €/kg",https://www.carrefour.es/supermercado/pechuga-de-pavo-cocida-naturarte-campofrio-150-g-aprox/R-765504637/p,https://static.carrefour.es/hd_350x_/img_pim_food/427260_00_1.jpg,Disponible
08-04-2025,19:22:22,Productos Frescos,Palmerón de hojaldre de chocolate XXL Carrefour 400 g,"1,99 €","1,99 €/ud",https://www.carrefour.es/supermercado/palmeron-de-hojaldre-de-chocolate-xxl-carrefour-400-g/R-716511222/p,https://static.carrefour.es/hd_350x_/img_pim_food/496501_00_1.jpg,Disponible
08-04-2025,19:22:22,Productos Frescos,Caracola Plus 1 ud.,"0,80 €","0,80 €/ud",https://www.carrefour.es/supermercado/caracola-plus-1-ud/R-VC4AECOMM-938842/p,https://static.carrefour.es/hd_350x_/img_pim_food/938842_00_1.jpg,Disponible
08-04-2025,19:22:22,Productos Frescos,Sándwich atún Carrefour 140 g,"1,38 €","9,86 €/kg",https://www.carrefour.es/supermercado/sandwich-atun-carrefour-140-g/R-VC4AECOMM-676224/p,https://static.carrefour.es/hd_350x_/img_pim_food/676224_00_1.jpg,Disponible
08-04-2025,19:22:22,Productos Frescos,Jamón de cerdo troceado Carrefour 600 g aprox,"3,29 €","5,49 €/kg",https://www.carrefour.es/supermercado/jamon-de-cerdo-troceado-carrefour-600-g-aprox/R-521032507/p,https://static.carrefour.es/hd_350x_/img_pim_food/047350_00_1.jpg,Disponible
08-04-2025,19:22:22,Productos Frescos,Baguettina congelada sin gluten 1 ud,"1,14 €","10,36 €/kg",https://www.carrefour.es/supermercado/baguettina-congelada-sin-gluten-1-ud/R-607225987/p,https://static.carrefour.es/hd_350x_/img_pim_food/799678_00_1.jpg,Disponible
08-04-2025,19:22:22,Productos Frescos,"Pera conferencia Carrefour 1,5 kg aprox","3,37 €","2,25 €/kg",https://www.carrefour.es/supermercado/pera-conferencia-carrefour-15-kg-aprox/R-VC4AECOMM-531311/p,https://static.carrefour.es/hd_350x_/img_pim_food/531311_00_1.jpg,Disponible
08-04-2025,19:22:22,Productos Frescos,Galleta cookie triple chocolate 1 ud.,"1,05 €","13,12 €/kg",https://www.carrefour.es/supermercado/galleta-cookie-triple-chocolate-1-ud/R-VC4AECOMM-313703/p,https://static.carrefour.es/hd_350x_/img_pim_food/313703_00_1.jpg,Disponible
08-04-2025,19:22:22,Productos Frescos,Hongo portobello Carrefour 300 g aprox,"2,16 €","7,19 €/kg",https://www.carrefour.es/supermercado/hongo-portobello-carrefour-300-g-aprox/R-fprod1220456/p,https://static.carrefour.es/hd_350x_/img_pim_food/279286_00_1.jpg,Disponible
08-04-2025,19:22:22,Productos Frescos,queso havarti light en lonchas Carrefour 200 g.,"2,19 €","10,95 €/kg",https://www.carrefour.es/supermercado/queso-havarti-light-en-lonchas-carrefour-200-g/R-521030721/p,https://static.carrefour.es/hd_350x_/img_pim_food/695563_00_1.jpg,Disponible
08-04-2025,19:22:22,Productos Frescos,Puerro Círculo de Calidad 500 g,"2,39 €","4,78 €/kg",https://www.carrefour.es/supermercado/puerro-circulo-de-calidad-500-g/R-prod223075/p,https://static.carrefour.es/hd_350x_/img_pim_food/240832_00_1.jpg,Disponible
08-04-2025,19:22:22,Productos Frescos,Magdalenas redondas La Bella Easo 16 ud.,"2,99 €","6,44 €/kg",https://www.carrefour.es/supermercado/magdalenas-redondas-la-bella-easo-16-ud/R-701717791/p,https://static.carrefour.es/hd_350x_/img_pim_food/400811_00_1.jpg,Disponible
08-04-2025,19:22:22,Productos Frescos,Queso rallado mix Simpl 200 g.,"1,35 €","6,75 €/kg",https://www.carrefour.es/supermercado/queso-rallado-mix-simpl-200-g/R-VC4AECOMM-252673/p,https://static.carrefour.es/hd_350x_/img_pim_food/252673_00_1.jpg,Disponible
08-04-2025,19:22:22,Productos Frescos,Jamón reserva curado en lonchas Serie Oro El Pozo 1954 sin gluten y sin lactosa 180 g,,"22,17 €/kg",https://www.carrefour.es/supermercado/jamon-reserva-curado-en-lonchas-serie-oro-el-pozo-1954-sin-gluten-y-sin-lactosa-180-g/R-VC4AECOMM-338990/p,https://static.carrefour.es/hd_350x_/img_pim_food/338990_00_1.jpg,Disponible
08-04-2025,19:22:22,Productos Frescos,Pechuga de pavo en finas lonchas Carrefour El Mercado sin gluten 200 g,"2,29 €","11,45 €/kg",https://www.carrefour.es/supermercado/pechuga-de-pavo-en-finas-lonchas-carrefour-el-mercado-sin-gluten-200-g/R-VC4AECOMM-050786/p,https://static.carrefour.es/hd_350x_/img_pim_food/050786_00_1.jpg,Disponible
08-04-2025,19:22:22,Productos Frescos,Pechuga de pavo fileteada Carrefour 600 g aprox,,"7,49 €/kg",https://www.carrefour.es/supermercado/pechuga-de-pavo-fileteada-carrefour-600-g-aprox/R-prod920182/p,https://static.carrefour.es/hd_350x_/img_pim_food/039636_00_1.jpg,Disponible
08-04-2025,19:23:04,Productos Frescos,Pechuga de pavo sin grasa El Pozo Bienstar sin gluten sin lactosa 340 g.,"3,69 €","10,85 €/kg",https://www.carrefour.es/supermercado/pechuga-de-pavo-sin-grasa-el-pozo-bienstar-sin-gluten-sin-lactosa-340-g/R-VC4AECOMM-711069/p,https://static.carrefour.es/hd_350x_/img_pim_food/711069_00_1.jpg,Disponible
08-04-2025,19:23:04,Productos Frescos,Queso camembert cremoso Carrefour 250 g,"2,09 €","8,36 €/kg",https://www.carrefour.es/supermercado/queso-camembert-cremoso-carrefour-250-g/R-VC4AECOMM-685818/p,https://static.carrefour.es/hd_350x_/img_pim_food/685818_00_1.jpg,Disponible
08-04-2025,19:23:04,Productos Frescos,Bacaladilla 600 g aprox,"4,79 €","7,99 €/kg",https://www.carrefour.es/supermercado/bacaladilla-600-g-aprox/R-628108250/p,https://static.carrefour.es/hd_350x_/img_pim_food/058128_00_1.jpg,Disponible
08-04-2025,19:23:04,Productos Frescos,Mandarina Selecta bandeja 1 kg,"3,49 €","3,49 €/kg",https://www.carrefour.es/supermercado/mandarina-selecta-bandeja-1-kg/R-VC4AECOMM-672031/p,https://static.carrefour.es/hd_350x_/img_pim_food/672031_00_1.jpg,Disponible
08-04-2025,19:23:04,Productos Frescos,Mini cuerno Carrefour 6 ud.,"1,67 €","0,28 €/ud",https://www.carrefour.es/supermercado/mini-cuerno-carrefour-6-ud/R-VC4AECOMM-455635/p,https://static.carrefour.es/hd_350x_/img_pim_food/455635_00_1.jpg,Disponible
08-04-2025,19:23:04,Productos Frescos,Rabanito bolsa Carrefour 250 g,"0,99 €","3,96 €/kg",https://www.carrefour.es/supermercado/rabanito-bolsa-carrefour-250-g/R-VC4AECOMM-076280/p,https://static.carrefour.es/hd_350x_/img_pim_food/076280_00_1.jpg,Disponible
08-04-2025,19:23:04,Productos Frescos,Pechuga de pavo cocida en lonchas finas Campofrío Finissimas sin gluten y sin lactosa 170 g,,"17,59 €/kg",https://www.carrefour.es/supermercado/pechuga-de-pavo-cocida-en-lonchas-finas-campofrio-finissimas-sin-gluten-y-sin-lactosa-170-g/R-VC4AECOMM-695362/p,https://static.carrefour.es/hd_350x_/img_pim_food/695362_00_1.jpg,Disponible
08-04-2025,19:23:04,Productos Frescos,Cebollino manojo de 175 g,"1,85 €","10,57 €/kg",https://www.carrefour.es/supermercado/cebollino-manojo-de-175-g/R-VC4AECOMM-697282/p,https://static.carrefour.es/hd_350x_/img_pim_food/697282_00_1.jpg,Disponible
08-04-2025,19:23:04,Productos Frescos,Jamón cocido extra en lonchas Carrefour El Mercado 250 g,"2,69 €","10,76 €/kg",https://www.carrefour.es/supermercado/jamon-cocido-extra-en-lonchas-carrefour-el-mercado-250-g/R-VC4AECOMM-050739/p,https://static.carrefour.es/hd_350x_/img_pim_food/050739_00_1.jpg,Disponible
08-04-2025,19:23:04,Productos Frescos,Jamón cocido en finas lonchas El Pozo Bienstar sin gluten y sin lactosa 65 g,"0,99 €","11,65 €/kg",https://www.carrefour.es/supermercado/jamon-cocido-en-finas-lonchas-el-pozo-bienstar-sin-gluten-y-sin-lactosa-65-g/R-VC4AECOMM-710667/p,https://static.carrefour.es/hd_350x_/img_pim_food/710667_00_1.jpg,Disponible
08-04-2025,19:23:04,Productos Frescos,Pechuga de pavo en lonchas finas El Pozo sin gluten 115 g,"1,25 €","10,87 €/kg",https://www.carrefour.es/supermercado/pechuga-de-pavo-en-lonchas-finas-el-pozo-sin-gluten-115-g/R-VC4AECOMM-169837/p,https://static.carrefour.es/hd_350x_/img_pim_food/169837_00_1.jpg,Disponible
08-04-2025,19:23:04,Productos Frescos,"Solomillo de cerdo Carrefour 1,2 kg aprox","9,58 €","7,98 €/kg",https://www.carrefour.es/supermercado/solomillo-de-cerdo-carrefour-12-kg-aprox/R-VC4AECOMM-518437/p,https://static.carrefour.es/hd_350x_/img_pim_food/518437_00_1.jpg,Disponible
08-04-2025,19:23:04,Productos Frescos,Salchichas cocidas estilo Viena Wieners con queso Oscar Mayer sin gluten 200 g.,"1,43 €","7,15 €/kg",https://www.carrefour.es/supermercado/salchichas-cocidas-estilo-viena-wieners-con-queso-oscar-mayer-sin-gluten-200-g/R-521031123/p,https://static.carrefour.es/hd_350x_/img_pim_food/003297_00_1.jpg,Disponible
08-04-2025,19:23:04,Productos Frescos,Filetes de Pechuga Marinada de Pollo Carrefour 450 g aprox,"3,33 €","7,39 €/kg",https://www.carrefour.es/supermercado/filetes-de-pechuga-marinada-de-pollo-carrefour-450-g-aprox/R-VC4AECOMM-377487/p,https://static.carrefour.es/hd_350x_/img_pim_food/377487_00_1.jpg,Disponible
08-04-2025,19:23:04,Productos Frescos,Empanada familiar de atún Carrefour El Mercado 1 kg aprox,"7,20 €","7,20 €/ud",https://www.carrefour.es/supermercado/empanada-familiar-de-atun-carrefour-el-mercado-1-kg-aprox/R-837010516/p,https://static.carrefour.es/hd_350x_/img_pim_food/974537_00_1.jpg,Disponible
08-04-2025,19:23:04,Productos Frescos,Queso de cabra rulo Carrefour 180 g,"2,36 €","13,11 €/kg",https://www.carrefour.es/supermercado/queso-de-cabra-rulo-carrefour-180-g/R-VC4AECOMM-711300/p,https://static.carrefour.es/hd_350x_/img_pim_food/711300_00_1.jpg,Disponible
08-04-2025,19:23:04,Productos Frescos,Paté de hígado de cerdo Classic Carrefour pack de 4 unidades de 78 g.,"1,71 €","7,31 €/kg",https://www.carrefour.es/supermercado/pate-de-higado-de-cerdo-classic-carrefour-pack-de-4-unidades-de-78-g/R-521006577/p,https://static.carrefour.es/hd_350x_/img_pim_food/695605_00_1.jpg,Disponible
08-04-2025,19:23:04,Productos Frescos,Secreto de Cerdo Carrefour 750 g aprox,"2,99 €","5,99 €/kg",https://www.carrefour.es/supermercado/secreto-de-cerdo-carrefour-750-g-aprox/R-prod220618/p,https://static.carrefour.es/hd_350x_/img_pim_food/426795_00_1.jpg,Disponible
08-04-2025,19:23:04,Productos Frescos,Sándwich cangrejo Carrefour 140 g.,"1,38 €","9,86 €/kg",https://www.carrefour.es/supermercado/sandwich-cangrejo-carrefour-140-g/R-VC4AECOMM-676237/p,https://static.carrefour.es/hd_350x_/img_pim_food/676237_00_1.jpg,Disponible
08-04-2025,19:23:04,Productos Frescos,Cocktail de picos Carrefour El Mercado 500 g,"2,54 €","5,08 €/kg",https://www.carrefour.es/supermercado/cocktail-de-picos-carrefour-el-mercado-500-g/R-604204035/p,https://static.carrefour.es/hd_350x_/img_pim_food/373588_00_1.jpg,Disponible
08-04-2025,19:23:04,Productos Frescos,Judía fina flow pack  250 g,"1,79 €","7,16 €/kg",https://www.carrefour.es/supermercado/judia-fina-flow-pack-250-g/R-521015254/p,https://static.carrefour.es/hd_350x_/img_pim_food/285630_00_1.jpg,Disponible
08-04-2025,19:23:04,Productos Frescos,Canónigo Carrefour El Mercado 200 g,"1,75 €","8,75 €/kg",https://www.carrefour.es/supermercado/canonigo-carrefour-el-mercado-200-g/R-521032349/p,https://static.carrefour.es/hd_350x_/img_pim_food/621858_00_1.jpg,Disponible
08-04-2025,19:23:04,Productos Frescos,Preparado de carne picada de cerdo Carrefour El Mercado 500 g,"2,69 €","5,38 €/kg",https://www.carrefour.es/supermercado/preparado-de-carne-picada-de-cerdo-carrefour-el-mercado-500-g/R-VC4AECOMM-479498/p,https://static.carrefour.es/hd_350x_/img_pim_food/479498_00_1.jpg,Disponible
08-04-2025,19:23:04,Productos Frescos,Jamón cocido extra en lonchas Campofrío Finissimas sin gluten y sin lactosa 170 g,,"17,59 €/kg",https://www.carrefour.es/supermercado/jamon-cocido-extra-en-lonchas-campofrio-finissimas-sin-gluten-y-sin-lactosa-170-g/R-VC4AECOMM-695366/p,https://static.carrefour.es/hd_350x_/img_pim_food/695366_00_1.jpg,Disponible
08-04-2025,19:23:47,Productos Frescos,Plátano de freir a granel 1 Kg aprox,"2,59 €","2,59 €/kg",https://www.carrefour.es/supermercado/platano-de-freir-a-granel-1-kg-aprox/R-547901617/p,https://static.carrefour.es/hd_350x_/img_pim_food/053761_00_1.jpg,Disponible
08-04-2025,19:23:47,Productos Frescos,Solomillo de pavo 750 g aprox,,"7,49 €/kg",https://www.carrefour.es/supermercado/solomillo-de-pavo-750-g-aprox/R-prod920183/p,https://static.carrefour.es/hd_350x_/img_pim_food/039639_00_1.jpg,Disponible
08-04-2025,19:23:47,Productos Frescos,Chuleta de aguja de cerdo Carrefour 1 kg aprox,"5,49 €","5,49 €/kg",https://www.carrefour.es/supermercado/chuleta-de-aguja-de-cerdo-carrefour-1-kg-aprox/R-521032495/p,https://static.carrefour.es/hd_350x_/img_pim_food/149007_00_1.jpg,Disponible
08-04-2025,19:23:47,Productos Frescos,Queso tierno barra Larsa al corte 150 g aprox,"2,20 €","14,69 €/kg",https://www.carrefour.es/supermercado/queso-tierno-barra-larsa-al-corte-150-g-aprox/R-590501848/p,https://static.carrefour.es/hd_350x_/img_pim_food/091124_00_1.jpg,Disponible
08-04-2025,19:23:47,Productos Frescos,Jamón cocido extra en lonchas Delizias Noel sin gluten y sin lactosa 120 g,"2,45 €","20,42 €/kg",https://www.carrefour.es/supermercado/jamon-cocido-extra-en-lonchas-delizias-noel-sin-gluten-y-sin-lactosa-120-g/R-631306761/p,https://static.carrefour.es/hd_350x_/img_pim_food/371511_00_1.jpg,Disponible
08-04-2025,19:23:47,Productos Frescos,Salchichas cocidas Wieners bocadillo Oscar Mayer sin gluten sin lactosa 275 g.,"1,75 €","6,36 €/kg",https://www.carrefour.es/supermercado/salchichas-cocidas-wieners-bocadillo-oscar-mayer-sin-gluten-sin-lactosa-275-g/R-521031121/p,https://static.carrefour.es/hd_350x_/img_pim_food/003295_00_1.jpg,Disponible
08-04-2025,19:23:47,Productos Frescos,Jamón curado en taquitos Carrefour El Mercado sin gluten y sin latosa pack 2 unidades de 100 g,"2,95 €","14,75 €/kg",https://www.carrefour.es/supermercado/jamon-curado-en-taquitos-carrefour-el-mercado-sin-gluten-y-sin-latosa-pack-2-unidades-de-100-g/R-VC4AECOMM-283410/p,https://static.carrefour.es/hd_350x_/img_pim_food/283410_00_1.jpg,Disponible
08-04-2025,19:23:47,Productos Frescos,Pechuga de pollo al horno en tiras Carrefour sin gluten 140 g.,"2,19 €","15,64 €/kg",https://www.carrefour.es/supermercado/pechuga-de-pollo-al-horno-en-tiras-carrefour-sin-gluten-140-g/R-VC4AECOMM-476943/p,https://static.carrefour.es/hd_350x_/img_pim_food/476943_00_1.jpg,Disponible
08-04-2025,19:23:47,Productos Frescos,Mini redondos de chocolate Carrefour 155 g.,"1,79 €","11,55 €/kg",https://www.carrefour.es/supermercado/mini-redondos-de-chocolate-carrefour-155-g/R-786081633/p,https://static.carrefour.es/hd_350x_/img_pim_food/877639_00_1.jpg,Disponible
08-04-2025,19:23:47,Productos Frescos,Pan de Hamburguesa Carrefour 4 ud 300 g,"1,88 €","6,27 €/kg",https://www.carrefour.es/supermercado/pan-de-hamburguesa-carrefour-4-ud-300-g/R-575702273/p,https://static.carrefour.es/hd_350x_/img_pim_food/289641_00_1.jpg,Disponible
08-04-2025,19:23:47,Productos Frescos,Baguetina Enharinada 1 ud.,"0,19 €","1,90 €/kg",https://www.carrefour.es/supermercado/baguetina-enharinada-1-ud/R-fprod1210204/p,https://static.carrefour.es/hd_350x_/img_pim_food/256179_00_1.jpg,Disponible
08-04-2025,19:23:47,Productos Frescos,Cebolla Dulce Carrefour El Mercado 1 kg,"2,39 €","2,39 €/kg",https://www.carrefour.es/supermercado/cebolla-dulce-carrefour-el-mercado-1-kg/R-prod360126/p,https://static.carrefour.es/hd_350x_/img_pim_food/429156_00_1.jpg,Disponible
08-04-2025,19:23:47,Productos Frescos,Pechuga de Pavo en lonchas Noel Delizias sin gluten y sin lactosa 110 g,"2,55 €","21,25 €/kg",https://www.carrefour.es/supermercado/pechuga-de-pavo-en-lonchas-noel-delizias-sin-gluten-y-sin-lactosa-110-g/R-631306759/p,https://static.carrefour.es/hd_350x_/img_pim_food/371509_00_1.jpg,Disponible
08-04-2025,19:23:47,Productos Frescos,Crema de queso original Philadelphia sin gluten 250 g.,"2,55 €","10,20 €/kg",https://www.carrefour.es/supermercado/crema-de-queso-original-philadelphia-sin-gluten-250-g/R-VC4AECOMM-548437/p,https://static.carrefour.es/hd_350x_/img_pim_food/548437_00_1.jpg,Disponible
08-04-2025,19:23:47,Productos Frescos,Queso de mezcla curado Carrefour Classic cuña cortada de 250 g,"3,75 €",15 €/kg,https://www.carrefour.es/supermercado/queso-de-mezcla-curado-carrefour-classic-cuna-cortada-de-250-g/R-VC4AECOMM-685156/p,https://static.carrefour.es/hd_350x_/img_pim_food/685156_00_1.jpg,Disponible
08-04-2025,19:23:47,Productos Frescos,Pechuga de pavo en lonchas El Pozo sin gluten 200 g,"2,79 €","13,95 €/kg",https://www.carrefour.es/supermercado/pechuga-de-pavo-en-lonchas-el-pozo-sin-gluten-200-g/R-VC4AECOMM-710119/p,https://static.carrefour.es/hd_350x_/img_pim_food/710119_00_1.jpg,Disponible
08-04-2025,19:23:47,Productos Frescos,Crema de queso camembert Président 125 g.,"2,05 €","16,40 €/kg",https://www.carrefour.es/supermercado/crema-de-queso-camembert-president-125-g/R-521030685/p,https://static.carrefour.es/hd_350x_/img_pim_food/269524_00_1.jpg,Disponible
08-04-2025,19:23:47,Productos Frescos,Finas del mar natural Carrefour Simply 250 g,"1,99 €","7,96 €/kg",https://www.carrefour.es/supermercado/finas-del-mar-natural-carrefour-simply-250-g/R-VC4AECOMM-316021/p,https://static.carrefour.es/hd_350x_/img_pim_food/316021_00_1.jpg,Disponible
08-04-2025,19:23:47,Productos Frescos,Ensalada variada Carrefour El Mercado 320 g,"1,59 €","4,97 €/kg",https://www.carrefour.es/supermercado/ensalada-variada-carrefour-el-mercado-320-g/R-529916707/p,https://static.carrefour.es/hd_350x_/img_pim_food/091715_00_1.jpg,Disponible
08-04-2025,19:23:47,Productos Frescos,Hamburguesa mixta de cerdo y vacuno sin gluten y sin lactosa Carrefour El Mercado 6x90 g,"3,75 €","6,94 €/kg",https://www.carrefour.es/supermercado/hamburguesa-mixta-de-cerdo-y-vacuno-sin-gluten-y-sin-lactosa-carrefour-el-mercado-6x90-g/R-VC4AECOMM-479502/p,https://static.carrefour.es/hd_350x_/img_pim_food/479502_00_1.jpg,Disponible
08-04-2025,19:23:47,Productos Frescos,Jamoncitos de pollo Carrefour 1 kg aprox,,"3,39 €/kg",https://www.carrefour.es/supermercado/jamoncitos-de-pollo-carrefour-1-kg-aprox/R-830700192/p,https://static.carrefour.es/hd_350x_/img_pim_food/962349_00_1.jpg,Disponible
08-04-2025,19:23:47,Productos Frescos,Preparado de carne picada mixta Carrefour El Mercado 500 g,"3,79 €","7,58 €/kg",https://www.carrefour.es/supermercado/preparado-de-carne-picada-mixta-carrefour-el-mercado-500-g/R-VC4AECOMM-479496/p,https://static.carrefour.es/hd_350x_/img_pim_food/479496_00_1.jpg,Disponible
08-04-2025,19:23:47,Productos Frescos,Chopped en lonchas Carrefour El Mercado sin gluten 250 g,"1,55 €","6,20 €/kg",https://www.carrefour.es/supermercado/chopped-en-lonchas-carrefour-el-mercado-sin-gluten-250-g/R-VC4AECOMM-710772/p,https://static.carrefour.es/hd_350x_/img_pim_food/710772_00_1.jpg,Disponible
08-04-2025,19:23:47,Productos Frescos,Melón piel de sapo Carrefour 3 kg aprox,"6,15 €","2,05 €/kg",https://www.carrefour.es/supermercado/melon-piel-de-sapo-carrefour-3-kg-aprox/R-prod231537/p,https://static.carrefour.es/hd_350x_/img_pim_food/284862_00_1.jpg,Disponible
08-04-2025,19:24:29,Productos Frescos,Queso grana padano D.O.P. Carrefour 200 g,"4,49 €","22,45 €/kg",https://www.carrefour.es/supermercado/queso-grana-padano-dop-carrefour-200-g/R-VC4AECOMM-688602/p,https://static.carrefour.es/hd_350x_/img_pim_food/688602_00_1.jpg,Disponible
08-04-2025,19:24:29,Productos Frescos,Pimiento rojo ecológico Carrefour Bio 400 g,"3,49 €","8,72 €/kg",https://www.carrefour.es/supermercado/pimiento-rojo-ecologico-carrefour-bio-400-g/R-prod930175/p,https://static.carrefour.es/hd_350x_/img_pim_food/045220_00_1.jpg,Disponible
08-04-2025,19:24:29,Productos Frescos,Berlina lotus 1 ud.,"1,25 €","0,03 €/ud",https://www.carrefour.es/supermercado/berlina-lotus-1-ud/R-VC4AECOMM-351363/p,https://static.carrefour.es/hd_350x_/img_pim_food/351363_00_1.jpg,Disponible
08-04-2025,19:24:29,Productos Frescos,Longaniza blanca fresca sin gluten y sin lactosa Carrefour El Mercado 650 g,"3,75 €","5,77 €/kg",https://www.carrefour.es/supermercado/longaniza-blanca-fresca-sin-gluten-y-sin-lactosa-carrefour-el-mercado-650-g/R-VC4AECOMM-470338/p,https://static.carrefour.es/hd_350x_/img_pim_food/470338_00_1.jpg,Disponible
08-04-2025,19:24:29,Productos Frescos,Pechugas de pavo marinadas al pimentón Carrefour 500 g aprox,,"7,49 €/kg",https://www.carrefour.es/supermercado/pechugas-de-pavo-marinadas-al-pimenton-carrefour-500-g-aprox/R-VC4AECOMM-268581/p,https://static.carrefour.es/hd_350x_/img_pim_food/268581_00_1.jpg,Disponible
08-04-2025,19:24:29,Productos Frescos,Hamburguesa de Pollo Carrefour 540 g,"3,75 €","6,94 €/kg",https://www.carrefour.es/supermercado/hamburguesa-de-pollo-carrefour-540-g/R-VC4AECOMM-065851/p,https://static.carrefour.es/hd_350x_/img_pim_food/065851_00_1.jpg,Disponible
08-04-2025,19:24:29,Productos Frescos,Queso emmental en lonchas Carrefour Classic' 200 g.,"1,99 €","9,95 €/kg",https://www.carrefour.es/supermercado/queso-emmental-en-lonchas-carrefour-classic-200-g/R-521030717/p,https://static.carrefour.es/hd_350x_/img_pim_food/695557_00_1.jpg,Disponible
08-04-2025,19:24:29,Productos Frescos,Queso fresco Carrefour Classic 250 g,"1,09 €","4,36 €/kg",https://www.carrefour.es/supermercado/queso-fresco-carrefour-classic-250-g/R-VC4AECOMM-423581/p,https://static.carrefour.es/hd_350x_/img_pim_food/423581_00_1.jpg,Disponible
08-04-2025,19:24:29,Productos Frescos,Salchichas cocidas Jumbo Classic Oscar Mayer sin gluten sin lactosa 350 g.,"2,55 €","7,29 €/kg",https://www.carrefour.es/supermercado/salchichas-cocidas-jumbo-classic-oscar-mayer-sin-gluten-sin-lactosa-350-g/R-521031158/p,https://static.carrefour.es/hd_350x_/img_pim_food/003294_00_1.jpg,Disponible
08-04-2025,19:24:29,Productos Frescos,Guacamole Carrefour 500 g,"3,95 €","7,90 €/kg",https://www.carrefour.es/supermercado/guacamole-carrefour-500-g/R-prod1160594/p,https://static.carrefour.es/hd_350x_/img_pim_food/208335_00_1.jpg,Disponible
08-04-2025,19:24:29,Productos Frescos,Sándwich integral pavo ensalada Bon Appetit Carrefour 130 g,"1,38 €","10,62 €/kg",https://www.carrefour.es/supermercado/sandwich-integral-pavo-ensalada-bon-appetit-carrefour-130-g/R-VC4AECOMM-676211/p,https://static.carrefour.es/hd_350x_/img_pim_food/676211_00_1.jpg,Disponible
08-04-2025,19:24:29,Productos Frescos,Escarola Rizada Carrefour El Mercado 150 g,"1,19 €","7,93 €/kg",https://www.carrefour.es/supermercado/escarola-rizada-carrefour-el-mercado-150-g/R-521032343/p,https://static.carrefour.es/hd_350x_/img_pim_food/522123_00_1.jpg,Disponible
08-04-2025,19:24:29,Productos Frescos,Queso rallado emmental Carrefour sin lactosa 150 g.,"1,69 €","11,27 €/kg",https://www.carrefour.es/supermercado/queso-rallado-emmental-carrefour-sin-lactosa-150-g/R-prod63120/p,https://static.carrefour.es/hd_350x_/img_pim_food/196767_00_1.jpg,Disponible
08-04-2025,19:24:29,Productos Frescos,Aguacate ecológico Carrefour 420 g,"3,75 €","8,93 €/kg",https://www.carrefour.es/supermercado/aguacate-ecologico-carrefour-420-g/R-600709262/p,https://static.carrefour.es/hd_350x_/img_pim_food/738678_00_1.jpg,Disponible
08-04-2025,19:24:29,Productos Frescos,Empanadilla Argentina 125 g,"1,09 €","8,72 €/kg",https://www.carrefour.es/supermercado/empanadilla-argentina-125-g/R-prod1130623/p,https://static.carrefour.es/hd_350x_/img_pim_food/189771_00_1.jpg,Disponible
08-04-2025,19:24:29,Productos Frescos,Queso fresco Original Burgo de Arias sin gluten pack de 3 unidades de 72 g.,"3,19 €","14,77 €/kg",https://www.carrefour.es/supermercado/queso-fresco-original-burgo-de-arias-sin-gluten-pack-de-3-unidades-de-72-g/R-521030553/p,https://static.carrefour.es/hd_350x_/img_pim_food/020884_00_1.jpg,Disponible
08-04-2025,19:24:29,Productos Frescos,Cebolla dulce a granel Círculo de Calidad 1 Kg aprox,"2,59 €","2,59 €/kg",https://www.carrefour.es/supermercado/cebolla-dulce-a-granel-circulo-de-calidad-1-kg-aprox/R-prod360125/p,https://static.carrefour.es/hd_350x_/img_pim_food/429152_00_1.jpg,Disponible
08-04-2025,19:24:29,Productos Frescos,Pechuga de pavo asada con madera de haya natural Legado El Pozo 1954 sin gluten y sin lactosa 120 g,"2,79 €","23,25 €/kg",https://www.carrefour.es/supermercado/pechuga-de-pavo-asada-con-madera-de-haya-natural-legado-el-pozo-1954-sin-gluten-y-sin-lactosa-120-g/R-VC4AECOMM-048648/p,https://static.carrefour.es/hd_350x_/img_pim_food/048648_00_1.jpg,Disponible
08-04-2025,19:24:29,Productos Frescos,Mini Taquitos de Jamón Curado Sánchez Alcaraz sin gluten y sin lactosa 2x40 g,"1,05 €","13,12 €/kg",https://www.carrefour.es/supermercado/mini-taquitos-de-jamon-curado-sanchez-alcaraz-sin-gluten-y-sin-lactosa-2x40-g/R-prod1130681/p,https://static.carrefour.es/hd_350x_/img_pim_food/192700_00_1.jpg,Disponible
08-04-2025,19:24:29,Productos Frescos,Jamón cocido extra en finas lonchas Carrefour El Mercado sin gluten 225 g,"2,15 €","9,56 €/kg",https://www.carrefour.es/supermercado/jamon-cocido-extra-en-finas-lonchas-carrefour-el-mercado-sin-gluten-225-g/R-VC4AECOMM-050749/p,https://static.carrefour.es/hd_350x_/img_pim_food/050749_00_1.jpg,Disponible
08-04-2025,19:24:29,Productos Frescos,Calabacín ecológico Carrefour Bio 500 g,"1,55 €","3,10 €/kg",https://www.carrefour.es/supermercado/calabacin-ecologico-carrefour-bio-500-g/R-600709114/p,https://static.carrefour.es/hd_350x_/img_pim_food/091971_00_1.jpg,Disponible
08-04-2025,19:24:29,Productos Frescos,Ensalada del huerto 400 g,"2,15 €","5,37 €/kg",https://www.carrefour.es/supermercado/ensalada-del-huerto-400-g/R-689002562/p,https://static.carrefour.es/hd_350x_/img_pim_food/080090_00_1.jpg,Disponible
08-04-2025,19:24:29,Productos Frescos,Zanahoria Ecológica Carrefour Bio 500 g aprox,"1,54 €","3,09 €/kg",https://www.carrefour.es/supermercado/zanahoria-ecologica-carrefour-bio-500-g-aprox/R-VC4AECOMM-636049/p,https://static.carrefour.es/hd_350x_/img_pim_food/636049_00_1.jpg,Disponible
08-04-2025,19:24:29,Productos Frescos,Zanahoria  manojo de 750 g,"2,25 €",3 €/kg,https://www.carrefour.es/supermercado/zanahoria-manojo-de-750-g/R-521031703/p,https://static.carrefour.es/hd_350x_/img_pim_food/050321_00_1.jpg,Disponible
08-04-2025,19:25:12,Productos Frescos,"Chuletón de vacuno 1,2 kg aprox","22,79 €","18,99 €/kg",https://www.carrefour.es/supermercado/chuleton-de-vacuno-12-kg-aprox/R-784417842/p,https://static.carrefour.es/hd_350x_/img_pim_food/395751_00_1.jpg,Disponible
08-04-2025,19:25:12,Productos Frescos,Pechuga de pavo en finas lonchas Carrefour El Mercado sin gluten 2x200 g,"3,85 €","9,62 €/kg",https://www.carrefour.es/supermercado/pechuga-de-pavo-en-finas-lonchas-carrefour-el-mercado-sin-gluten-2x200-g/R-VC4AECOMM-050759/p,https://static.carrefour.es/hd_350x_/img_pim_food/050759_00_1.jpg,Disponible
08-04-2025,19:25:12,Productos Frescos,Queso fresco desnatado con arándanos sin azúcar añadido proteína plus Carrefour Sensation sin gluten pack de 4 unidades de 100 g.,"1,22 €","3,05 €/kg",https://www.carrefour.es/supermercado/queso-fresco-desnatado-con-arandanos-sin-azucar-anadido-proteina-plus-carrefour-sensation-sin-gluten-pack-de-4-unidades-de-100-g/R-VC4AECOMM-097578/p,https://static.carrefour.es/hd_350x_/img_pim_food/097578_00_1.jpg,Agotado temporalmente
08-04-2025,19:25:12,Productos Frescos,Queso fresco desnatado con fresa sin azúcar añadido proteínas plus Carrefour Sensation sin gluten pack de 4 unidades e 100 g.,"1,22 €","3,05 €/kg",https://www.carrefour.es/supermercado/queso-fresco-desnatado-con-fresa-sin-azucar-anadido-proteinas-plus-carrefour-sensation-sin-gluten-pack-de-4-unidades-e-100-g/R-VC4AECOMM-097569/p,https://static.carrefour.es/hd_350x_/img_pim_food/097569_00_1.jpg,Disponible
08-04-2025,19:25:12,Productos Frescos,Tomate rosa tip top granel 1 kg aprox,"3,49 €","3,49 €/kg",https://www.carrefour.es/supermercado/tomate-rosa-tip-top-granel-1-kg-aprox/R-VC4AECOMM-476499/p,https://static.carrefour.es/hd_350x_/img_pim_food/476499_00_1.jpg,Disponible
08-04-2025,19:25:12,Productos Frescos,Galleta cookie doble chocolate 1 ud.,"1,05 €","1,05 €/ud",https://www.carrefour.es/supermercado/galleta-cookie-doble-chocolate-1-ud/R-VC4AECOMM-337536/p,https://static.carrefour.es/hd_350x_/img_pim_food/337536_00_1.jpg,Disponible
08-04-2025,19:25:12,Productos Frescos,Bacon ahumado natural en lonchas Oscar Mayer sin gluten 150 g,"2,45 €","16,33 €/kg",https://www.carrefour.es/supermercado/bacon-ahumado-natural-en-lonchas-oscar-mayer-sin-gluten-150-g/R-VC4AECOMM-698578/p,https://static.carrefour.es/hd_350x_/img_pim_food/698578_00_1.jpg,Disponible
08-04-2025,19:25:12,Productos Frescos,Queso fundido en porciones 250 g.,"1,47 €","5,88 €/kg",https://www.carrefour.es/supermercado/queso-fundido-en-porciones-250-g/R-538408191/p,https://static.carrefour.es/hd_350x_/img_pim_food/203602_00_1.jpg,Disponible
08-04-2025,19:25:12,Productos Frescos,"Calabacín Simply 1,5 kg","3,15 €","2,10 €/kg",https://www.carrefour.es/supermercado/calabacin-simply-15-kg/R-VC4AECOMM-527727/p,https://static.carrefour.es/hd_350x_/img_pim_food/527727_00_1.jpg,Disponible
08-04-2025,19:25:12,Productos Frescos,Mora 125 g,"2,25 €",18 €/kg,https://www.carrefour.es/supermercado/mora-125-g/R-521032199/p,https://static.carrefour.es/hd_350x_/img_pim_food/464651_00_1.jpg,Disponible
08-04-2025,19:25:12,Productos Frescos,Manzana pink lady ecológica bandeja 4 ud 600 g,"3,89 €","0,97 €/ud",https://www.carrefour.es/supermercado/manzana-pink-lady-ecologica-bandeja-4-ud-600-g/R-600709188/p,https://static.carrefour.es/hd_350x_/img_pim_food/281581_00_1.jpg,Disponible
08-04-2025,19:25:12,Productos Frescos,Hamburguesa de pollo congelada Simon´s Food 3x80g,"1,29 €","5,37 €/kg",https://www.carrefour.es/supermercado/hamburguesa-de-pollo-congelada-simons-food-3x80g/R-663901758/p,https://static.carrefour.es/hd_350x_/img_pim_food/293398_00_1.jpg,Disponible
08-04-2025,19:25:12,Productos Frescos,Crema de queso light Philadelphia 350 g.,"3,65 €","10,43 €/kg",https://www.carrefour.es/supermercado/crema-de-queso-light-philadelphia-350-g/R-704404249/p,https://static.carrefour.es/hd_350x_/img_pim_food/409338_00_1.jpg,Disponible
08-04-2025,19:25:12,Productos Frescos,Queso fundido en lonchas burguer Carrefour 300 g.,"1,94 €","6,47 €/kg",https://www.carrefour.es/supermercado/queso-fundido-en-lonchas-burguer-carrefour-300-g/R-VC4AECOMM-110227/p,https://static.carrefour.es/hd_350x_/img_pim_food/110227_00_1.jpg,Disponible
08-04-2025,19:25:12,Productos Frescos,Burguer cruchy Carrefour El Mercado pack de 2 unidades de 120 g.,"1,85 €","7,71 €/kg",https://www.carrefour.es/supermercado/burguer-cruchy-carrefour-el-mercado-pack-de-2-unidades-de-120-g/R-VC4AECOMM-367047/p,https://static.carrefour.es/hd_350x_/img_pim_food/367047_00_1.jpg,Disponible
08-04-2025,19:25:12,Productos Frescos,Tomate Cherry Sabores Carrefour 500 gr,"3,45 €","6,90 €/kg",https://www.carrefour.es/supermercado/tomate-cherry-sabores-carrefour-500-gr/R-VC4AECOMM-729693/p,https://static.carrefour.es/hd_350x_/img_pim_food/729693_00_1.jpg,Disponible
08-04-2025,19:25:12,Productos Frescos,Ensalada completa Gourmet con nueces y queso de cabra Florette 180 g,"3,79 €","21,66 €/kg",https://www.carrefour.es/supermercado/ensalada-completa-gourmet-con-nueces-y-queso-de-cabra-florette-180-g/R-prod390784/p,https://static.carrefour.es/hd_350x_/img_pim_food/459151_00_1.jpg,Disponible
08-04-2025,19:25:12,Productos Frescos,Pepino de Almería a granel 1 kg,"2,49 €","2,49 €/kg",https://www.carrefour.es/supermercado/pepino-de-almeria-a-granel-1-kg/R-628401719/p,https://static.carrefour.es/hd_350x_/img_pim_food/053820_00_1.jpg,Disponible
08-04-2025,19:25:12,Productos Frescos,Medio flautín rústico 1 ud.,"0,28 €","0,28 €/ud",https://www.carrefour.es/supermercado/medio-flautin-rustico-1-ud/R-VC4AECOMM-220213/p,https://static.carrefour.es/hd_350x_/img_pim_food/220213_00_1.jpg,Disponible
08-04-2025,19:25:12,Productos Frescos,Tomate cherry rama sharmita premium 200 g,"2,59 €","12,95 €/kg",https://www.carrefour.es/supermercado/tomate-cherry-rama-sharmita-premium-200-g/R-VC4AECOMM-199845/p,https://static.carrefour.es/hd_350x_/img_pim_food/199845_00_1.jpg,Disponible
08-04-2025,19:25:12,Productos Frescos,"Pez Espada 1,2 kg aprox","19,74 €","16,45 €/kg",https://www.carrefour.es/supermercado/pez-espada-12-kg-aprox/R-530066878/p,https://static.carrefour.es/hd_350x_/img_pim_food/033453_00_1.jpg,Disponible
08-04-2025,19:25:12,Productos Frescos,Acelga cortada Carrefour El Mercado 300 g,"1,19 €","3,97 €/kg",https://www.carrefour.es/supermercado/acelga-cortada-carrefour-el-mercado-300-g/R-521032384/p,https://static.carrefour.es/hd_350x_/img_pim_food/261440_00_1.jpg,Disponible
08-04-2025,19:25:12,Productos Frescos,Queso fresco tradicional Carrefour 250 g.,"1,66 €","6,64 €/kg",https://www.carrefour.es/supermercado/queso-fresco-tradicional-carrefour-250-g/R-618303487/p,https://static.carrefour.es/hd_350x_/img_pim_food/673663_00_1.jpg,Disponible
08-04-2025,19:25:12,Productos Frescos,Jamón serrano gran reserva en lonchas Carrefour El Mercado sin gluten y sin lactosa 90 g,"2,30 €","25,56 €/kg",https://www.carrefour.es/supermercado/jamon-serrano-gran-reserva-en-lonchas-carrefour-el-mercado-sin-gluten-y-sin-lactosa-90-g/R-VC4AECOMM-215198/p,https://static.carrefour.es/hd_350x_/img_pim_food/215198_00_1.jpg,Disponible
08-04-2025,19:25:55,Productos Frescos,Fiambre de pechuga de pavo braseada en lonchas Campofrío sin gluten y sin lactosa 75 g.,"1,09 €","15,57 €/kg",https://www.carrefour.es/supermercado/fiambre-de-pechuga-de-pavo-braseada-en-lonchas-campofrio-sin-gluten-y-sin-lactosa-75-g/R-VC4AECOMM-695953/p,https://static.carrefour.es/hd_350x_/img_pim_food/695953_00_1.jpg,Disponible
08-04-2025,19:25:55,Productos Frescos,Tulipe Chocolate Extreme 1 ud,"1,09 €","1,09 €/ud",https://www.carrefour.es/supermercado/tulipe-chocolate-extreme-1-ud/R-VC4AECOMM-779500/p,https://static.carrefour.es/hd_350x_/img_pim_food/779500_00_1.jpg,Disponible
08-04-2025,19:25:55,Productos Frescos,Jamón cocido extra en lonchas Carrefour El Mercado 180 g,"2,55 €","14,17 €/kg",https://www.carrefour.es/supermercado/jamon-cocido-extra-en-lonchas-carrefour-el-mercado-180-g/R-VC4AECOMM-084161/p,https://static.carrefour.es/hd_350x_/img_pim_food/084161_00_1.jpg,Disponible
08-04-2025,19:25:55,Productos Frescos,"Patata para freír Círculo de Calidad 2,5 kg","4,35 €","1,74 €/kg",https://www.carrefour.es/supermercado/patata-para-freir-circulo-de-calidad-25-kg/R-521034191/p,https://static.carrefour.es/hd_350x_/img_pim_food/352630_00_1.jpg,Disponible
08-04-2025,19:25:55,Productos Frescos,"Trasero de Pollo Carrefour 1,2 kg aprox","3,54 €","2,95 €/kg",https://www.carrefour.es/supermercado/trasero-de-pollo-carrefour-12-kg-aprox/R-827513085/p,https://static.carrefour.es/hd_350x_/img_pim_food/961472_00_1.jpg,Disponible
08-04-2025,19:25:55,Productos Frescos,Pata de pulpo cocido Carrefour El Mercado 250 g,,"35,80 €/kg",https://www.carrefour.es/supermercado/pata-de-pulpo-cocido-carrefour-el-mercado-250-g/R-VC4AECOMM-534228/p,https://static.carrefour.es/hd_350x_/img_pim_food/534228_00_1.jpg,Disponible
08-04-2025,19:25:55,Productos Frescos,Queso rallado 4 quesos El Caserío 120 g.,"2,95 €","24,58 €/kg",https://www.carrefour.es/supermercado/queso-rallado-4-quesos-el-caserio-120-g/R-VC4AECOMM-167065/p,https://static.carrefour.es/hd_350x_/img_pim_food/167065_00_1.jpg,Disponible
08-04-2025,19:25:55,Productos Frescos,Pechuga de pavo braseado en lonchas Campofrío Finissimas sin gluten y sin lactosa 170 g,,"17,59 €/kg",https://www.carrefour.es/supermercado/pechuga-de-pavo-braseado-en-lonchas-campofrio-finissimas-sin-gluten-y-sin-lactosa-170-g/R-VC4AECOMM-695365/p,https://static.carrefour.es/hd_350x_/img_pim_food/695365_00_1.jpg,Disponible
08-04-2025,19:25:55,Productos Frescos,Apio verde manojo de 750 g,"1,45 €","1,93 €/kg",https://www.carrefour.es/supermercado/apio-verde-manojo-de-750-g/R-521031385/p,https://static.carrefour.es/hd_350x_/img_pim_food/050289_00_1.jpg,Disponible
08-04-2025,19:25:55,Productos Frescos,Chorizo casero extra sarta Palacios 250 g.,"4,35 €","17,40 €/kg",https://www.carrefour.es/supermercado/chorizo-casero-extra-sarta-palacios-250-g/R-VC4AECOMM-709416/p,https://static.carrefour.es/hd_350x_/img_pim_food/709416_00_1.jpg,Disponible
08-04-2025,19:25:55,Productos Frescos,Queso en loncha tierno light en lonchas Carrefour 200 g.,"2,35 €","11,75 €/kg",https://www.carrefour.es/supermercado/queso-en-loncha-tierno-light-en-lonchas-carrefour-200-g/R-784418084/p,https://static.carrefour.es/hd_350x_/img_pim_food/873786_00_1.jpg,Disponible
08-04-2025,19:25:55,Productos Frescos,Paella mixta 350 g,"2,85 €","8,14 €/kg",https://www.carrefour.es/supermercado/paella-mixta-350-g/R-719504483/p,https://static.carrefour.es/hd_350x_/img_pim_food/412878_00_1.jpg,Disponible
08-04-2025,19:25:55,Productos Frescos,Queso de mezcla semicurado ya cortado Carrefour Classic cuña de 250 g,"3,59 €","14,36 €/kg",https://www.carrefour.es/supermercado/queso-de-mezcla-semicurado-ya-cortado-carrefour-classic-cuna-de-250-g/R-VC4AECOMM-711241/p,https://static.carrefour.es/hd_350x_/img_pim_food/711241_00_1.jpg,Disponible
08-04-2025,19:25:55,Productos Frescos,Queso gouda loncheado Carrefour 150 g.,"2,05 €","13,67 €/kg",https://www.carrefour.es/supermercado/queso-gouda-loncheado-carrefour-150-g/R-784429250/p,https://static.carrefour.es/hd_350x_/img_pim_food/873945_00_1.jpg,Disponible
08-04-2025,19:25:55,Productos Frescos,"Pechugas de Pollo Enteras Carrefour 1,2 kg aprox","6,90 €","5,75 €/kg",https://www.carrefour.es/supermercado/pechugas-de-pollo-enteras-carrefour-12-kg-aprox/R-VC4AECOMM-081275/p,https://static.carrefour.es/hd_350x_/img_pim_food/081275_00_1.jpg,Disponible
08-04-2025,19:25:55,Productos Frescos,Paté de hígado de cerdo Classic Carrefour 200 g.,"1,07 €","5,35 €/kg",https://www.carrefour.es/supermercado/pate-de-higado-de-cerdo-classic-carrefour-200-g/R-521006579/p,https://static.carrefour.es/hd_350x_/img_pim_food/799271_00_1.jpg,Disponible
08-04-2025,19:25:55,Productos Frescos,"Patata princesa amandine 1,5 kg","3,25 €","2,17 €/kg",https://www.carrefour.es/supermercado/patata-princesa-amandine-15-kg/R-VC4AECOMM-533347/p,https://static.carrefour.es/hd_350x_/img_pim_food/533347_00_1.jpg,Disponible
08-04-2025,19:25:55,Productos Frescos,Napolitana bombón Carrefour 4 ud,"2,99 €","0,75 €/ud",https://www.carrefour.es/supermercado/napolitana-bombon-carrefour-4-ud/R-prod760590/p,https://static.carrefour.es/hd_350x_/img_pim_food/862471_00_1.jpg,Disponible
08-04-2025,19:25:55,Productos Frescos,Salchichón Ibérico Extra en lonchas Carrefour sin gluten 100 g,"1,89 €","23,62 €/kg",https://www.carrefour.es/supermercado/salchichon-iberico-extra-en-lonchas-carrefour-sin-gluten-100-g/R-VC4AECOMM-709884/p,https://static.carrefour.es/hd_350x_/img_pim_food/709884_00_1.jpg,Disponible
08-04-2025,19:25:55,Productos Frescos,Longaniza de Payés en lonchas Carrefour sin gluten 100 g,"1,79 €","17,90 €/kg",https://www.carrefour.es/supermercado/longaniza-de-payes-en-lonchas-carrefour-sin-gluten-100-g/R-VC4AECOMM-709726/p,https://static.carrefour.es/hd_350x_/img_pim_food/709726_00_1.jpg,Disponible
08-04-2025,19:25:55,Productos Frescos,Pollo relleno al corte La Carloteña sin gluten 150 g aprox,"2,25 €","14,99 €/kg",https://www.carrefour.es/supermercado/pollo-relleno-al-corte-la-carlotena-sin-gluten-150-g-aprox/R-607902896/p,https://static.carrefour.es/hd_350x_/img_pim_food/415159_00_1.jpg,Disponible
08-04-2025,19:25:55,Productos Frescos,Pechuga de pollo al natural en tiras Carrefour sin gluten 140 g.,"2,19 €","15,64 €/kg",https://www.carrefour.es/supermercado/pechuga-de-pollo-al-natural-en-tiras-carrefour-sin-gluten-140-g/R-VC4AECOMM-476944/p,https://static.carrefour.es/hd_350x_/img_pim_food/476944_00_1.jpg,Disponible
08-04-2025,19:25:55,Productos Frescos,Jamón cocido extra ahumado a la leña en lonchas Carrefour El Mercado 180 g,"2,55 €","14,17 €/kg",https://www.carrefour.es/supermercado/jamon-cocido-extra-ahumado-a-la-lena-en-lonchas-carrefour-el-mercado-180-g/R-VC4AECOMM-084160/p,https://static.carrefour.es/hd_350x_/img_pim_food/084160_00_1.jpg,Disponible
08-04-2025,19:25:55,Productos Frescos,Hamburguesa de cerdo sin gluten y sin lactosa Carrefour El Mercado 6x90 g,"2,49 €","4,61 €/kg",https://www.carrefour.es/supermercado/hamburguesa-de-cerdo-sin-gluten-y-sin-lactosa-carrefour-el-mercado-6x90-g/R-VC4AECOMM-479501/p,https://static.carrefour.es/hd_350x_/img_pim_food/479501_00_1.jpg,Disponible
08-04-2025,19:26:38,Productos Frescos,Paleta de cebo ibérica 50% raza ibérica en lonchas Carrefour 100 g,"4,99 €","49,90 €/kg",https://www.carrefour.es/supermercado/paleta-de-cebo-iberica-50-raza-iberica-en-lonchas-carrefour-100-g/R-fprod1430163/p,https://static.carrefour.es/hd_350x_/img_pim_food/373907_00_1.jpg,Disponible
08-04-2025,19:26:38,Productos Frescos,Pechuga de pavo reducido en sal 0% grasa ElPozo al corte 180 g aprox,"2,62 €","14,55 €/kg",https://www.carrefour.es/supermercado/pechuga-de-pavo-reducido-en-sal-0-grasa-elpozo-al-corte-180-g-aprox/R-615401888/p,https://static.carrefour.es/hd_350x_/img_pim_food/693676_00_1.jpg,Disponible
08-04-2025,19:26:38,Productos Frescos,Jamón Cocido Extra braseado en lonchas finas Campofrío Finissimas sin gluten y sin lactosa 115 g,"1,89 €","16,43 €/kg",https://www.carrefour.es/supermercado/jamon-cocido-extra-braseado-en-lonchas-finas-campofrio-finissimas-sin-gluten-y-sin-lactosa-115-g/R-prod1040496/p,https://static.carrefour.es/hd_350x_/img_pim_food/694984_00_1.jpg,Disponible
08-04-2025,19:26:38,Productos Frescos,Pan de Leche con Pepitas de Chocolate 280 g,"2,75 €","9,82 €/kg",https://www.carrefour.es/supermercado/pan-de-leche-con-pepitas-de-chocolate-280-g/R-VC4AECOMM-144081/p,https://static.carrefour.es/hd_350x_/img_pim_food/144081_00_1.jpg,Disponible
08-04-2025,19:26:38,Productos Frescos,Maíz Cocido Carrefour El Mercado 500 g,"1,65 €","3,30 €/kg",https://www.carrefour.es/supermercado/maiz-cocido-carrefour-el-mercado-500-g/R-VC4AECOMM-621666/p,https://static.carrefour.es/hd_350x_/img_pim_food/621666_00_1.jpg,Disponible
08-04-2025,19:26:38,Productos Frescos,Pollo asado al horno relleno en lonchas La Carloteña sin gluten 150 g,"2,45 €","16,33 €/kg",https://www.carrefour.es/supermercado/pollo-asado-al-horno-relleno-en-lonchas-la-carlotena-sin-gluten-150-g/R-522715636/p,https://static.carrefour.es/hd_350x_/img_pim_food/281917_00_1.jpg,Disponible
08-04-2025,19:26:38,Productos Frescos,Chorizo Extra en taquitos Carrefour sin gluten 2x50 g,"1,55 €","15,50 €/kg",https://www.carrefour.es/supermercado/chorizo-extra-en-taquitos-carrefour-sin-gluten-2x50-g/R-VC4AECOMM-709727/p,https://static.carrefour.es/hd_350x_/img_pim_food/709727_00_1.jpg,Disponible
08-04-2025,19:26:38,Productos Frescos,Queso fundido Light porciones 16 ud. Carrefour 250 g.,"1,68 €","6,72 €/kg",https://www.carrefour.es/supermercado/queso-fundido-light-porciones-16-ud-carrefour-250-g/R-663801787/p,https://static.carrefour.es/hd_350x_/img_pim_food/316686_00_1.jpg,Disponible
08-04-2025,19:26:38,Productos Frescos,Pechuga de pavo en lonchas Campofrío 170 g aprox,"2,42 €","14,25 €/kg",https://www.carrefour.es/supermercado/pechuga-de-pavo-en-lonchas-campofrio-170-g-aprox/R-792400183/p,https://static.carrefour.es/hd_350x_/img_pim_food/889364_00_1.jpg,Disponible
08-04-2025,19:26:38,Productos Frescos,"Piña premadurada 1,8 kg aprox","3,58 €","1,99 €/kg",https://www.carrefour.es/supermercado/pina-premadurada-18-kg-aprox/R-VC4AECOMM-368426/p,https://static.carrefour.es/hd_350x_/img_pim_food/368426_00_1.jpg,Disponible
08-04-2025,19:26:38,Productos Frescos,Mollete mediano De Nuestra Tierra 4 ud.,"1,68 €","0,42 €/ud",https://www.carrefour.es/supermercado/mollete-mediano-de-nuestra-tierra-4-ud/R-737026370/p,https://static.carrefour.es/hd_350x_/img_pim_food/705393_00_1.jpg,Disponible
08-04-2025,19:26:38,Productos Frescos,Queso de mezcla tierno Carrefour Classic cuña cortada de 250 g,"3,15 €","12,60 €/kg",https://www.carrefour.es/supermercado/queso-de-mezcla-tierno-carrefour-classic-cuna-cortada-de-250-g/R-VC4AECOMM-685155/p,https://static.carrefour.es/hd_350x_/img_pim_food/685155_00_1.jpg,Disponible
08-04-2025,19:26:38,Productos Frescos,Queso feta Carrefour Extra 200 g,"3,55 €","17,75 €/kg",https://www.carrefour.es/supermercado/queso-feta-carrefour-extra-200-g/R-VC4AECOMM-306945/p,https://static.carrefour.es/hd_350x_/img_pim_food/306945_00_1.jpg,Disponible
08-04-2025,19:26:38,Productos Frescos,Contras de pollo con piel Carrefour 800 g aprox,,"3,59 €/kg",https://www.carrefour.es/supermercado/contras-de-pollo-con-piel-carrefour-800-g-aprox/R-713621694/p,https://static.carrefour.es/hd_350x_/img_pim_food/196036_00_1.jpg,Disponible
08-04-2025,19:26:38,Productos Frescos,Queso gouda en lonchas ecológico Carrefour Bio 200 g.,"2,29 €","11,45 €/kg",https://www.carrefour.es/supermercado/queso-gouda-en-lonchas-ecologico-carrefour-bio-200-g/R-618701673/p,https://static.carrefour.es/hd_350x_/img_pim_food/683275_00_1.jpg,Disponible
08-04-2025,19:26:38,Productos Frescos,Zanahoria ecológica Carrefour Bio 750 g,"2,39 €","3,19 €/kg",https://www.carrefour.es/supermercado/zanahoria-ecologica-carrefour-bio-750-g/R-prod1070419/p,https://static.carrefour.es/hd_350x_/img_pim_food/131885_00_1.jpg,Disponible
08-04-2025,19:26:38,Productos Frescos,Jamón cocido extra El Pozo Bienstar sin gluten y sin lactosa 340 g,"3,99 €","11,74 €/kg",https://www.carrefour.es/supermercado/jamon-cocido-extra-el-pozo-bienstar-sin-gluten-y-sin-lactosa-340-g/R-VC4AECOMM-711221/p,https://static.carrefour.es/hd_350x_/img_pim_food/711221_00_1.jpg,Disponible
08-04-2025,19:26:38,Productos Frescos,Compango Asturiano El Chico 250 g,"2,65 €","10,60 €/kg",https://www.carrefour.es/supermercado/compango-asturiano-el-chico-250-g/R-VC4AECOMM-110389/p,https://static.carrefour.es/hd_350x_/img_pim_food/110389_00_1.jpg,Disponible
08-04-2025,19:26:38,Productos Frescos,Pechuga de pavo reducida en sal y sin grasa El Pozo Bienstar sin gluten y sin lactosa 340 g,"3,99 €","11,74 €/kg",https://www.carrefour.es/supermercado/pechuga-de-pavo-reducida-en-sal-y-sin-grasa-el-pozo-bienstar-sin-gluten-y-sin-lactosa-340-g/R-VC4AECOMM-711222/p,https://static.carrefour.es/hd_350x_/img_pim_food/711222_00_1.jpg,Disponible
08-04-2025,19:26:38,Productos Frescos,Pechuga de pavo en lonchas extrafinas Carrefour El Mercado sin gluten 100 g,"2,59 €","28,78 €/kg",https://www.carrefour.es/supermercado/pechuga-de-pavo-en-lonchas-extrafinas-carrefour-el-mercado-sin-gluten-100-g/R-VC4AECOMM-164384/p,https://static.carrefour.es/hd_350x_/img_pim_food/164384_00_1.jpg,Disponible
08-04-2025,19:26:38,Productos Frescos,"Repollo liso nacional  1,5 kg","2,25 €","2,25 €/kg",https://www.carrefour.es/supermercado/repollo-liso-nacional-15-kg/R-529916719/p,https://static.carrefour.es/hd_350x_/img_pim_food/050258_00_1.jpg,Disponible
08-04-2025,19:26:38,Productos Frescos,Jamón Cocido Extra en finas lochas Casa Tarradellas sin gluten y sin lactosa 125 g,"2,19 €","17,52 €/kg",https://www.carrefour.es/supermercado/jamon-cocido-extra-en-finas-lochas-casa-tarradellas-sin-gluten-y-sin-lactosa-125-g/R-VC4AECOMM-698151/p,https://static.carrefour.es/hd_350x_/img_pim_food/698151_00_1.jpg,Disponible
08-04-2025,19:26:38,Productos Frescos,Hamburguesa de Vacuno Raza Angus Carrefour Selection 300 g,"4,65 €","15,50 €/kg",https://www.carrefour.es/supermercado/hamburguesa-de-vacuno-raza-angus-carrefour-selection-300-g/R-VC4AECOMM-007504/p,https://static.carrefour.es/hd_350x_/img_pim_food/007504_00_1.jpg,Disponible
08-04-2025,19:26:38,Productos Frescos,Queso fundido en lonchas clásico El Caserío sin gluten 262 g.,"2,65 €","8,83 €/kg",https://www.carrefour.es/supermercado/queso-fundido-en-lonchas-clasico-el-caserio-sin-gluten-262-g/R-VC4AECOMM-500156/p,https://static.carrefour.es/hd_350x_/img_pim_food/500156_00_1.jpg,Disponible
08-04-2025,19:27:21,Productos Frescos,Patata ecológica Carrefour Bio 2 kg,"4,69 €","2,34 €/kg",https://www.carrefour.es/supermercado/patata-ecologica-carrefour-bio-2-kg/R-600709102/p,https://static.carrefour.es/hd_350x_/img_pim_food/048513_00_1.jpg,Disponible
08-04-2025,19:27:21,Productos Frescos,Paleta de Cebo Ibérica 50 % Raza Ibérica en lonchas Sánchez Alcaraz sin gluten y sin lactosa 200 g,"12,90 €","64,50 €/kg",https://www.carrefour.es/supermercado/paleta-de-cebo-iberica-50-raza-iberica-en-lonchas-sanchez-alcaraz-sin-gluten-y-sin-lactosa-200-g/R-prod1130678/p,https://static.carrefour.es/hd_350x_/img_pim_food/192667_00_1.jpg,Disponible
08-04-2025,19:27:21,Productos Frescos,Chuletón de vacuno 600 g aprox,"11,39 €","18,99 €/kg",https://www.carrefour.es/supermercado/chuleton-de-vacuno-600-g-aprox/R-608101741/p,https://static.carrefour.es/hd_350x_/img_pim_food/279789_00_1.jpg,Disponible
08-04-2025,19:27:21,Productos Frescos,Centro jamón serrano Reserva Carrefour al corte 150 g aprox,"3,90 €","25,99 €/kg",https://www.carrefour.es/supermercado/centro-jamon-serrano-reserva-carrefour-al-corte-150-g-aprox/R-fprod1180426/p,https://static.carrefour.es/hd_350x_/img_pim_food/227569_00_1.jpg,Disponible
08-04-2025,19:27:21,Productos Frescos,Patata roja Carrefour 2 Kg,"3,85 €","1,92 €/kg",https://www.carrefour.es/supermercado/patata-roja-carrefour-2-kg/R-527063218/p,https://static.carrefour.es/hd_350x_/img_pim_food/793633_00_1.jpg,Disponible
08-04-2025,19:27:21,Productos Frescos,Jamón Serrano Bodega en lonchas Carrefour El Mercado 500 g aprox,"7,95 €","15,90 €/kg",https://www.carrefour.es/supermercado/jamon-serrano-bodega-en-lonchas-carrefour-el-mercado-500-g-aprox/R-VC4AECOMM-083494/p,https://static.carrefour.es/hd_350x_/img_pim_food/083494_00_1.jpg,Disponible
08-04-2025,19:27:21,Productos Frescos,Croissant clásico Carrefour El Mercado 4 ud,"3,95 €","0,99 €/ud",https://www.carrefour.es/supermercado/croissant-clasico-carrefour-el-mercado-4-ud/R-527030760/p,https://static.carrefour.es/hd_350x_/img_pim_food/163361_00_1.jpg,Disponible
08-04-2025,19:27:21,Productos Frescos,Sardina parrocha 1 kg aprox,"4,95 €","4,95 €/kg",https://www.carrefour.es/supermercado/sardina-parrocha-1-kg-aprox/R-628108248/p,https://static.carrefour.es/hd_350x_/img_pim_food/056912_00_1.jpg,Agotado temporalmente
08-04-2025,19:27:21,Productos Frescos,Picada de Pollo Carrefour 400 g,"2,85 €","7,12 €/kg",https://www.carrefour.es/supermercado/picada-de-pollo-carrefour-400-g/R-VC4AECOMM-065820/p,https://static.carrefour.es/hd_350x_/img_pim_food/065820_00_1.jpg,Disponible
08-04-2025,19:27:21,Productos Frescos,Pepino ecológico Carrefour Bio 700 g,"2,85 €","4,07 €/kg",https://www.carrefour.es/supermercado/pepino-ecologico-carrefour-bio-700-g/R-prod64611/p,https://static.carrefour.es/hd_350x_/img_pim_food/055349_00_1.jpg,Disponible
08-04-2025,19:27:21,Productos Frescos,Cake Marble Carrefour El Mercado 550 g,"2,95 €","5,36 €/kg",https://www.carrefour.es/supermercado/cake-marble-carrefour-el-mercado-550-g/R-prod130045/p,https://static.carrefour.es/hd_350x_/img_pim_food/229767_00_1.jpg,Disponible
08-04-2025,19:27:21,Productos Frescos,Panceta de cerdo en filetes Carrefour El Mercado 1 kg aprox,,"6,45 €/kg",https://www.carrefour.es/supermercado/panceta-de-cerdo-en-filetes-carrefour-el-mercado-1-kg-aprox/R-521032961/p,https://static.carrefour.es/hd_350x_/img_pim_food/145284_00_1.jpg,Disponible
08-04-2025,19:27:21,Productos Frescos,Palitos zanahoria vaso 165 g,"1,79 €","10,85 €/kg",https://www.carrefour.es/supermercado/palitos-zanahoria-vaso-165-g/R-VC4AECOMM-087535/p,https://static.carrefour.es/hd_350x_/img_pim_food/087535_00_1.jpg,Disponible
08-04-2025,19:27:21,Productos Frescos,Jamón Cocido Extra en finas lonchas Casa Tarradellas sin gluten y sin lactosa 150 g,"2,39 €","15,93 €/kg",https://www.carrefour.es/supermercado/jamon-cocido-extra-en-finas-lonchas-casa-tarradellas-sin-gluten-y-sin-lactosa-150-g/R-VC4AECOMM-698148/p,https://static.carrefour.es/hd_350x_/img_pim_food/698148_00_1.jpg,Disponible
08-04-2025,19:27:21,Productos Frescos,Lacón Cocido al horno en lonchas Carrefour El Mercado sin gluten y sin lactosa 200 g,"2,45 €","12,25 €/kg",https://www.carrefour.es/supermercado/lacon-cocido-al-horno-en-lonchas-carrefour-el-mercado-sin-gluten-y-sin-lactosa-200-g/R-VC4AECOMM-180586/p,https://static.carrefour.es/hd_350x_/img_pim_food/180586_00_1.jpg,Disponible
08-04-2025,19:27:21,Productos Frescos,Cake Chip Carrefour El Mercado 550 g,"2,95 €","5,36 €/kg",https://www.carrefour.es/supermercado/cake-chip-carrefour-el-mercado-550-g/R-prod130231/p,https://static.carrefour.es/hd_350x_/img_pim_food/230095_00_1.jpg,Disponible
08-04-2025,19:27:21,Productos Frescos,Baguette tostada horno Carrefour 250 g,"0,99 €","0,99 €/ud",https://www.carrefour.es/supermercado/baguette-tostada-horno-carrefour-250-g/R-625018736/p,https://static.carrefour.es/hd_350x_/img_pim_food/462145_00_1.jpg,Disponible
08-04-2025,19:27:21,Productos Frescos,Regañá El Antequerano 150 g,"1,99 €","13,27 €/kg",https://www.carrefour.es/supermercado/regana-el-antequerano-150-g/R-794720608/p,https://static.carrefour.es/hd_350x_/img_pim_food/895333_00_1.jpg,Disponible
08-04-2025,19:27:21,Productos Frescos,Queso en dados para ensaladas Extra Carrefour 200 g.,"2,05 €","10,25 €/kg",https://www.carrefour.es/supermercado/queso-en-dados-para-ensaladas-extra-carrefour-200-g/R-VC4AECOMM-602179/p,https://static.carrefour.es/hd_350x_/img_pim_food/602179_00_1.jpg,Disponible
08-04-2025,19:27:21,Productos Frescos,Queso fresco 0% grasa Classic´ Carrefour 500 g,"1,99 €","3,98 €/kg",https://www.carrefour.es/supermercado/queso-fresco-0-grasa-classic-carrefour-500-g/R-prod61540/p,https://static.carrefour.es/hd_350x_/img_pim_food/423589_00_1.jpg,Disponible
08-04-2025,19:27:21,Productos Frescos,Pechuga de pollo certificado en filetes Carrefour 500 g aprox,"4,34 €","8,69 €/kg",https://www.carrefour.es/supermercado/pechuga-de-pollo-certificado-en-filetes-carrefour-500-g-aprox/R-791562919/p,https://static.carrefour.es/hd_350x_/img_pim_food/887244_00_1.jpg,Disponible
08-04-2025,19:27:21,Productos Frescos,Bizcocho recubierto de frambuesa y chocolate Pims Fontaneda 150 g.,"3,29 €","21,93 €/kg",https://www.carrefour.es/supermercado/bizcocho-recubierto-de-frambuesa-y-chocolate-pims-fontaneda-150-g/R-521002872/p,https://static.carrefour.es/hd_350x_/img_pim_food/498779_00_1.jpg,Disponible
08-04-2025,19:27:21,Productos Frescos,Acelgas manojo de 800 g,"2,39 €","2,99 €/kg",https://www.carrefour.es/supermercado/acelgas-manojo-de-800-g/R-521032289/p,https://static.carrefour.es/hd_350x_/img_pim_food/176736_00_1.jpg,Disponible
08-04-2025,19:27:21,Productos Frescos,Queso mascarpone Classic´ Carrefour 250 g.,"2,39 €","9,56 €/kg",https://www.carrefour.es/supermercado/queso-mascarpone-classic-carrefour-250-g/R-521030582/p,https://static.carrefour.es/hd_350x_/img_pim_food/723622_00_1.jpg,Disponible
08-04-2025,19:28:05,Productos Frescos,Pan Superburguer Brioche 330 g,"2,13 €","6,45 €/kg",https://www.carrefour.es/supermercado/pan-superburguer-brioche-330-g/R-VC4AECOMM-488680/p,https://static.carrefour.es/hd_350x_/img_pim_food/488680_00_1.jpg,Disponible
08-04-2025,19:28:05,Productos Frescos,Chorizo oreado Carrefour El Mercado 320 g aprox,"2,29 €","7,15 €/kg",https://www.carrefour.es/supermercado/chorizo-oreado-carrefour-el-mercado-320-g-aprox/R-VC4AECOMM-522638/p,https://static.carrefour.es/hd_350x_/img_pim_food/522638_00_1.jpg,Disponible
08-04-2025,19:28:05,Productos Frescos,Chopped de lata en lonchas finas Carrefour El Mercado 150 g,"1,75 €","11,67 €/kg",https://www.carrefour.es/supermercado/chopped-de-lata-en-lonchas-finas-carrefour-el-mercado-150-g/R-VC4AECOMM-084150/p,https://static.carrefour.es/hd_350x_/img_pim_food/084150_00_1.jpg,Disponible
08-04-2025,19:28:05,Productos Frescos,Caña de lomo en lonchas Navidul sin gluten y sin latosa 40 g,"0,99 €",22 €/kg,https://www.carrefour.es/supermercado/cana-de-lomo-en-lonchas-navidul-sin-gluten-y-sin-latosa-40-g/R-VC4AECOMM-709949/p,https://static.carrefour.es/hd_350x_/img_pim_food/709949_00_1.jpg,Disponible
08-04-2025,19:28:05,Productos Frescos,Picos Gourmet Carrefour 130 g,"1,47 €","11,31 €/kg",https://www.carrefour.es/supermercado/picos-gourmet-carrefour-130-g/R-fprod1460427/p,https://static.carrefour.es/hd_350x_/img_pim_food/399651_00_1.jpg,Disponible
08-04-2025,19:28:05,Productos Frescos,Chuleta de pavo Carrefour 500 g aprox,"3,57 €","7,15 €/kg",https://www.carrefour.es/supermercado/chuleta-de-pavo-carrefour-500-g-aprox/R-prod920185/p,https://static.carrefour.es/hd_350x_/img_pim_food/039652_00_1.jpg,Disponible
08-04-2025,19:28:05,Productos Frescos,Xuxo bombón relleno sabor crema Don Bimbo 3 ud.,"3,85 €","16,04 €/kg",https://www.carrefour.es/supermercado/xuxo-bombon-relleno-sabor-crema-don-bimbo-3-ud/R-VC4AECOMM-673580/p,https://static.carrefour.es/hd_350x_/img_pim_food/673580_00_1.jpg,Disponible
08-04-2025,19:28:05,Productos Frescos,Hamburguesa de añojo Círculo de Calidad 2x150 g,"4,79 €","15,97 €/kg",https://www.carrefour.es/supermercado/hamburguesa-de-anojo-circulo-de-calidad-2x150-g/R-prod1070063/p,https://static.carrefour.es/hd_350x_/img_pim_food/126711_00_1.jpg,Disponible
08-04-2025,19:28:05,Productos Frescos,Pechuga de pollo entera Carrefour 500 g aprox,"2,64 €","6,59 €/kg",https://www.carrefour.es/supermercado/pechuga-de-pollo-entera-carrefour-500-g-aprox/R-521032538/p,https://static.carrefour.es/hd_350x_/img_pim_food/091761_00_1.jpg,Disponible
08-04-2025,19:28:05,Productos Frescos,Pechuga de pollo en lonchas extrafinas Carrefour El Mercado sin gluten 100 g,"2,69 €","26,90 €/kg",https://www.carrefour.es/supermercado/pechuga-de-pollo-en-lonchas-extrafinas-carrefour-el-mercado-sin-gluten-100-g/R-VC4AECOMM-164442/p,https://static.carrefour.es/hd_350x_/img_pim_food/164442_00_1.jpg,Disponible
08-04-2025,19:28:05,Productos Frescos,Ensalada brotes deluxe Carrefour El Mercado 110 g,"1,85 €","16,82 €/kg",https://www.carrefour.es/supermercado/ensalada-brotes-deluxe-carrefour-el-mercado-110-g/R-625419757/p,https://static.carrefour.es/hd_350x_/img_pim_food/385835_00_1.jpg,Disponible
08-04-2025,19:28:05,Productos Frescos,Chorizo Extra Picante en lonchas Revilla sin gluten 65 g,"1,09 €","15,57 €/kg",https://www.carrefour.es/supermercado/chorizo-extra-picante-en-lonchas-revilla-sin-gluten-65-g/R-VC4AECOMM-695934/p,https://static.carrefour.es/hd_350x_/img_pim_food/695934_00_1.jpg,Disponible
08-04-2025,19:28:05,Productos Frescos,Queso fresco de Burgos Carrefour 220 g aprox,"2,06 €","9,35 €/kg",https://www.carrefour.es/supermercado/queso-fresco-de-burgos-carrefour-220-g-aprox/R-603504386/p,https://static.carrefour.es/hd_350x_/img_pim_food/526763_00_1.jpg,Disponible
08-04-2025,19:28:05,Productos Frescos,Chapatta cristal cerveza 230 g,"1,88 €","8,17 €/kg",https://www.carrefour.es/supermercado/chapatta-cristal-cerveza-230-g/R-VC4AECOMM-493494/p,https://static.carrefour.es/hd_350x_/img_pim_food/493494_00_1.jpg,Disponible
08-04-2025,19:28:05,Productos Frescos,Pan de Leche 280 g,"2,59 €","9,25 €/kg",https://www.carrefour.es/supermercado/pan-de-leche-280-g/R-VC4AECOMM-144074/p,https://static.carrefour.es/hd_350x_/img_pim_food/144074_00_1.jpg,Disponible
08-04-2025,19:28:05,Productos Frescos,Brocoli Carrefour El Mercado 230 g,"1,42 €","6,17 €/kg",https://www.carrefour.es/supermercado/brocoli-carrefour-el-mercado-230-g/R-prod271052/p,https://static.carrefour.es/hd_350x_/img_pim_food/302240_00_1.jpg,Disponible
08-04-2025,19:28:05,Productos Frescos,Pomelo Carrefour 1 kg aprox,"1,99 €","1,99 €/kg",https://www.carrefour.es/supermercado/pomelo-carrefour-1-kg-aprox/R-VC4AECOMM-622671/p,https://static.carrefour.es/hd_350x_/img_pim_food/622671_00_1.jpg,Disponible
08-04-2025,19:28:05,Productos Frescos,Lomo de cerdo adobado Carrefour el Mercado sin gluten y sin lactosa 1 kg aprox,"6,65 €","6,65 €/kg",https://www.carrefour.es/supermercado/lomo-de-cerdo-adobado-carrefour-el-mercado-sin-gluten-y-sin-lactosa-1-kg-aprox/R-VC4AECOMM-093952/p,https://static.carrefour.es/hd_350x_/img_pim_food/093952_00_1.jpg,Disponible
08-04-2025,19:28:05,Productos Frescos,Naranja selecta bandeja 1 kg,"2,65 €","2,65 €/kg",https://www.carrefour.es/supermercado/naranja-selecta-bandeja-1-kg/R-prod74314/p,https://static.carrefour.es/hd_350x_/img_pim_food/140863_00_1.jpg,Disponible
08-04-2025,19:28:05,Productos Frescos,Queso semicurado en lonchas Navidul 70 g.,"1,52 €","21,71 €/kg",https://www.carrefour.es/supermercado/queso-semicurado-en-lonchas-navidul-70-g/R-791562789/p,https://static.carrefour.es/hd_350x_/img_pim_food/887166_00_1.jpg,Disponible
08-04-2025,19:28:05,Productos Frescos,Cebolla dulce pelada Carrefour 500 g,"2,79 €","5,58 €/kg",https://www.carrefour.es/supermercado/cebolla-dulce-pelada-carrefour-500-g/R-521031809/p,https://static.carrefour.es/hd_350x_/img_pim_food/795921_00_1.jpg,Disponible
08-04-2025,19:28:05,Productos Frescos,Hueso de vacuno Carrefour El Mercado 250 g aprox,"2,69 €","5,39 €/kg",https://www.carrefour.es/supermercado/hueso-de-vacuno-carrefour-el-mercado-250-g-aprox/R-VC4AECOMM-497183/p,https://static.carrefour.es/hd_350x_/img_pim_food/497183_00_1.jpg,Disponible
08-04-2025,19:28:05,Productos Frescos,Morcilla de Burgos,"2,06 €","5,15 €/kg",https://www.carrefour.es/supermercado/morcilla-de-burgos/R-VC4AECOMM-231259/p,https://static.carrefour.es/hd_350x_/img_pim_food/231259_00_1.jpg,Disponible
08-04-2025,19:28:05,Productos Frescos,Crema de queso semicurado Président 125 g.,"2,05 €","16,40 €/kg",https://www.carrefour.es/supermercado/crema-de-queso-semicurado-president-125-g/R-521030681/p,https://static.carrefour.es/hd_350x_/img_pim_food/568842_00_1.jpg,Disponible
08-04-2025,19:28:49,Productos Frescos,Queso de Vaca Tierno Provolone dulce Carrefour Extra pieza de 150 g,"2,19 €","14,60 €/kg",https://www.carrefour.es/supermercado/queso-de-vaca-tierno-provolone-dulce-carrefour-extra-pieza-de-150-g/R-VC4AECOMM-688448/p,https://static.carrefour.es/hd_350x_/img_pim_food/688448_00_1.jpg,Disponible
08-04-2025,19:28:49,Productos Frescos,Solomillos de pollo extra Carrefour 400 g aprox,"3,20 €","7,99 €/kg",https://www.carrefour.es/supermercado/solomillos-de-pollo-extra-carrefour-400-g-aprox/R-521032629/p,https://static.carrefour.es/hd_350x_/img_pim_food/091765_00_1.jpg,Disponible
08-04-2025,19:28:49,Productos Frescos,Pechuga de pollo sin grasa si azucares El Pozo Bienstar sin gluten y sin lactosa 340 g,"3,99 €","11,74 €/kg",https://www.carrefour.es/supermercado/pechuga-de-pollo-sin-grasa-si-azucares-el-pozo-bienstar-sin-gluten-y-sin-lactosa-340-g/R-VC4AECOMM-711132/p,https://static.carrefour.es/hd_350x_/img_pim_food/711132_00_1.jpg,Disponible
08-04-2025,19:28:49,Productos Frescos,Salchichón extra Nobleza El Pozo sin gluten 70 g.,"0,99 €","15,23 €/kg",https://www.carrefour.es/supermercado/salchichon-extra-nobleza-el-pozo-sin-gluten-70-g/R-VC4AECOMM-710789/p,https://static.carrefour.es/hd_350x_/img_pim_food/710789_00_1.jpg,Disponible
08-04-2025,19:28:49,Productos Frescos,Pan payés 5 cereales con semillas de calabaza rebanado 490 g,"1,88 €","3,84 €/kg",https://www.carrefour.es/supermercado/pan-payes-5-cereales-con-semillas-de-calabaza-rebanado-490-g/R-594401931/p,https://static.carrefour.es/hd_350x_/img_pim_food/349084_00_1.jpg,Disponible
08-04-2025,19:28:49,Productos Frescos,Burgermeat de Vacuno Master Lomo Carrefour El Mercado 2x180 g,"4,99 €","13,86 €/kg",https://www.carrefour.es/supermercado/burgermeat-de-vacuno-master-lomo-carrefour-el-mercado-2x180-g/R-VC4AECOMM-053261/p,https://static.carrefour.es/hd_350x_/img_pim_food/053261_00_1.jpg,Disponible
08-04-2025,19:28:49,Productos Frescos,Pechuga de pavo braseado en finas lonchas Carrefour El Mercado sin gluten 200 g,"1,99 €","9,95 €/kg",https://www.carrefour.es/supermercado/pechuga-de-pavo-braseado-en-finas-lonchas-carrefour-el-mercado-sin-gluten-200-g/R-VC4AECOMM-050761/p,https://static.carrefour.es/hd_350x_/img_pim_food/050761_00_1.jpg,Disponible
08-04-2025,19:28:49,Productos Frescos,Pan de perrito 6 ud 330 g,"1,88 €","5,70 €/kg",https://www.carrefour.es/supermercado/pan-de-perrito-6-ud-330-g/R-606509119/p,https://static.carrefour.es/hd_350x_/img_pim_food/192259_00_1.jpg,Disponible
08-04-2025,19:28:49,Productos Frescos,Preparado de carne picada mixta de vacuno y cerdo Carrefour El Mercado 2x450 g,"6,69 €","7,43 €/kg",https://www.carrefour.es/supermercado/preparado-de-carne-picada-mixta-de-vacuno-y-cerdo-carrefour-el-mercado-2x450-g/R-VC4AECOMM-479494/p,https://static.carrefour.es/hd_350x_/img_pim_food/479494_00_1.jpg,Disponible
08-04-2025,19:28:49,Productos Frescos,Mortadela de pavo en finas lonchas Carrefour El Mercado sin gluten 200 g,"1,59 €","7,95 €/kg",https://www.carrefour.es/supermercado/mortadela-de-pavo-en-finas-lonchas-carrefour-el-mercado-sin-gluten-200-g/R-VC4AECOMM-633792/p,https://static.carrefour.es/hd_350x_/img_pim_food/633792_00_1.jpg,Disponible
08-04-2025,19:28:49,Productos Frescos,Picada de ajo y perejil Fruits S&P 100 g,"1,39 €","13,90 €/kg",https://www.carrefour.es/supermercado/picada-de-ajo-y-perejil-fruits-sp-100-g/R-616101660/p,https://static.carrefour.es/hd_350x_/img_pim_food/220792_00_1.jpg,Disponible
08-04-2025,19:28:49,Productos Frescos,Salmón ahumado noruego Extra Carrefour 200 g,"7,25 €","36,25 €/kg",https://www.carrefour.es/supermercado/salmon-ahumado-noruego-extra-carrefour-200-g/R-684504179/p,https://static.carrefour.es/hd_350x_/img_pim_food/069049_00_1.jpg,Disponible
08-04-2025,19:28:49,Productos Frescos,Chuletas de lomo de cerdo Carrefour 550 g aprox,"3,51 €","6,39 €/kg",https://www.carrefour.es/supermercado/chuletas-de-lomo-de-cerdo-carrefour-550-g-aprox/R-521032491/p,https://static.carrefour.es/hd_350x_/img_pim_food/047330_00_1.jpg,Disponible
08-04-2025,19:28:49,Productos Frescos,Queso fresco cottage Protein Arla 200 g.,"2,35 €","11,75 €/kg",https://www.carrefour.es/supermercado/queso-fresco-cottage-protein-arla-200-g/R-prod650321/p,https://static.carrefour.es/hd_350x_/img_pim_food/844924_00_1.jpg,Disponible
08-04-2025,19:28:49,Productos Frescos,Filete de jamón de cerdo Carrefour 600 g aprox,"4,47 €","7,45 €/kg",https://www.carrefour.es/supermercado/filete-de-jamon-de-cerdo-carrefour-600-g-aprox/R-521032497/p,https://static.carrefour.es/hd_350x_/img_pim_food/047345_00_1.jpg,Disponible
08-04-2025,19:28:49,Productos Frescos,Chorizo Ibérico Extra en lonchas Carrefour sin gluten 80 g,"1,89 €","23,62 €/kg",https://www.carrefour.es/supermercado/chorizo-iberico-extra-en-lonchas-carrefour-sin-gluten-80-g/R-VC4AECOMM-709882/p,https://static.carrefour.es/hd_350x_/img_pim_food/709882_00_1.jpg,Disponible
08-04-2025,19:28:49,Productos Frescos,Fuet Imperial clásico El Pozo 250 g,"2,95 €","11,80 €/kg",https://www.carrefour.es/supermercado/fuet-imperial-clasico-el-pozo-250-g/R-VC4AECOMM-156263/p,https://static.carrefour.es/hd_350x_/img_pim_food/156263_00_1.jpg,Disponible
08-04-2025,19:28:49,Productos Frescos,Preparado de marisco para paella congelado Carrefour 400 g,"2,39 €","5,97 €/kg",https://www.carrefour.es/supermercado/preparado-de-marisco-para-paella-congelado-carrefour-400-g/R-prod1130608/p,https://static.carrefour.es/hd_350x_/img_pim_food/189112_00_1.jpg,Disponible
08-04-2025,19:28:49,Productos Frescos,Barra de pan rústica multicereales rebanada 400 g,"2,13 €","5,32 €/kg",https://www.carrefour.es/supermercado/barra-de-pan-rustica-multicereales-rebanada-400-g/R-543201980/p,https://static.carrefour.es/hd_350x_/img_pim_food/796468_00_1.jpg,Disponible
08-04-2025,19:28:49,Productos Frescos,Galleta cookie chocolate blanco y frambuesa 1 ud.,"1,05 €","1,05 €/ud",https://www.carrefour.es/supermercado/galleta-cookie-chocolate-blanco-y-frambuesa-1-ud/R-VC4AECOMM-337537/p,https://static.carrefour.es/hd_350x_/img_pim_food/337537_00_1.jpg,Disponible
08-04-2025,19:28:49,Productos Frescos,Chorizo extra en lonchas Carrefour El Mercado sin gluten y sin lactosa 2x120 g,"2,19 €","9,12 €/kg",https://www.carrefour.es/supermercado/chorizo-extra-en-lonchas-carrefour-el-mercado-sin-gluten-y-sin-lactosa-2x120-g/R-prod1130574/p,https://static.carrefour.es/hd_350x_/img_pim_food/187282_00_1.jpg,Disponible
08-04-2025,19:28:49,Productos Frescos,Pechuga de pollo fileteada Carrefour 500 g aprox,"3,79 €","7,59 €/kg",https://www.carrefour.es/supermercado/pechuga-de-pollo-fileteada-carrefour-500-g-aprox/R-794609475/p,https://static.carrefour.es/hd_350x_/img_pim_food/196024_00_1.jpg,Disponible
08-04-2025,19:28:49,Productos Frescos,Filetes de pollo empanado Carrefour El Mercado 500 g aprox,"3,89 €","7,79 €/kg",https://www.carrefour.es/supermercado/filetes-de-pollo-empanado-carrefour-el-mercado-500-g-aprox/R-VC4AECOMM-249481/p,https://static.carrefour.es/hd_350x_/img_pim_food/249481_00_1.jpg,Disponible
08-04-2025,19:28:49,Productos Frescos,Alas de pollo Carrefour 1 kg aprox,"4,45 €","4,45 €/kg",https://www.carrefour.es/supermercado/alas-de-pollo-carrefour-1-kg-aprox/R-830700190/p,https://static.carrefour.es/hd_350x_/img_pim_food/962342_00_1.jpg,Disponible
08-04-2025,19:29:32,Productos Frescos,Hamburguesa de pavo y pollo Carrefour 540 g,"3,89 €","7,20 €/kg",https://www.carrefour.es/supermercado/hamburguesa-de-pavo-y-pollo-carrefour-540-g/R-fprod1430144/p,https://static.carrefour.es/hd_350x_/img_pim_food/374189_00_1.jpg,Disponible
08-04-2025,19:29:32,Productos Frescos,Filetes de merluza Argentina Carrefour Extra 1 kg,"10,09 €","10,09 €/kg",https://www.carrefour.es/supermercado/filetes-de-merluza-argentina-carrefour-extra-1-kg/R-VC4AECOMM-516881/p,https://static.carrefour.es/hd_350x_/img_pim_food/516881_00_1.jpg,Disponible
08-04-2025,19:29:32,Productos Frescos,Queso de mezcla viejo en cuña Cañada Mayor 250 g.,"4,79 €","19,16 €/kg",https://www.carrefour.es/supermercado/queso-de-mezcla-viejo-en-cuna-canada-mayor-250-g/R-VC4AECOMM-199248/p,https://static.carrefour.es/hd_350x_/img_pim_food/199248_00_1.jpg,Agotado temporalmente
08-04-2025,19:29:32,Productos Frescos,Queso de vaca semicurado 200 g.,"2,25 €","11,25 €/kg",https://www.carrefour.es/supermercado/queso-de-vaca-semicurado-200-g/R-prod420090/p,https://static.carrefour.es/hd_350x_/img_pim_food/822369_00_1.jpg,Disponible
08-04-2025,19:29:32,Productos Frescos,Lacón al horno en Lascas en lonchas Carrefour El Mercado sin gluten y sin lactosa 250 g,"4,29 €","17,16 €/kg",https://www.carrefour.es/supermercado/lacon-al-horno-en-lascas-en-lonchas-carrefour-el-mercado-sin-gluten-y-sin-lactosa-250-g/R-VC4AECOMM-180596/p,https://static.carrefour.es/hd_350x_/img_pim_food/180596_00_1.jpg,Disponible
08-04-2025,19:29:32,Productos Frescos,Lasaña de espinacas y crema de queso fundido de cabra Carrefour el Mercado 350 g,"2,85 €","8,14 €/kg",https://www.carrefour.es/supermercado/lasana-de-espinacas-y-crema-de-queso-fundido-de-cabra-carrefour-el-mercado-350-g/R-793846722/p,https://static.carrefour.es/hd_350x_/img_pim_food/892199_00_1.jpg,Disponible
08-04-2025,19:29:32,Productos Frescos,Pan de hamburguesa rústica XXL 4 ud,"1,41 €","3,52 €/kg",https://www.carrefour.es/supermercado/pan-de-hamburguesa-rustica-xxl-4-ud/R-prod190377/p,https://static.carrefour.es/hd_350x_/img_pim_food/067400_00_1.jpg,Disponible
08-04-2025,19:29:32,Productos Frescos,Tomate pera rama Carrefour 500 g,"2,35 €","4,70 €/kg",https://www.carrefour.es/supermercado/tomate-pera-rama-carrefour-500-g/R-prod1090039/p,https://static.carrefour.es/hd_350x_/img_pim_food/143151_00_1.jpg,Disponible
08-04-2025,19:29:32,Productos Frescos,Queso havarti en lonchas Arla 150 g.,"3,49 €","19,94 €/kg",https://www.carrefour.es/supermercado/queso-havarti-en-lonchas-arla-150-g/R-522714728/p,https://static.carrefour.es/hd_350x_/img_pim_food/253200_00_1.jpg,Disponible
08-04-2025,19:29:32,Productos Frescos,La Auténtica La Gula del Norte pack de 2 unidades de 100 g,"5,99 €","29,95 €/kg",https://www.carrefour.es/supermercado/la-autentica-la-gula-del-norte-pack-de-2-unidades-de-100-g/R-521032010/p,https://static.carrefour.es/hd_350x_/img_pim_food/146662_00_1.jpg,Disponible
08-04-2025,19:29:32,Productos Frescos,Jamón cocido extra ecológico en lonchas Carrefour Bio sin lactosa 100 g,"2,79 €","27,90 €/kg",https://www.carrefour.es/supermercado/jamon-cocido-extra-ecologico-en-lonchas-carrefour-bio-sin-lactosa-100-g/R-VC4AECOMM-625762/p,https://static.carrefour.es/hd_350x_/img_pim_food/625762_00_1.jpg,Disponible
08-04-2025,19:29:32,Productos Frescos,Queso semicurado ya cortado García Baquero cuña 225 g,"4,65 €","20,67 €/kg",https://www.carrefour.es/supermercado/queso-semicurado-ya-cortado-garcia-baquero-cuna-225-g/R-VC4AECOMM-681551/p,https://static.carrefour.es/hd_350x_/img_pim_food/681551_00_1.jpg,Disponible
08-04-2025,19:29:32,Productos Frescos,Queso de mezcla semicurado Carrefour 330 g,"3,35 €","10,15 €/kg",https://www.carrefour.es/supermercado/queso-de-mezcla-semicurado-carrefour-330-g/R-VC4AECOMM-322430/p,https://static.carrefour.es/hd_350x_/img_pim_food/322430_00_1.jpg,Disponible
08-04-2025,19:29:32,Productos Frescos,Queso tierno en porciones Mini Babybel 120 g,"3,19 €","26,58 €/kg",https://www.carrefour.es/supermercado/queso-tierno-en-porciones-mini-babybel-120-g/R-521030744/p,https://static.carrefour.es/hd_350x_/img_pim_food/221478_00_1.jpg,Disponible
08-04-2025,19:29:32,Productos Frescos,Queso rallado filatto especial pasta El Caserío 80 g.,"1,76 €",22 €/kg,https://www.carrefour.es/supermercado/queso-rallado-filatto-especial-pasta-el-caserio-80-g/R-VC4AECOMM-167044/p,https://static.carrefour.es/hd_350x_/img_pim_food/167044_00_1.jpg,Disponible
08-04-2025,19:29:32,Productos Frescos,Albóndigas de cerdo Carrefour el Mercado sin gluten y sin lactosa 800 g,"4,25 €","5,31 €/kg",https://www.carrefour.es/supermercado/albondigas-de-cerdo-carrefour-el-mercado-sin-gluten-y-sin-lactosa-800-g/R-VC4AECOMM-315820/p,https://static.carrefour.es/hd_350x_/img_pim_food/315820_00_1.jpg,Disponible
08-04-2025,19:29:32,Productos Frescos,Repollo rizado 1 Kg,"2,55 €","2,55 €/kg",https://www.carrefour.es/supermercado/repollo-rizado-1-kg/R-529916713/p,https://static.carrefour.es/hd_350x_/img_pim_food/050205_00_1.jpg,Disponible
08-04-2025,19:29:32,Productos Frescos,Queso fresco de cabra Burgo de Arias sin gluten pack de 3 unidades de 70 g.,"4,25 €","20,24 €/kg",https://www.carrefour.es/supermercado/queso-fresco-de-cabra-burgo-de-arias-sin-gluten-pack-de-3-unidades-de-70-g/R-prod680097/p,https://static.carrefour.es/hd_350x_/img_pim_food/846918_00_1.jpg,Disponible
08-04-2025,19:29:32,Productos Frescos,Sándwich tortilla mixto Carrefour 140 g.,"2,15 €","15,36 €/kg",https://www.carrefour.es/supermercado/sandwich-tortilla-mixto-carrefour-140-g/R-VC4AECOMM-676232/p,https://static.carrefour.es/hd_350x_/img_pim_food/676232_00_1.jpg,Disponible
08-04-2025,19:29:32,Productos Frescos,Tomate rosa tip top 750 g,"2,99 €","3,99 €/kg",https://www.carrefour.es/supermercado/tomate-rosa-tip-top-750-g/R-VC4AECOMM-476503/p,https://static.carrefour.es/hd_350x_/img_pim_food/476503_00_1.jpg,Disponible
08-04-2025,19:29:32,Productos Frescos,Pan con Pasas y Nueces 1 ud.,"2,73 €","5,87 €/kg",https://www.carrefour.es/supermercado/pan-con-pasas-y-nueces-1-ud/R-VC4AECOMM-614486/p,https://static.carrefour.es/hd_350x_/img_pim_food/614486_00_1.jpg,Disponible
08-04-2025,19:29:32,Productos Frescos,Brotes de espinaca y rúcula Carrefour El Mercado 150 g,"1,69 €","11,27 €/kg",https://www.carrefour.es/supermercado/brotes-de-espinaca-y-rucula-carrefour-el-mercado-150-g/R-530102451/p,https://static.carrefour.es/hd_350x_/img_pim_food/795442_00_1.jpg,Disponible
08-04-2025,19:29:32,Productos Frescos,Briox trenzado especial para torrijas 600 g,"5,99 €","9,98 €/kg",https://www.carrefour.es/supermercado/briox-trenzado-especial-para-torrijas-600-g/R-prod1120113/p,https://static.carrefour.es/hd_350x_/img_pim_food/158000_00_1.jpg,Disponible
08-04-2025,19:29:32,Productos Frescos,Pan molde alto contenido en proteinas 450 g,"2,83 €","6,29 €/kg",https://www.carrefour.es/supermercado/pan-molde-alto-contenido-en-proteinas-450-g/R-VC4AECOMM-504100/p,https://static.carrefour.es/hd_350x_/img_pim_food/504100_00_1.jpg,Disponible
08-04-2025,19:30:21,Productos Frescos,Remolacha entera cocida ecológica Carrefour Bio 500 g,"1,29 €","2,58 €/kg",https://www.carrefour.es/supermercado/remolacha-entera-cocida-ecologica-carrefour-bio-500-g/R-VC4AECOMM-354192/p,https://static.carrefour.es/hd_350x_/img_pim_food/354192_00_1.jpg,Disponible
08-04-2025,19:30:21,Productos Frescos,Pechuga de pollo cocida en finas lonchas Carrefour El Mercado sin gluten 200 g,"2,35 €","11,75 €/kg",https://www.carrefour.es/supermercado/pechuga-de-pollo-cocida-en-finas-lonchas-carrefour-el-mercado-sin-gluten-200-g/R-VC4AECOMM-050764/p,https://static.carrefour.es/hd_350x_/img_pim_food/050764_00_1.jpg,Disponible
08-04-2025,19:30:21,Productos Frescos,Chapatta cristal kornspitz 2 unidades de 93 g,"1,88 €","8,17 €/kg",https://www.carrefour.es/supermercado/chapatta-cristal-kornspitz-2-unidades-de-93-g/R-VC4AECOMM-493485/p,https://static.carrefour.es/hd_350x_/img_pim_food/493485_00_1.jpg,Disponible
08-04-2025,19:30:21,Productos Frescos,Pollo entero en trozos Carrefour 2 kg aprox,"7,90 €","3,95 €/kg",https://www.carrefour.es/supermercado/pollo-entero-en-trozos-carrefour-2-kg-aprox/R-VC4AECOMM-128501/p,https://static.carrefour.es/hd_350x_/img_pim_food/128501_00_1.jpg,Disponible
08-04-2025,19:30:21,Productos Frescos,Chorizo nobleza en lonchas ElPozo sin gluten 65 g,"0,99 €","15,23 €/kg",https://www.carrefour.es/supermercado/chorizo-nobleza-en-lonchas-elpozo-sin-gluten-65-g/R-VC4AECOMM-710817/p,https://static.carrefour.es/hd_350x_/img_pim_food/710817_00_1.jpg,Disponible
08-04-2025,19:30:21,Productos Frescos,Guacamole Carrefour Bio tarrina 200 g,"1,99 €","9,95 €/kg",https://www.carrefour.es/supermercado/guacamole-carrefour-bio-tarrina-200-g/R-prod240332/p,https://static.carrefour.es/hd_350x_/img_pim_food/285042_00_1.jpg,Disponible
08-04-2025,19:30:21,Productos Frescos,Queso azul semicurado Carrefour Extra cuña de 180 g,"2,35 €","13,06 €/kg",https://www.carrefour.es/supermercado/queso-azul-semicurado-carrefour-extra-cuna-de-180-g/R-VC4AECOMM-689738/p,https://static.carrefour.es/hd_350x_/img_pim_food/689738_00_1.jpg,Disponible
08-04-2025,19:30:21,Productos Frescos,"Pollo entero limpio Carrefour 2,5 kg aprox","8,12 €","3,25 €/kg",https://www.carrefour.es/supermercado/pollo-entero-limpio-carrefour-25-kg-aprox/R-536500199/p,https://static.carrefour.es/hd_350x_/img_pim_food/184949_00_1.jpg,Disponible
08-04-2025,19:30:21,Productos Frescos,Queso de oveja viejo Classic´ Carrefour cuña 250 g.,"4,35 €","17,40 €/kg",https://www.carrefour.es/supermercado/queso-de-oveja-viejo-classic-carrefour-cuna-250-g/R-VC4AECOMM-104842/p,https://static.carrefour.es/hd_350x_/img_pim_food/104842_00_1.jpg,Disponible
08-04-2025,19:30:21,Productos Frescos,Jamón cocido extra Receta Artesana El Pozo sin gluten y sin lactosa 170 g,"3,35 €","19,71 €/kg",https://www.carrefour.es/supermercado/jamon-cocido-extra-receta-artesana-el-pozo-sin-gluten-y-sin-lactosa-170-g/R-764802164/p,https://static.carrefour.es/hd_350x_/img_pim_food/412103_00_1.jpg,Disponible
08-04-2025,19:30:21,Productos Frescos,Queso brie punta President 200 g,"3,85 €","19,25 €/kg",https://www.carrefour.es/supermercado/queso-brie-punta-president-200-g/R-VC4AECOMM-685913/p,https://static.carrefour.es/hd_350x_/img_pim_food/685913_00_1.jpg,Disponible
08-04-2025,19:30:21,Productos Frescos,"Alas de Pollo Carrefour 1,4 kg aprox","6,09 €","4,35 €/kg",https://www.carrefour.es/supermercado/alas-de-pollo-carrefour-14-kg-aprox/R-773503949/p,https://static.carrefour.es/hd_350x_/img_pim_food/765484_00_1.jpg,Disponible
08-04-2025,19:30:21,Productos Frescos,Pechuga de pollo corte extrafino Roler 320 g,"4,99 €","4,99 €/ud",https://www.carrefour.es/supermercado/pechuga-de-pollo-corte-extrafino-roler-320-g/R-711907656/p,https://static.carrefour.es/hd_350x_/img_pim_food/324133_00_1.jpg,Disponible
08-04-2025,19:30:21,Productos Frescos,Almejas del pacifico cruda congelado Carrefour 600 g,"2,19 €","3,65 €/kg",https://www.carrefour.es/supermercado/almejas-del-pacifico-cruda-congelado-carrefour-600-g/R-VC4AECOMM-555461/p,https://static.carrefour.es/hd_350x_/img_pim_food/555461_00_1.jpg,Disponible
08-04-2025,19:30:21,Productos Frescos,Chorizo extra en lonchas Carrefour El Mercado 4x60 g,"2,15 €","8,96 €/kg",https://www.carrefour.es/supermercado/chorizo-extra-en-lonchas-carrefour-el-mercado-4x60-g/R-VC4AECOMM-655156/p,https://static.carrefour.es/hd_350x_/img_pim_food/655156_00_1.jpg,Disponible
08-04-2025,19:30:21,Productos Frescos,Salmón ahumado ecológico Carrefour Bio 85 g.,"4,49 €","52,82 €/kg",https://www.carrefour.es/supermercado/salmon-ahumado-ecologico-carrefour-bio-85-g/R-VC4AECOMM-713862/p,https://static.carrefour.es/hd_350x_/img_pim_food/713862_00_1.jpg,Disponible
08-04-2025,19:30:21,Productos Frescos,Tomate cherry cocktail romántico Carrefour 300 g,"4,15 €","13,83 €/kg",https://www.carrefour.es/supermercado/tomate-cherry-cocktail-romantico-carrefour-300-g/R-VC4AECOMM-369248/p,https://static.carrefour.es/hd_350x_/img_pim_food/369248_00_1.jpg,Disponible
08-04-2025,19:30:21,Productos Frescos,Queso fundido en porciones La Vaca Que Ríe sin gluten 250 g.,"2,79 €","11,16 €/kg",https://www.carrefour.es/supermercado/queso-fundido-en-porciones-la-vaca-que-rie-sin-gluten-250-g/R-521030596/p,https://static.carrefour.es/hd_350x_/img_pim_food/002772_00_1.jpg,Disponible
08-04-2025,19:30:21,Productos Frescos,Fiambre de Cerdo Cocido en lonchas sándwich Carrefour El Mercado sin gluten 450 g,"2,89 €","6,42 €/kg",https://www.carrefour.es/supermercado/fiambre-de-cerdo-cocido-en-lonchas-sandwich-carrefour-el-mercado-sin-gluten-450-g/R-VC4AECOMM-710682/p,https://static.carrefour.es/hd_350x_/img_pim_food/710682_00_1.jpg,Disponible
08-04-2025,19:30:21,Productos Frescos,Ajo blanco extra de Chinchón 500 g,"3,99 €","7,98 €/kg",https://www.carrefour.es/supermercado/ajo-blanco-extra-de-chinchon-500-g/R-600709244/p,https://static.carrefour.es/hd_350x_/img_pim_food/505485_00_1.jpg,Disponible
08-04-2025,19:30:21,Productos Frescos,Sándwich de atún con huevo y lechuga Carrefour 200 g.,"3,25 €","16,25 €/kg",https://www.carrefour.es/supermercado/sandwich-de-atun-con-huevo-y-lechuga-carrefour-200-g/R-VC4AECOMM-676236/p,https://static.carrefour.es/hd_350x_/img_pim_food/676236_00_1.jpg,Disponible
08-04-2025,19:30:21,Productos Frescos,Queso para untar sin lactosa Carrefour No Lactosa 200 g.,"1,90 €","9,50 €/kg",https://www.carrefour.es/supermercado/queso-para-untar-sin-lactosa-carrefour-no-lactosa-200-g/R-prod231484/p,https://static.carrefour.es/hd_350x_/img_pim_food/284794_00_1.jpg,Disponible
08-04-2025,19:30:21,Productos Frescos,Salmón noruego ahumado reducido en sal Carrefour Extra 100 g.,"4,45 €","44,50 €/kg",https://www.carrefour.es/supermercado/salmon-noruego-ahumado-reducido-en-sal-carrefour-extra-100-g/R-prod971845/p,https://static.carrefour.es/hd_350x_/img_pim_food/069912_00_1.jpg,Disponible
08-04-2025,19:30:21,Productos Frescos,Ensalada completa César American Style Florette 200 g,"3,35 €","16,75 €/kg",https://www.carrefour.es/supermercado/ensalada-completa-cesar-american-style-florette-200-g/R-fprod1450100/p,https://static.carrefour.es/hd_350x_/img_pim_food/380766_00_1.jpg,Disponible
08-04-2025,19:31:07,Productos Frescos,Queso fresco de cabra El Abuelo 300 g.,"3,49 €","11,63 €/kg",https://www.carrefour.es/supermercado/queso-fresco-de-cabra-el-abuelo-300-g/R-590203311/p,https://static.carrefour.es/hd_350x_/img_pim_food/075438_00_1.jpg,Disponible
08-04-2025,19:31:07,Productos Frescos,Tomate pera ecológico Carrefour Bio 500 g,"2,99 €","5,98 €/kg",https://www.carrefour.es/supermercado/tomate-pera-ecologico-carrefour-bio-500-g/R-602104264/p,https://static.carrefour.es/hd_350x_/img_pim_food/271982_00_1.jpg,Disponible
08-04-2025,19:31:07,Productos Frescos,Pan burger TGB 292 g 4 ud,"3,73 €","12,77 €/kg",https://www.carrefour.es/supermercado/pan-burger-tgb-292-g-4-ud/R-VC4AECOMM-612689/p,https://static.carrefour.es/hd_350x_/img_pim_food/612689_00_1.jpg,Disponible
08-04-2025,19:31:07,Productos Frescos,Langostino cocido (30/40 ud) 500 g aprox,"5,97 €","11,95 €/kg",https://www.carrefour.es/supermercado/langostino-cocido-30-40-ud-500-g-aprox/R-530102403/p,https://static.carrefour.es/hd_350x_/img_pim_food/391617_00_1.jpg,Disponible
08-04-2025,19:31:07,Productos Frescos,Queso cabra lonchas García Baquero 125 g.,"3,19 €","25,52 €/kg",https://www.carrefour.es/supermercado/queso-cabra-lonchas-garcia-baquero-125-g/R-585301575/p,https://static.carrefour.es/hd_350x_/img_pim_food/414674_00_1.jpg,Disponible
08-04-2025,19:31:07,Productos Frescos,Flauta de Chocolate 6 ud.,"3,09 €","0,51 €/ud",https://www.carrefour.es/supermercado/flauta-de-chocolate-6-ud/R-VC4AECOMM-024900/p,https://static.carrefour.es/hd_350x_/img_pim_food/024900_00_1.jpg,Disponible
08-04-2025,19:31:07,Productos Frescos,Mini berlinas bombón Carrefour 5 ud,"1,60 €","0,32 €/ud",https://www.carrefour.es/supermercado/mini-berlinas-bombon-carrefour-5-ud/R-prod160156/p,https://static.carrefour.es/hd_350x_/img_pim_food/943342_00_1.jpg,Disponible
08-04-2025,19:31:07,Productos Frescos,Lomo de Atún 400 g aprox,"7,96 €","19,90 €/kg",https://www.carrefour.es/supermercado/lomo-de-atun-400-g-aprox/R-659101740/p,https://static.carrefour.es/hd_350x_/img_pim_food/232145_00_1.jpg,Disponible
08-04-2025,19:31:07,Productos Frescos,Lomo de cerdo al ajillo fileteado Carrefour 750 g aprox,"5,77 €","7,69 €/kg",https://www.carrefour.es/supermercado/lomo-de-cerdo-al-ajillo-fileteado-carrefour-750-g-aprox/R-575701513/p,https://static.carrefour.es/hd_350x_/img_pim_food/239838_00_1.jpg,Disponible
08-04-2025,19:31:07,Productos Frescos,Tomate natural rallado con Aceite de Oliva Virgen Surinver 230 g,"1,39 €","6,04 €/kg",https://www.carrefour.es/supermercado/tomate-natural-rallado-con-aceite-de-oliva-virgen-surinver-230-g/R-prod790053/p,https://static.carrefour.es/hd_350x_/img_pim_food/990289_00_1.jpg,Disponible
08-04-2025,19:31:07,Productos Frescos,"Salchichón ibérico extra en lonchas Carrefour El Mercado 2x62,5 g","2,19 €","17,52 €/kg",https://www.carrefour.es/supermercado/salchichon-iberico-extra-en-lonchas-carrefour-el-mercado-2x625-g/R-VC4AECOMM-468304/p,https://static.carrefour.es/hd_350x_/img_pim_food/468304_00_1.jpg,Disponible
08-04-2025,19:31:07,Productos Frescos,Contramuslo de pollo Carrefour 1 kg aprox,,"3,59 €/kg",https://www.carrefour.es/supermercado/contramuslo-de-pollo-carrefour-1-kg-aprox/R-prod68072/p,https://static.carrefour.es/hd_350x_/img_pim_food/961476_00_1.jpg,Disponible
08-04-2025,19:31:07,Productos Frescos,Filetes de cinta de lomo de cerdo Carrefour 800 g aprox,"5,32 €","6,65 €/kg",https://www.carrefour.es/supermercado/filetes-de-cinta-de-lomo-de-cerdo-carrefour-800-g-aprox/R-521032487/p,https://static.carrefour.es/hd_350x_/img_pim_food/620851_00_1.jpg,Disponible
08-04-2025,19:31:07,Productos Frescos,Medallones de merluza Carrefour Extra 480 g,"4,09 €","8,52 €/kg",https://www.carrefour.es/supermercado/medallones-de-merluza-carrefour-extra-480-g/R-VC4AECOMM-516880/p,https://static.carrefour.es/hd_350x_/img_pim_food/516880_00_1.jpg,Disponible
08-04-2025,19:31:07,Productos Frescos,Pan rebanado hogaza 500 g,"1,88 €","3,76 €/kg",https://www.carrefour.es/supermercado/pan-rebanado-hogaza-500-g/R-VC4AECOMM-503317/p,https://static.carrefour.es/hd_350x_/img_pim_food/503317_00_1.jpg,Disponible
08-04-2025,19:31:07,Productos Frescos,Salchichón extra cular Carrefour al corte 300 g aprox,"4,47 €","14,90 €/kg",https://www.carrefour.es/supermercado/salchichon-extra-cular-carrefour-al-corte-300-g-aprox/R-607402569/p,https://static.carrefour.es/hd_350x_/img_pim_food/497340_00_1.jpg,Disponible
08-04-2025,19:31:07,Productos Frescos,Bacón en cintas Casa Tarradellas sin gluten 150 g,"2,05 €","13,67 €/kg",https://www.carrefour.es/supermercado/bacon-en-cintas-casa-tarradellas-sin-gluten-150-g/R-VC4AECOMM-698149/p,https://static.carrefour.es/hd_350x_/img_pim_food/698149_00_1.jpg,Disponible
08-04-2025,19:31:07,Productos Frescos,Bacon sabor ahumado en lonchas Oscar Mayer sin gluten y sin lactosa 100 g,"1,50 €",15 €/kg,https://www.carrefour.es/supermercado/bacon-sabor-ahumado-en-lonchas-oscar-mayer-sin-gluten-y-sin-lactosa-100-g/R-VC4AECOMM-531625/p,https://static.carrefour.es/hd_350x_/img_pim_food/531625_00_1.jpg,Disponible
08-04-2025,19:31:07,Productos Frescos,Paleta curada en lonchas Carrefour El Mercado sin gluten y sin lactosa 90 g,"2,30 €","25,56 €/kg",https://www.carrefour.es/supermercado/paleta-curada-en-lonchas-carrefour-el-mercado-sin-gluten-y-sin-lactosa-90-g/R-VC4AECOMM-215171/p,https://static.carrefour.es/hd_350x_/img_pim_food/215171_00_1.jpg,Disponible
08-04-2025,19:31:07,Productos Frescos,Jamón Cocido Extra Braseado en finas lonchas Carrefour El Mercado sin gluten 200 g,"2,19 €","10,95 €/kg",https://www.carrefour.es/supermercado/jamon-cocido-extra-braseado-en-finas-lonchas-carrefour-el-mercado-sin-gluten-200-g/R-VC4AECOMM-050734/p,https://static.carrefour.es/hd_350x_/img_pim_food/050734_00_1.jpg,Disponible
08-04-2025,19:31:07,Productos Frescos,Jamón de Cebo Ibérico 50% Raza Ibérica en lonchas IberSierra sin gluten y sin lactosa 100 g,"6,79 €","67,90 €/kg",https://www.carrefour.es/supermercado/jamon-de-cebo-iberico-50-raza-iberica-en-lonchas-ibersierra-sin-gluten-y-sin-lactosa-100-g/R-VC4AECOMM-695012/p,https://static.carrefour.es/hd_350x_/img_pim_food/695012_00_1.jpg,Disponible
08-04-2025,19:31:07,Productos Frescos,Queso fresco villalón Carrefour 220 g aprox,3 €,"13,65 €/kg",https://www.carrefour.es/supermercado/queso-fresco-villalon-carrefour-220-g-aprox/R-603504390/p,https://static.carrefour.es/hd_350x_/img_pim_food/526794_00_1.jpg,Disponible
08-04-2025,19:31:07,Productos Frescos,Lazos cebra 6 ud,"3,65 €","15,21 €/kg",https://www.carrefour.es/supermercado/lazos-cebra-6-ud/R-prod273251/p,https://static.carrefour.es/hd_350x_/img_pim_food/401446_00_1.jpg,Disponible
08-04-2025,19:31:07,Productos Frescos,Queso de cabra rulo madurado Simpl 180 g,"2,25 €","12,50 €/kg",https://www.carrefour.es/supermercado/queso-de-cabra-rulo-madurado-simpl-180-g/R-711411277/p,https://static.carrefour.es/hd_350x_/img_pim_food/427717_00_1.jpg,Disponible
08-04-2025,19:31:50,Productos Frescos,Pan tostado integral Ortiz 320 g.,"2,85 €","8,91 €/kg",https://www.carrefour.es/supermercado/pan-tostado-integral-ortiz-320-g/R-521002613/p,https://static.carrefour.es/hd_350x_/img_pim_food/001630_00_1.jpg,Disponible
08-04-2025,19:31:50,Productos Frescos,Calabaza troceada ecológica Carrefour Bio 400 g,"1,99 €","4,97 €/kg",https://www.carrefour.es/supermercado/calabaza-troceada-ecologica-carrefour-bio-400-g/R-prod1000622/p,https://static.carrefour.es/hd_350x_/img_pim_food/082121_00_1.jpg,Disponible
08-04-2025,19:31:50,Productos Frescos,Entrecot de añojo Círculo de Calidad 500 g aprox,,"16,29 €/kg",https://www.carrefour.es/supermercado/entrecot-de-anojo-circulo-de-calidad-500-g-aprox/R-prod1070085/p,https://static.carrefour.es/hd_350x_/img_pim_food/126668_00_1.jpg,Disponible
08-04-2025,19:31:50,Productos Frescos,Jamón cocido extra loncheado Ricura El Pozo sin gluten 300 g,"2,69 €","8,97 €/kg",https://www.carrefour.es/supermercado/jamon-cocido-extra-loncheado-ricura-el-pozo-sin-gluten-300-g/R-844300597/p,https://static.carrefour.es/hd_350x_/img_pim_food/987301_00_1.jpg,Disponible
08-04-2025,19:31:50,Productos Frescos,Jamón de pavo cocido en finas lonchas Carrefour El Mercado sin gluten 225 g,"1,75 €","7,78 €/kg",https://www.carrefour.es/supermercado/jamon-de-pavo-cocido-en-finas-lonchas-carrefour-el-mercado-sin-gluten-225-g/R-VC4AECOMM-633785/p,https://static.carrefour.es/hd_350x_/img_pim_food/633785_00_1.jpg,Disponible
08-04-2025,19:31:50,Productos Frescos,Picos artesanos con aceite de oliva Carrefour 240 g,"1,41 €","5,87 €/kg",https://www.carrefour.es/supermercado/picos-artesanos-con-aceite-de-oliva-carrefour-240-g/R-526104397/p,https://static.carrefour.es/hd_350x_/img_pim_food/261266_00_1.jpg,Disponible
08-04-2025,19:31:50,Productos Frescos,Preparado de carne picada de vacuno Carrefour El Mercado 500 g,"4,69 €","9,38 €/kg",https://www.carrefour.es/supermercado/preparado-de-carne-picada-de-vacuno-carrefour-el-mercado-500-g/R-VC4AECOMM-479500/p,https://static.carrefour.es/hd_350x_/img_pim_food/479500_00_1.jpg,Disponible
08-04-2025,19:31:50,Productos Frescos,Pechuga de pavo cocida en finas lonchas Carrefour El Mercado sin gluten 225 g,"2,29 €","10,41 €/kg",https://www.carrefour.es/supermercado/pechuga-de-pavo-cocida-en-finas-lonchas-carrefour-el-mercado-sin-gluten-225-g/R-VC4AECOMM-050768/p,https://static.carrefour.es/hd_350x_/img_pim_food/050768_00_1.jpg,Disponible
08-04-2025,19:31:50,Productos Frescos,Pan Burguer Goiko 150 g,"1,88 €","12,53 €/kg",https://www.carrefour.es/supermercado/pan-burguer-goiko-150-g/R-VC4AECOMM-118677/p,https://static.carrefour.es/hd_350x_/img_pim_food/118677_00_1.jpg,Disponible
08-04-2025,19:31:50,Productos Frescos,Salmón en rodaja Calidad y Origen Carrefour 300 g aprox,"5,65 €","18,85 €/kg",https://www.carrefour.es/supermercado/salmon-en-rodaja-calidad-y-origen-carrefour-300-g-aprox/R-prod231114/p,https://static.carrefour.es/hd_350x_/img_pim_food/283313_00_1.jpg,Disponible
08-04-2025,19:31:50,Productos Frescos,Mini Fuet de Pavo Snack'in Campofrío 50 g,"1,55 €",31 €/kg,https://www.carrefour.es/supermercado/mini-fuet-de-pavo-snackin-campofrio-50-g/R-525888263/p,https://static.carrefour.es/hd_350x_/img_pim_food/699362_00_1.jpg,Disponible
08-04-2025,19:31:50,Productos Frescos,Uva rosada a granel 500 g aprox,"2,49 €","4,99 €/kg",https://www.carrefour.es/supermercado/uva-rosada-a-granel-500-g-aprox/R-530067056/p,https://static.carrefour.es/hd_350x_/img_pim_food/053860_00_1.jpg,Disponible
08-04-2025,19:31:50,Productos Frescos,Lomo curado en lonchas extrafinas Carrefour El Mercado sin gluten 100 g,"2,85 €","28,50 €/kg",https://www.carrefour.es/supermercado/lomo-curado-en-lonchas-extrafinas-carrefour-el-mercado-sin-gluten-100-g/R-VC4AECOMM-164494/p,https://static.carrefour.es/hd_350x_/img_pim_food/164494_00_1.jpg,Disponible
08-04-2025,19:31:50,Productos Frescos,Arándanos ecológicos 125 g,"3,09 €","24,72 €/kg",https://www.carrefour.es/supermercado/arandanos-ecologicos-125-g/R-prod240103/p,https://static.carrefour.es/hd_350x_/img_pim_food/285111_00_1.jpg,Disponible
08-04-2025,19:31:50,Productos Frescos,Leche fermentada pro+ sabor stracciatella Lindahls 160 g.,"1,35 €","8,44 €/kg",https://www.carrefour.es/supermercado/leche-fermentada-pro-sabor-stracciatella-lindahls-160-g/R-prod1160056/p,https://static.carrefour.es/hd_350x_/img_pim_food/205550_00_1.jpg,Disponible
08-04-2025,19:31:50,Productos Frescos,Bizcocho rondo marmolado Carrefour El Mercado 700 g,"3,99 €","5,70 €/kg",https://www.carrefour.es/supermercado/bizcocho-rondo-marmolado-carrefour-el-mercado-700-g/R-VC4AECOMM-342515/p,https://static.carrefour.es/hd_350x_/img_pim_food/342515_00_1.jpg,Disponible
08-04-2025,19:31:50,Productos Frescos,Ensalada pasta y rúcula Carrefour 320 g,"3,19 €","9,97 €/kg",https://www.carrefour.es/supermercado/ensalada-pasta-y-rucula-carrefour-320-g/R-844803401/p,https://static.carrefour.es/hd_350x_/img_pim_food/988651_00_1.jpg,Disponible
08-04-2025,19:31:50,Productos Frescos,Lomo Embuchado Salamanca Carrefour taco de 400 g aprox,,18 €/kg,https://www.carrefour.es/supermercado/lomo-embuchado-salamanca-carrefour-taco-de-400-g-aprox/R-536500283/p,https://static.carrefour.es/hd_350x_/img_pim_food/199110_00_1.jpg,Disponible
08-04-2025,19:31:50,Productos Frescos,Txistorra de Navarra De Nuestra Tierra 220 g,"2,79 €","12,68 €/kg",https://www.carrefour.es/supermercado/txistorra-de-navarra-de-nuestra-tierra-220-g/R-fprod1180425/p,https://static.carrefour.es/hd_350x_/img_pim_food/227566_00_1.jpg,Disponible
08-04-2025,19:31:50,Productos Frescos,Tomate azul a granel 500 g aprox,"2,07 €","4,15 €/kg",https://www.carrefour.es/supermercado/tomate-azul-a-granel-500-g-aprox/R-prod620041/p,https://static.carrefour.es/hd_350x_/img_pim_food/841327_00_1.jpg,Disponible
08-04-2025,19:31:50,Productos Frescos,Preparado de carne picada de vacuno Carrefour El Mercado 2x450 g,"8,09 €","8,99 €/kg",https://www.carrefour.es/supermercado/preparado-de-carne-picada-de-vacuno-carrefour-el-mercado-2x450-g/R-VC4AECOMM-479497/p,https://static.carrefour.es/hd_350x_/img_pim_food/479497_00_1.jpg,Disponible
08-04-2025,19:31:50,Productos Frescos,Crema de queso cheddar Président 125 g.,"2,05 €","16,40 €/kg",https://www.carrefour.es/supermercado/crema-de-queso-cheddar-president-125-g/R-521030671/p,https://static.carrefour.es/hd_350x_/img_pim_food/619080_00_1.jpg,Disponible
08-04-2025,19:31:50,Productos Frescos,Pechuga de pollo Campofrío Finissimas sin gluten y sin lactosa 115 g.,"2,15 €","18,70 €/kg",https://www.carrefour.es/supermercado/pechuga-de-pollo-campofrio-finissimas-sin-gluten-y-sin-lactosa-115-g/R-VC4AECOMM-698585/p,https://static.carrefour.es/hd_350x_/img_pim_food/698585_00_1.jpg,Disponible
08-04-2025,19:31:50,Productos Frescos,Bacon Ahumado Natural Carrefiur 400 g aprox,"3,45 €","11,50 €/kg",https://www.carrefour.es/supermercado/bacon-ahumado-natural-carrefiur-400-g-aprox/R-fprod1420069/p,https://static.carrefour.es/hd_350x_/img_pim_food/366727_00_1.jpg,Disponible
08-04-2025,19:32:34,Productos Frescos,Constramuslo de pavo fileteado Carrefour 600 g aprox,"4,97 €","8,29 €/kg",https://www.carrefour.es/supermercado/constramuslo-de-pavo-fileteado-carrefour-600-g-aprox/R-prod920180/p,https://static.carrefour.es/hd_350x_/img_pim_food/039631_00_1.jpg,Disponible
08-04-2025,19:32:34,Productos Frescos,Jamón york el lonchas sándwich El Pozo sin gluten sin lactosa 225 g.,"2,55 €","11,33 €/kg",https://www.carrefour.es/supermercado/jamon-york-el-lonchas-sandwich-el-pozo-sin-gluten-sin-lactosa-225-g/R-VC4AECOMM-710111/p,https://static.carrefour.es/hd_350x_/img_pim_food/710111_00_1.jpg,Disponible
08-04-2025,19:32:34,Productos Frescos,Cebolla ecológica Carrefour Bio 1 kg,"2,99 €","2,99 €/kg",https://www.carrefour.es/supermercado/cebolla-ecologica-carrefour-bio-1-kg/R-609202422/p,https://static.carrefour.es/hd_350x_/img_pim_food/108604_00_1.jpg,Disponible
08-04-2025,19:32:34,Productos Frescos,Apio verde ecológico Carrefour Bio 400 g,"2,15 €","5,37 €/kg",https://www.carrefour.es/supermercado/apio-verde-ecologico-carrefour-bio-400-g/R-607902488/p,https://static.carrefour.es/hd_350x_/img_pim_food/362628_00_1.jpg,Disponible
08-04-2025,19:32:34,Productos Frescos,Palmera supremas Carrefour 4 ud,"3,25 €","11,61 €/kg",https://www.carrefour.es/supermercado/palmera-supremas-carrefour-4-ud/R-prod80412/p,https://static.carrefour.es/hd_350x_/img_pim_food/939011_00_1.jpg,Disponible
08-04-2025,19:32:34,Productos Frescos,Filetes de merluza Argentina Simpl 600 g,"4,65 €","7,75 €/kg",https://www.carrefour.es/supermercado/filetes-de-merluza-argentina-simpl-600-g/R-VC4AECOMM-516883/p,https://static.carrefour.es/hd_350x_/img_pim_food/516883_00_1.jpg,Disponible
08-04-2025,19:32:34,Productos Frescos,Panecillo de centeno 51% 6 ud.,"1,55 €","0,26 €/ud",https://www.carrefour.es/supermercado/panecillo-de-centeno-51-6-ud/R-VC4AECOMM-498735/p,https://static.carrefour.es/hd_350x_/img_pim_food/498735_00_1.jpg,Disponible
08-04-2025,19:32:34,Productos Frescos,Trozo de vacuno para cocido Carrefour El Mercado 250 g aprox,"7,19 €","14,39 €/kg",https://www.carrefour.es/supermercado/trozo-de-vacuno-para-cocido-carrefour-el-mercado-250-g-aprox/R-VC4AECOMM-497188/p,https://static.carrefour.es/hd_350x_/img_pim_food/497188_00_1.jpg,Disponible
08-04-2025,19:32:34,Productos Frescos,Queso cheddar y samsoe en dados especial ensaladas Carrefour 200 g.,"1,74 €","8,70 €/kg",https://www.carrefour.es/supermercado/queso-cheddar-y-samsoe-en-dados-especial-ensaladas-carrefour-200-g/R-521030784/p,https://static.carrefour.es/hd_350x_/img_pim_food/513736_00_1.jpg,Disponible
08-04-2025,19:32:34,Productos Frescos,Filete 1ª A de tapa o Contra de añojo Círculo de Calidad 550 g aprox,,"14,45 €/kg",https://www.carrefour.es/supermercado/filete-1-a-de-tapa-o-contra-de-anojo-circulo-de-calidad-550-g-aprox/R-prod1070084/p,https://static.carrefour.es/hd_350x_/img_pim_food/126666_00_1.jpg,Disponible
08-04-2025,19:32:34,Productos Frescos,Pechuga de pavo ecológica en lonchas Carrefour Bio sin gluten 90 g,"3,35 €","37,22 €/kg",https://www.carrefour.es/supermercado/pechuga-de-pavo-ecologica-en-lonchas-carrefour-bio-sin-gluten-90-g/R-VC4AECOMM-625764/p,https://static.carrefour.es/hd_350x_/img_pim_food/625764_00_1.jpg,Disponible
08-04-2025,19:32:34,Productos Frescos,Mini Berlinas de azúcar Carrefour 5 ud,"1,50 €","0,30 €/ud",https://www.carrefour.es/supermercado/mini-berlinas-de-azucar-carrefour-5-ud/R-prod160151/p,https://static.carrefour.es/hd_350x_/img_pim_food/943337_00_1.jpg,Disponible
08-04-2025,19:32:34,Productos Frescos,Hamburguesa de picaña Angus de vacuno Carrefour Selección Lord Dani 300 g,"5,29 €","17,63 €/kg",https://www.carrefour.es/supermercado/hamburguesa-de-picana-angus-de-vacuno-carrefour-seleccion-lord-dani-300-g/R-VC4AECOMM-280794/p,https://static.carrefour.es/hd_350x_/img_pim_food/280794_00_1.jpg,Disponible
08-04-2025,19:32:34,Productos Frescos,Media hogaza de pan integral de trigo espelta Carrefour el Mercado 400 g,"1,94 €","4,85 €/kg",https://www.carrefour.es/supermercado/media-hogaza-de-pan-integral-de-trigo-espelta-carrefour-el-mercado-400-g/R-VC4AECOMM-516203/p,https://static.carrefour.es/hd_350x_/img_pim_food/516203_00_1.jpg,Disponible
08-04-2025,19:32:34,Productos Frescos,Mozzarella di bufala campana DOP Carrefour Extra 125 g.,"1,81 €","14,48 €/kg",https://www.carrefour.es/supermercado/mozzarella-di-bufala-campana-dop-carrefour-extra-125-g/R-VC4AECOMM-346475/p,https://static.carrefour.es/hd_350x_/img_pim_food/346475_00_1.jpg,Disponible
08-04-2025,19:32:34,Productos Frescos,Fiambre de pechuga de pollo Campofrío sin gluten sin lactosa 80 g.,"0,99 €","12,37 €/kg",https://www.carrefour.es/supermercado/fiambre-de-pechuga-de-pollo-campofrio-sin-gluten-sin-lactosa-80-g/R-VC4AECOMM-695945/p,https://static.carrefour.es/hd_350x_/img_pim_food/695945_00_1.jpg,Disponible
08-04-2025,19:32:34,Productos Frescos,Butifarra fresca extra de cerdo enrollada Carrefour 700 g,"3,89 €","5,56 €/kg",https://www.carrefour.es/supermercado/butifarra-fresca-extra-de-cerdo-enrollada-carrefour-700-g/R-VC4AECOMM-550788/p,https://static.carrefour.es/hd_350x_/img_pim_food/550788_00_1.jpg,Disponible
08-04-2025,19:32:34,Productos Frescos,Cebolla francesa Carrefour El Mercado 500 g,"1,65 €","3,30 €/kg",https://www.carrefour.es/supermercado/cebolla-francesa-carrefour-el-mercado-500-g/R-521031807/p,https://static.carrefour.es/hd_350x_/img_pim_food/795913_00_1.jpg,Disponible
08-04-2025,19:32:34,Productos Frescos,Burguer brioche Lord Dani Selection 2 ud.,"1,88 €","14,46 €/kg",https://www.carrefour.es/supermercado/burguer-brioche-lord-dani-selection-2-ud/R-VC4AECOMM-306320/p,https://static.carrefour.es/hd_350x_/img_pim_food/306320_00_1.jpg,Disponible
08-04-2025,19:32:34,Productos Frescos,Contramuslo de pollo fileteado Carrefour 700 g aprox,"4,58 €","6,55 €/kg",https://www.carrefour.es/supermercado/contramuslo-de-pollo-fileteado-carrefour-700-g-aprox/R-526626986/p,https://static.carrefour.es/hd_350x_/img_pim_food/115714_00_1.jpg,Disponible
08-04-2025,19:32:34,Productos Frescos,Trucha asalmonada Círculo de Calidad 600 g aprox,"5,37 €","8,95 €/kg",https://www.carrefour.es/supermercado/trucha-asalmonada-circulo-de-calidad-600-g-aprox/R-fprod1370189/p,https://static.carrefour.es/hd_350x_/img_pim_food/349382_00_1.jpg,Disponible
08-04-2025,19:32:34,Productos Frescos,Rosquillas fritas 400 g,"4,49 €","11,22 €/kg",https://www.carrefour.es/supermercado/rosquillas-fritas-400-g/R-607402849/p,https://static.carrefour.es/hd_350x_/img_pim_food/560182_00_1.jpg,Disponible
08-04-2025,19:32:34,Productos Frescos,Mini Medias Noches Carrefour 255 g,"1,99 €","7,80 €/kg",https://www.carrefour.es/supermercado/mini-medias-noches-carrefour-255-g/R-538003196/p,https://static.carrefour.es/hd_350x_/img_pim_food/147925_00_1.jpg,Disponible
08-04-2025,19:32:34,Productos Frescos,Hueso garrón de cerdo Carrefour El Mercado 250 g aprox,1 €,4 €/kg,https://www.carrefour.es/supermercado/hueso-garron-de-cerdo-carrefour-el-mercado-250-g-aprox/R-VC4AECOMM-531801/p,https://static.carrefour.es/hd_350x_/img_pim_food/531801_00_1.jpg,Disponible
08-04-2025,19:33:19,Productos Frescos,Queso fresco de cabra Campolindo 250 g,"2,99 €","11,96 €/kg",https://www.carrefour.es/supermercado/queso-fresco-de-cabra-campolindo-250-g/R-VC4AECOMM-480061/p,https://static.carrefour.es/hd_350x_/img_pim_food/480061_00_1.jpg,Disponible
08-04-2025,19:33:19,Productos Frescos,Zanahoria rallada Carrefour El Mercado 150 g,"0,96 €","6,40 €/kg",https://www.carrefour.es/supermercado/zanahoria-rallada-carrefour-el-mercado-150-g/R-529916711/p,https://static.carrefour.es/hd_350x_/img_pim_food/522036_00_1.jpg,Disponible
08-04-2025,19:33:19,Productos Frescos,Carpaccio de vacuno ecológico Carrefour Bio 120 g,"3,85 €","32,08 €/kg",https://www.carrefour.es/supermercado/carpaccio-de-vacuno-ecologico-carrefour-bio-120-g/R-VC4AECOMM-477312/p,https://static.carrefour.es/hd_350x_/img_pim_food/477312_00_1.jpg,Disponible
08-04-2025,19:33:19,Productos Frescos,Nabo granel 1 kg aprox,"2,49 €","2,49 €/kg",https://www.carrefour.es/supermercado/nabo-granel-1-kg-aprox/R-VC4AECOMM-254082/p,https://static.carrefour.es/hd_350x_/img_pim_food/254082_00_1.jpg,Disponible
08-04-2025,19:33:19,Productos Frescos,Queso rallado mozzarella Arla 150 g.,"3,49 €","19,94 €/kg",https://www.carrefour.es/supermercado/queso-rallado-mozzarella-arla-150-g/R-522714868/p,https://static.carrefour.es/hd_350x_/img_pim_food/105809_00_1.jpg,Disponible
08-04-2025,19:33:19,Productos Frescos,"Chorizo de Pamplona en lonchas Carrefour El Mercado 2x112,5 g","2,15 €","9,56 €/kg",https://www.carrefour.es/supermercado/chorizo-de-pamplona-en-lonchas-carrefour-el-mercado-2x1125-g/R-VC4AECOMM-084413/p,https://static.carrefour.es/hd_350x_/img_pim_food/084413_00_1.jpg,Disponible
08-04-2025,19:33:19,Productos Frescos,Mortadela estilo Italiana en lonchas Carrefour El Mercado sin gluten y sin lactosa 150 g,"1,89 €","12,60 €/kg",https://www.carrefour.es/supermercado/mortadela-estilo-italiana-en-lonchas-carrefour-el-mercado-sin-gluten-y-sin-lactosa-150-g/R-VC4AECOMM-242921/p,https://static.carrefour.es/hd_350x_/img_pim_food/242921_00_1.jpg,Disponible
08-04-2025,19:33:19,Productos Frescos,Queso mozzarella Galbani 150 g.,"3,49 €","23,27 €/kg",https://www.carrefour.es/supermercado/queso-mozzarella-galbani-150-g/R-526500946/p,https://static.carrefour.es/hd_350x_/img_pim_food/074917_00_1.jpg,Disponible
08-04-2025,19:33:19,Productos Frescos,Queso fundido en porciones light La Vaca Que Ríe sin gluten 375 g.,"4,05 €","10,80 €/kg",https://www.carrefour.es/supermercado/queso-fundido-en-porciones-light-la-vaca-que-rie-sin-gluten-375-g/R-674001751/p,https://static.carrefour.es/hd_350x_/img_pim_food/011464_00_1.jpg,Disponible
08-04-2025,19:33:19,Productos Frescos,Champiñon laminado Carrefour Bio 300 g aprox,"2,98 €","9,95 €/kg",https://www.carrefour.es/supermercado/champinon-laminado-carrefour-bio-300-g-aprox/R-fprod1220113/p,https://static.carrefour.es/hd_350x_/img_pim_food/271620_00_1.jpg,Disponible
08-04-2025,19:33:19,Productos Frescos,Chistorra Carrefour sin gluten 220 g.,"1,45 €","6,59 €/kg",https://www.carrefour.es/supermercado/chistorra-carrefour-sin-gluten-220-g/R-VC4AECOMM-076182/p,https://static.carrefour.es/hd_350x_/img_pim_food/076182_00_1.jpg,Disponible
08-04-2025,19:33:19,Productos Frescos,Fiambre de Pechuga de Pavo para Sándwich en lonchas El Pozo sin gluten 270 g,"2,15 €","7,96 €/kg",https://www.carrefour.es/supermercado/fiambre-de-pechuga-de-pavo-para-sandwich-en-lonchas-el-pozo-sin-gluten-270-g/R-VC4AECOMM-711211/p,https://static.carrefour.es/hd_350x_/img_pim_food/711211_00_1.jpg,Disponible
08-04-2025,19:33:19,Productos Frescos,Filetes de centro de lomo de cerdo 540 g aprox,"3,72 €","6,89 €/kg",https://www.carrefour.es/supermercado/filetes-de-centro-de-lomo-de-cerdo-540-g-aprox/R-521032953/p,https://static.carrefour.es/hd_350x_/img_pim_food/047332_00_1.jpg,Disponible
08-04-2025,19:33:19,Productos Frescos,Salchichón extra en lonchas Carrefour El Mercado 2x120 g,"2,25 €","9,37 €/kg",https://www.carrefour.es/supermercado/salchichon-extra-en-lonchas-carrefour-el-mercado-2x120-g/R-VC4AECOMM-248781/p,https://static.carrefour.es/hd_350x_/img_pim_food/248781_00_1.jpg,Disponible
08-04-2025,19:33:19,Productos Frescos,Salchichas BIG pollo El Pozo sin gluten pack de 3 unidades de 200 g.,"2,50 €","4,17 €/kg",https://www.carrefour.es/supermercado/salchichas-big-pollo-el-pozo-sin-gluten-pack-de-3-unidades-de-200-g/R-823352275/p,https://static.carrefour.es/hd_350x_/img_pim_food/910814_00_1.jpg,Disponible
08-04-2025,19:33:19,Productos Frescos,Endivia Carrefour 450 g,"1,75 €","3,89 €/kg",https://www.carrefour.es/supermercado/endivia-carrefour-450-g/R-VC4AECOMM-436933/p,https://static.carrefour.es/hd_350x_/img_pim_food/436933_00_1.jpg,Disponible
08-04-2025,19:33:19,Productos Frescos,Filete 1ª A de Cadera o Babilla de Añojo Círculo de Calidad 550 g aprox,,"14,45 €/kg",https://www.carrefour.es/supermercado/filete-1-a-de-cadera-o-babilla-de-anojo-circulo-de-calidad-550-g-aprox/R-prod1070081/p,https://static.carrefour.es/hd_350x_/img_pim_food/126608_00_1.jpg,Disponible
08-04-2025,19:33:19,Productos Frescos,Pechuga de pavo reducida en sal en lonchas extrafinas Carrefour El Mercado sin gluten 100 g,"2,69 €","26,90 €/kg",https://www.carrefour.es/supermercado/pechuga-de-pavo-reducida-en-sal-en-lonchas-extrafinas-carrefour-el-mercado-sin-gluten-100-g/R-VC4AECOMM-164431/p,https://static.carrefour.es/hd_350x_/img_pim_food/164431_00_1.jpg,Disponible
08-04-2025,19:33:19,Productos Frescos,Manzana reineta verde a granel 1 Kg aprox,"2,55 €","2,55 €/kg",https://www.carrefour.es/supermercado/manzana-reineta-verde-a-granel-1-kg-aprox/R-553703190/p,https://static.carrefour.es/hd_350x_/img_pim_food/035644_00_1.jpg,Disponible
08-04-2025,19:33:19,Productos Frescos,Queso fresco Campolindo 250 g,"1,88 €","7,52 €/kg",https://www.carrefour.es/supermercado/queso-fresco-campolindo-250-g/R-VC4AECOMM-480055/p,https://static.carrefour.es/hd_350x_/img_pim_food/480055_00_1.jpg,Disponible
08-04-2025,19:33:19,Productos Frescos,Solomillo de pollo empanado Carrefour El Mercado 300 g aprox,"2,55 €","8,49 €/kg",https://www.carrefour.es/supermercado/solomillo-de-pollo-empanado-carrefour-el-mercado-300-g-aprox/R-VC4AECOMM-367035/p,https://static.carrefour.es/hd_350x_/img_pim_food/367035_00_1.jpg,Disponible
08-04-2025,19:33:19,Productos Frescos,Cake Natur Carrefour El Mercado 550 g,"2,95 €","5,36 €/kg",https://www.carrefour.es/supermercado/cake-natur-carrefour-el-mercado-550-g/R-prod130034/p,https://static.carrefour.es/hd_350x_/img_pim_food/229772_00_1.jpg,Disponible
08-04-2025,19:33:19,Productos Frescos,Mortadela ibérica Legado El Pozo 180 g aprox,"1,72 €","9,55 €/kg",https://www.carrefour.es/supermercado/mortadela-iberica-legado-el-pozo-180-g-aprox/R-615401890/p,https://static.carrefour.es/hd_350x_/img_pim_food/703449_00_1.jpg,Disponible
08-04-2025,19:33:19,Productos Frescos,Ajo ecológico Carrefour Bio a granel 200 g aprox,"2,04 €","10,19 €/kg",https://www.carrefour.es/supermercado/ajo-ecologico-carrefour-bio-a-granel-200-g-aprox/R-fprod1290082/p,https://static.carrefour.es/hd_350x_/img_pim_food/332219_00_1.jpg,Disponible
08-04-2025,19:34:02,Productos Frescos,Carne de pavo para estofado Carrefour 600 g aprox,"4,55 €","7,59 €/kg",https://www.carrefour.es/supermercado/carne-de-pavo-para-estofado-carrefour-600-g-aprox/R-prod920165/p,https://static.carrefour.es/hd_350x_/img_pim_food/039569_00_1.jpg,Disponible
08-04-2025,19:34:02,Productos Frescos,Sardinas 1 kg aprox,"4,95 €","4,95 €/kg",https://www.carrefour.es/supermercado/sardinas-1-kg-aprox/R-540001614/p,https://static.carrefour.es/hd_350x_/img_pim_food/033684_00_1.jpg,Disponible
08-04-2025,19:34:02,Productos Frescos,Calçots manojo de 1 Kg,"4,99 €","4,99 €/ud",https://www.carrefour.es/supermercado/calcots-manojo-de-1-kg/R-530067052/p,https://static.carrefour.es/hd_350x_/img_pim_food/053851_00_1.jpg,Disponible
08-04-2025,19:34:02,Productos Frescos,Cilantro  manojo de 100 g,"1,59 €","15,90 €/kg",https://www.carrefour.es/supermercado/cilantro-manojo-de-100-g/R-804523465/p,https://static.carrefour.es/hd_350x_/img_pim_food/917301_00_1.jpg,Disponible
08-04-2025,19:34:02,Productos Frescos,Cecina en lonchas Palcarsa 80 g,"3,35 €","41,87 €/kg",https://www.carrefour.es/supermercado/cecina-en-lonchas-palcarsa-80-g/R-VC4AECOMM-207656/p,https://static.carrefour.es/hd_350x_/img_pim_food/207656_00_1.jpg,Disponible
08-04-2025,19:34:02,Productos Frescos,Pechuga de Pollo entera Carrefour 450 g aprox,"3,15 €","6,99 €/kg",https://www.carrefour.es/supermercado/pechuga-de-pollo-entera-carrefour-450-g-aprox/R-521032523/p,https://static.carrefour.es/hd_350x_/img_pim_food/047291_00_1.jpg,Disponible
08-04-2025,19:34:02,Productos Frescos,Centro de jamón DOP Teruel De Nuestra Tierra al corte 150 g aprox,"5,23 €","34,90 €/kg",https://www.carrefour.es/supermercado/centro-de-jamon-dop-teruel-de-nuestra-tierra-al-corte-150-g-aprox/R-prod1130188/p,https://static.carrefour.es/hd_350x_/img_pim_food/179219_00_1.jpg,Disponible
08-04-2025,19:34:02,Productos Frescos,Manzana royal gala ecológica bandeja 750 g,"2,99 €","4,98 €/kg",https://www.carrefour.es/supermercado/manzana-royal-gala-ecologica-bandeja-750-g/R-600709190/p,https://static.carrefour.es/hd_350x_/img_pim_food/281641_00_1.jpg,Disponible
08-04-2025,19:34:02,Productos Frescos,Lomos de merluza Carrefour Extra 400 g,"4,25 €","10,62 €/kg",https://www.carrefour.es/supermercado/lomos-de-merluza-carrefour-extra-400-g/R-VC4AECOMM-516856/p,https://static.carrefour.es/hd_350x_/img_pim_food/516856_00_1.jpg,Disponible
08-04-2025,19:34:02,Productos Frescos,Palmerón de hojaldre de azúcar XXL Carrefour 330 g,"1,55 €","1,55 €/ud",https://www.carrefour.es/supermercado/palmeron-de-hojaldre-de-azucar-xxl-carrefour-330-g/R-716511224/p,https://static.carrefour.es/hd_350x_/img_pim_food/496511_00_1.jpg,Disponible
08-04-2025,19:34:02,Productos Frescos,Finas de Mar sabor al ajillo Simply 175 g,"1,49 €","8,51 €/kg",https://www.carrefour.es/supermercado/finas-de-mar-sabor-al-ajillo-simply-175-g/R-VC4AECOMM-314592/p,https://static.carrefour.es/hd_350x_/img_pim_food/314592_00_1.jpg,Disponible
08-04-2025,19:34:02,Productos Frescos,Queso rallado emmental Especial pastas Président 150 g.,"3,39 €","22,60 €/kg",https://www.carrefour.es/supermercado/queso-rallado-emmental-especial-pastas-president-150-g/R-521030776/p,https://static.carrefour.es/hd_350x_/img_pim_food/053192_00_1.jpg,Disponible
08-04-2025,19:34:02,Productos Frescos,Chorizo extra curado Revilla al corte 250 g aprox,"4,20 €","16,79 €/kg",https://www.carrefour.es/supermercado/chorizo-extra-curado-revilla-al-corte-250-g-aprox/R-609800544/p,https://static.carrefour.es/hd_350x_/img_pim_food/003817_00_1.jpg,Disponible
08-04-2025,19:34:02,Productos Frescos,Cebolla blanca Carrefour 500 g,"1,79 €","3,58 €/kg",https://www.carrefour.es/supermercado/cebolla-blanca-carrefour-500-g/R-521032278/p,https://static.carrefour.es/hd_350x_/img_pim_food/795904_00_1.jpg,Disponible
08-04-2025,19:34:02,Productos Frescos,Chuleta de Sajonia 600 g aprox,"5,63 €","9,39 €/kg",https://www.carrefour.es/supermercado/chuleta-de-sajonia-600-g-aprox/R-VC4AECOMM-503736/p,https://static.carrefour.es/hd_350x_/img_pim_food/503736_00_1.jpg,Disponible
08-04-2025,19:34:02,Productos Frescos,Pollo al curry con arroz 280 g,"2,85 €","10,18 €/kg",https://www.carrefour.es/supermercado/pollo-al-curry-con-arroz-280-g/R-VC4AECOMM-424813/p,https://static.carrefour.es/hd_350x_/img_pim_food/424813_00_1.jpg,Disponible
08-04-2025,19:34:02,Productos Frescos,"Chorizo ibérico en lonchas Carrefour El Mercado 2x62,5 g","2,19 €","17,52 €/kg",https://www.carrefour.es/supermercado/chorizo-iberico-en-lonchas-carrefour-el-mercado-2x625-g/R-VC4AECOMM-468274/p,https://static.carrefour.es/hd_350x_/img_pim_food/468274_00_1.jpg,Disponible
08-04-2025,19:34:02,Productos Frescos,Queso de vaca Havarti de barra en lonchas Arla 220 g aprox,"3,77 €","17,15 €/kg",https://www.carrefour.es/supermercado/queso-de-vaca-havarti-de-barra-en-lonchas-arla-220-g-aprox/R-698102545/p,https://static.carrefour.es/hd_350x_/img_pim_food/099490_00_1.jpg,Disponible
08-04-2025,19:34:02,Productos Frescos,Paleta de Cebo Ibérica 50% Raza Ibérica en lonchas IberSierra sin gluten y sin lactosa 100 g,"6,79 €","67,90 €/kg",https://www.carrefour.es/supermercado/paleta-de-cebo-iberica-50-raza-iberica-en-lonchas-ibersierra-sin-gluten-y-sin-lactosa-100-g/R-VC4AECOMM-694999/p,https://static.carrefour.es/hd_350x_/img_pim_food/694999_00_1.jpg,Disponible
08-04-2025,19:34:02,Productos Frescos,Bacon cocido ahumado en lonchas El Pozo sin gluten y sin lactosa 110 g,"1,49 €","13,55 €/kg",https://www.carrefour.es/supermercado/bacon-cocido-ahumado-en-lonchas-el-pozo-sin-gluten-y-sin-lactosa-110-g/R-VC4AECOMM-711274/p,https://static.carrefour.es/hd_350x_/img_pim_food/711274_00_1.jpg,Disponible
08-04-2025,19:34:02,Productos Frescos,Crema de queso clásico ecológico Carrefour Bio 150 g.,"1,47 €","9,80 €/kg",https://www.carrefour.es/supermercado/crema-de-queso-clasico-ecologico-carrefour-bio-150-g/R-VC4AECOMM-120096/p,https://static.carrefour.es/hd_350x_/img_pim_food/120096_00_1.jpg,Disponible
08-04-2025,19:34:02,Productos Frescos,Filete 1ªA de Vacuno Carrefour 500 g,"8,49 €","16,99 €/kg",https://www.carrefour.es/supermercado/filete-1a-de-vacuno-carrefour-500-g/R-608101731/p,https://static.carrefour.es/hd_350x_/img_pim_food/279725_00_1.jpg,Disponible
08-04-2025,19:34:02,Productos Frescos,Bacon cocido ahumado lonchas corte fresco El Pozo sin gluten sin lactosa 150 g.,"2,69 €","17,93 €/kg",https://www.carrefour.es/supermercado/bacon-cocido-ahumado-lonchas-corte-fresco-el-pozo-sin-gluten-sin-lactosa-150-g/R-VC4AECOMM-710953/p,https://static.carrefour.es/hd_350x_/img_pim_food/710953_00_1.jpg,Disponible
08-04-2025,19:34:02,Productos Frescos,Pepperoni en lonchas Carrefour El Mercado sin gluten 75 g,"1,79 €","23,87 €/kg",https://www.carrefour.es/supermercado/pepperoni-en-lonchas-carrefour-el-mercado-sin-gluten-75-g/R-VC4AECOMM-207009/p,https://static.carrefour.es/hd_350x_/img_pim_food/207009_00_1.jpg,Disponible
08-04-2025,19:34:45,Productos Frescos,Queso Kiri natural 216 g.,,"22,64 €/kg",https://www.carrefour.es/supermercado/queso-kiri-natural-216-g/R-521030610/p,https://static.carrefour.es/hd_350x_/img_pim_food/090611_00_1.jpg,Disponible
08-04-2025,19:34:45,Productos Frescos,Patas de pulpo cocido Carrefour El Mercado 270 g,"11,95 €","44,26 €/kg",https://www.carrefour.es/supermercado/patas-de-pulpo-cocido-carrefour-el-mercado-270-g/R-VC4AECOMM-335273/p,https://static.carrefour.es/hd_350x_/img_pim_food/335273_00_1.jpg,Disponible
08-04-2025,19:34:45,Productos Frescos,Lacón en tapas cortadas a cuchillo MRM 170 g,"4,09 €","24,06 €/kg",https://www.carrefour.es/supermercado/lacon-en-tapas-cortadas-a-cuchillo-mrm-170-g/R-683508017/p,https://static.carrefour.es/hd_350x_/img_pim_food/070883_00_1.jpg,Disponible
08-04-2025,19:34:45,Productos Frescos,Carcasa de Pollo Carrefour 600 g aprox,"0,59 €","1,19 €/kg",https://www.carrefour.es/supermercado/carcasa-de-pollo-carrefour-600-g-aprox/R-522714137/p,https://static.carrefour.es/hd_350x_/img_pim_food/093123_00_1.jpg,Disponible
08-04-2025,19:34:45,Productos Frescos,Queso en lonchas Proteína Plus Carrefour Sensation 150 g.,"2,65 €","17,67 €/kg",https://www.carrefour.es/supermercado/queso-en-lonchas-proteina-plus-carrefour-sensation-150-g/R-VC4AECOMM-422061/p,https://static.carrefour.es/hd_350x_/img_pim_food/422061_00_1.jpg,Disponible
08-04-2025,19:34:45,Productos Frescos,Almeja Japónica fresca 500 g,"11,05 €","22,10 €/kg",https://www.carrefour.es/supermercado/almeja-japonica-fresca-500-g/R-645501796/p,https://static.carrefour.es/hd_350x_/img_pim_food/815739_00_1.jpg,Disponible
08-04-2025,19:34:45,Productos Frescos,Pechuga de pollo fileteada marinada a las finas hierbas Coren 400 g aprox,"2,96 €","7,39 €/kg",https://www.carrefour.es/supermercado/pechuga-de-pollo-fileteada-marinada-a-las-finas-hierbas-coren-400-g-aprox/R-790114293/p,https://static.carrefour.es/hd_350x_/img_pim_food/886086_00_1.jpg,Disponible
08-04-2025,19:34:45,Productos Frescos,Salchichas King El Pozo sin gluten 330 g.,"2,15 €","6,52 €/kg",https://www.carrefour.es/supermercado/salchichas-king-el-pozo-sin-gluten-330-g/R-prod820199/p,https://static.carrefour.es/hd_350x_/img_pim_food/263826_00_1.jpg,Disponible
08-04-2025,19:34:45,Productos Frescos,Queso emmental en lonchas Carrefour 150 g.,"2,15 €","14,33 €/kg",https://www.carrefour.es/supermercado/queso-emmental-en-lonchas-carrefour-150-g/R-784418122/p,https://static.carrefour.es/hd_350x_/img_pim_food/873940_00_1.jpg,Disponible
08-04-2025,19:34:45,Productos Frescos,Regañás de pan Carrefour El Mercado 500 g,"2,54 €","5,08 €/kg",https://www.carrefour.es/supermercado/reganas-de-pan-carrefour-el-mercado-500-g/R-789855620/p,https://static.carrefour.es/hd_350x_/img_pim_food/885461_00_1.jpg,Disponible
08-04-2025,19:34:45,Productos Frescos,Pechuga de pavo fileteada Carrefour 500 g aprox,"4,94 €","9,89 €/kg",https://www.carrefour.es/supermercado/pechuga-de-pavo-fileteada-carrefour-500-g-aprox/R-prod920184/p,https://static.carrefour.es/hd_350x_/img_pim_food/039637_00_1.jpg,Disponible
08-04-2025,19:34:45,Productos Frescos,Jamón de cebo ibérico 50% raza ibérica en lonchas Carrefour 100 g,"6,29 €","62,90 €/kg",https://www.carrefour.es/supermercado/jamon-de-cebo-iberico-50-raza-iberica-en-lonchas-carrefour-100-g/R-618405074/p,https://static.carrefour.es/hd_350x_/img_pim_food/373914_00_1.jpg,Disponible
08-04-2025,19:34:45,Productos Frescos,Macarrones boloñesa Carrefour El Mercado 280 g,"2,35 €","8,39 €/kg",https://www.carrefour.es/supermercado/macarrones-bolonesa-carrefour-el-mercado-280-g/R-VC4AECOMM-721705/p,https://static.carrefour.es/hd_350x_/img_pim_food/721705_00_1.jpg,Disponible
08-04-2025,19:34:45,Productos Frescos,Verduras para Wok mediterráneo Carrefour 400 g,"1,99 €","4,97 €/kg",https://www.carrefour.es/supermercado/verduras-para-wok-mediterraneo-carrefour-400-g/R-526104355/p,https://static.carrefour.es/hd_350x_/img_pim_food/014526_00_1.jpg,Disponible
08-04-2025,19:34:45,Productos Frescos,Chopped tipo lata en lonchas ElPozo sin gluten 250 g,"2,55 €","10,20 €/kg",https://www.carrefour.es/supermercado/chopped-tipo-lata-en-lonchas-elpozo-sin-gluten-250-g/R-VC4AECOMM-710172/p,https://static.carrefour.es/hd_350x_/img_pim_food/710172_00_1.jpg,Disponible
08-04-2025,19:34:45,Productos Frescos,Queso fundido en lonchas light Carrefour 300 g.,"2,05 €","6,83 €/kg",https://www.carrefour.es/supermercado/queso-fundido-en-lonchas-light-carrefour-300-g/R-VC4AECOMM-110226/p,https://static.carrefour.es/hd_350x_/img_pim_food/110226_00_1.jpg,Disponible
08-04-2025,19:34:45,Productos Frescos,Brócoli floretes Carrefour 400 g,"2,45 €","6,12 €/kg",https://www.carrefour.es/supermercado/brocoli-floretes-carrefour-400-g/R-VC4AECOMM-444613/p,https://static.carrefour.es/hd_350x_/img_pim_food/444613_00_1.jpg,Disponible
08-04-2025,19:34:45,Productos Frescos,Jamón cocido receta clásica Noel sin gluten y sin lactosa 250 g aprox,"2,50 €","9,99 €/kg",https://www.carrefour.es/supermercado/jamon-cocido-receta-clasica-noel-sin-gluten-y-sin-lactosa-250-g-aprox/R-VC4AECOMM-693847/p,https://static.carrefour.es/hd_350x_/img_pim_food/693847_00_1.jpg,Disponible
08-04-2025,19:34:45,Productos Frescos,Empanada rectangular de atún 700 g,"5,50 €","5,50 €/ud",https://www.carrefour.es/supermercado/empanada-rectangular-de-atun-700-g/R-566001794/p,https://static.carrefour.es/hd_350x_/img_pim_food/406847_00_1.jpg,Disponible
08-04-2025,19:34:45,Productos Frescos,Pechuga de pavo en lonchas Un Momento y Listo Serrano sin gluten sin lactosa 200 g.,"2,99 €","14,95 €/kg",https://www.carrefour.es/supermercado/pechuga-de-pavo-en-lonchas-un-momento-y-listo-serrano-sin-gluten-sin-lactosa-200-g/R-530362920/p,https://static.carrefour.es/hd_350x_/img_pim_food/152569_00_1.jpg,Disponible
08-04-2025,19:34:45,Productos Frescos,Nuggets de pollo Carrefour El Mercado 320 g,"2,69 €","8,41 €/kg",https://www.carrefour.es/supermercado/nuggets-de-pollo-carrefour-el-mercado-320-g/R-VC4AECOMM-367046/p,https://static.carrefour.es/hd_350x_/img_pim_food/367046_00_1.jpg,Disponible
08-04-2025,19:34:45,Productos Frescos,Contramuslo de pollo sin piel Carrefour 400 g aprox,"1,56 €","3,89 €/kg",https://www.carrefour.es/supermercado/contramuslo-de-pollo-sin-piel-carrefour-400-g-aprox/R-521032574/p,https://static.carrefour.es/hd_350x_/img_pim_food/091742_00_1.jpg,Disponible
08-04-2025,19:34:45,Productos Frescos,"Canelones de carne, setas y boletus Carrefour el Mercado 350 g","3,30 €","9,43 €/kg",https://www.carrefour.es/supermercado/canelones-de-carne-setas-y-boletus-carrefour-el-mercado-350-g/R-VC4AECOMM-554201/p,https://static.carrefour.es/hd_350x_/img_pim_food/554201_00_1.jpg,Disponible
08-04-2025,19:34:45,Productos Frescos,Queso fresco Carrefour Classic 250 g,"1,60 €","6,40 €/kg",https://www.carrefour.es/supermercado/queso-fresco-carrefour-classic-250-g/R-VC4AECOMM-423588/p,https://static.carrefour.es/hd_350x_/img_pim_food/423588_00_1.jpg,Disponible
08-04-2025,19:35:27,Productos Frescos,Queso tierno en lonchas El Ventero 200 g.,"4,29 €","21,45 €/kg",https://www.carrefour.es/supermercado/queso-tierno-en-lonchas-el-ventero-200-g/R-521030521/p,https://static.carrefour.es/hd_350x_/img_pim_food/414164_00_1.jpg,Disponible
08-04-2025,19:35:27,Productos Frescos,Preparado de puré de verduras peladas 900 g,"3,09 €",3090 €/ud,https://www.carrefour.es/supermercado/preparado-de-pure-de-verduras-peladas-900-g/R-528413012/p,https://static.carrefour.es/hd_350x_/img_pim_food/174504_00_1.jpg,Disponible
08-04-2025,19:35:27,Productos Frescos,Palmera de chocolate Carrefour 4 ud,"3,65 €","0,91 €/ud",https://www.carrefour.es/supermercado/palmera-de-chocolate-carrefour-4-ud/R-527030776/p,https://static.carrefour.es/hd_350x_/img_pim_food/176721_00_1.jpg,Disponible
08-04-2025,19:35:27,Productos Frescos,Jamoncitos de pollo extra Carrefour 1 kg aprox,,"3,39 €/kg",https://www.carrefour.es/supermercado/jamoncitos-de-pollo-extra-carrefour-1-kg-aprox/R-521032584/p,https://static.carrefour.es/hd_350x_/img_pim_food/091745_00_1.jpg,Disponible
08-04-2025,19:35:27,Productos Frescos,Pan de molde integral 800 g,"2,13 €","2,66 €/kg",https://www.carrefour.es/supermercado/pan-de-molde-integral-800-g/R-795756460/p,https://static.carrefour.es/hd_350x_/img_pim_food/896691_00_1.jpg,Disponible
08-04-2025,19:35:27,Productos Frescos,Jamón Serrano Gran Selección Duroc en lonchas Carrefour El Mercado 90 g,"2,69 €","29,89 €/kg",https://www.carrefour.es/supermercado/jamon-serrano-gran-seleccion-duroc-en-lonchas-carrefour-el-mercado-90-g/R-VC4AECOMM-243195/p,https://static.carrefour.es/hd_350x_/img_pim_food/243195_00_1.jpg,Disponible
08-04-2025,19:35:27,Productos Frescos,Longaniza Roja Carrefour 500 g aprox,"3,34 €","6,69 €/kg",https://www.carrefour.es/supermercado/longaniza-roja-carrefour-500-g-aprox/R-VC4AECOMM-058980/p,https://static.carrefour.es/hd_350x_/img_pim_food/058980_00_1.jpg,Disponible
08-04-2025,19:35:27,Productos Frescos,Solomillo de cerdo Extratiernos ElPozo 750 g aprox,"8,17 €","10,89 €/kg",https://www.carrefour.es/supermercado/solomillo-de-cerdo-extratiernos-elpozo-750-g-aprox/R-820613828/p,https://static.carrefour.es/hd_350x_/img_pim_food/952417_00_1.jpg,Disponible
08-04-2025,19:35:27,Productos Frescos,Queso fondue Carrefour Original 400 g.,"4,45 €","11,12 €/kg",https://www.carrefour.es/supermercado/queso-fondue-carrefour-original-400-g/R-625404563/p,https://static.carrefour.es/hd_350x_/img_pim_food/801116_00_1.jpg,Disponible
08-04-2025,19:35:27,Productos Frescos,Cogollos rojos Carrefour 3 ud,"1,45 €","4,14 €/kg",https://www.carrefour.es/supermercado/cogollos-rojos-carrefour-3-ud/R-VC4AECOMM-779111/p,https://static.carrefour.es/hd_350x_/img_pim_food/779111_00_1.jpg,Disponible
08-04-2025,19:35:27,Productos Frescos,Pan Proteico mediano Ketterer 450 g,"4,19 €","9,31 €/kg",https://www.carrefour.es/supermercado/pan-proteico-mediano-ketterer-450-g/R-fprod1250088/p,https://static.carrefour.es/hd_350x_/img_pim_food/295607_00_1.jpg,Disponible
08-04-2025,19:35:27,Productos Frescos,Salchichas BIG queso El Pozo sin gluten pack de 3 unidades de 200 g.,"2,50 €","4,17 €/kg",https://www.carrefour.es/supermercado/salchichas-big-queso-el-pozo-sin-gluten-pack-de-3-unidades-de-200-g/R-711410916/p,https://static.carrefour.es/hd_350x_/img_pim_food/426766_00_1.jpg,Disponible
08-04-2025,19:35:27,Productos Frescos,Salami extra en lonchas Carrefour El Mercado 2x120 g,"2,15 €","8,96 €/kg",https://www.carrefour.es/supermercado/salami-extra-en-lonchas-carrefour-el-mercado-2x120-g/R-VC4AECOMM-248782/p,https://static.carrefour.es/hd_350x_/img_pim_food/248782_00_1.jpg,Disponible
08-04-2025,19:35:27,Productos Frescos,Queso semicurado en lonchas mezcla García Baquero 200 g.,"3,89 €","19,45 €/kg",https://www.carrefour.es/supermercado/queso-semicurado-en-lonchas-mezcla-garcia-baquero-200-g/R-521030527/p,https://static.carrefour.es/hd_350x_/img_pim_food/414672_00_1.jpg,Disponible
08-04-2025,19:35:27,Productos Frescos,Media gallina Nutrave 700 g aprox,"3,43 €","4,90 €/kg",https://www.carrefour.es/supermercado/media-gallina-nutrave-700-g-aprox/R-608101557/p,https://static.carrefour.es/hd_350x_/img_pim_food/270271_00_1.jpg,Disponible
08-04-2025,19:35:27,Productos Frescos,Boquerones en vinagre De Nuestra Tierra 140 g,"4,39 €","43,90 €/kg",https://www.carrefour.es/supermercado/boquerones-en-vinagre-de-nuestra-tierra-140-g/R-prod1110060/p,https://static.carrefour.es/hd_350x_/img_pim_food/150142_00_1.jpg,Disponible
08-04-2025,19:35:27,Productos Frescos,Queso camembert Caprice des Dieux 200 g,"4,35 €","21,75 €/kg",https://www.carrefour.es/supermercado/queso-camembert-caprice-des-dieux-200-g/R-VC4AECOMM-683446/p,https://static.carrefour.es/hd_350x_/img_pim_food/683446_00_1.jpg,Disponible
08-04-2025,19:35:27,Productos Frescos,Espaguetis carbonara Carrefour El Mercado 280 g,"2,20 €","7,86 €/kg",https://www.carrefour.es/supermercado/espaguetis-carbonara-carrefour-el-mercado-280-g/R-VC4AECOMM-721710/p,https://static.carrefour.es/hd_350x_/img_pim_food/721710_00_1.jpg,Disponible
08-04-2025,19:35:27,Productos Frescos,Stick de apio blanco Carrefour El Mercado 300 g,"1,89 €","6,30 €/kg",https://www.carrefour.es/supermercado/stick-de-apio-blanco-carrefour-el-mercado-300-g/R-prod300893/p,https://static.carrefour.es/hd_350x_/img_pim_food/354188_00_1.jpg,Disponible
08-04-2025,19:35:27,Productos Frescos,Lechuga trocadero Carrefour 150 g,"1,59 €","10,60 €/kg",https://www.carrefour.es/supermercado/lechuga-trocadero-carrefour-150-g/R-521032345/p,https://static.carrefour.es/hd_350x_/img_pim_food/522128_00_1.jpg,Disponible
08-04-2025,19:35:27,Productos Frescos,Jamón de Cebo Ibérico 50% Raza Ibérica en lonchas Carrefour El Mercado 90 g,"5,15 €","57,22 €/kg",https://www.carrefour.es/supermercado/jamon-de-cebo-iberico-50-raza-iberica-en-lonchas-carrefour-el-mercado-90-g/R-VC4AECOMM-243191/p,https://static.carrefour.es/hd_350x_/img_pim_food/243191_00_1.jpg,Disponible
08-04-2025,19:35:27,Productos Frescos,Pan de molde rústico 600 g,"2,13 €","3,55 €/kg",https://www.carrefour.es/supermercado/pan-de-molde-rustico-600-g/R-525964718/p,https://static.carrefour.es/hd_350x_/img_pim_food/688260_00_1.jpg,Disponible
08-04-2025,19:35:27,Productos Frescos,Preparado de carne picada de vacuno Círculo de Calidad 400 g,"5,19 €","12,97 €/kg",https://www.carrefour.es/supermercado/preparado-de-carne-picada-de-vacuno-circulo-de-calidad-400-g/R-prod1070062/p,https://static.carrefour.es/hd_350x_/img_pim_food/126715_00_1.jpg,Disponible
08-04-2025,19:35:27,Productos Frescos,Jamón de pavo bajo en grasa sin azúcares El Pozo Bienstar sin gluten y sin lactosa 380 g,"3,99 €","10,50 €/kg",https://www.carrefour.es/supermercado/jamon-de-pavo-bajo-en-grasa-sin-azucares-el-pozo-bienstar-sin-gluten-y-sin-lactosa-380-g/R-VC4AECOMM-710252/p,https://static.carrefour.es/hd_350x_/img_pim_food/710252_00_1.jpg,Disponible
08-04-2025,19:36:08,Productos Frescos,Caracolas de fruta Carrefour 4 ud,"3,65 €","0,91 €/ud",https://www.carrefour.es/supermercado/caracolas-de-fruta-carrefour-4-ud/R-680401681/p,https://static.carrefour.es/hd_350x_/img_pim_food/061007_00_1.jpg,Disponible
08-04-2025,19:36:08,Productos Frescos,Filetes de Pechuga de Pavo Marinado Carrefour El Mercado 500 g aprox,"4,94 €","9,89 €/kg",https://www.carrefour.es/supermercado/filetes-de-pechuga-de-pavo-marinado-carrefour-el-mercado-500-g-aprox/R-VC4AECOMM-190920/p,https://static.carrefour.es/hd_350x_/img_pim_food/190920_00_1.jpg,Disponible
08-04-2025,19:36:08,Productos Frescos,Fiambre de pechuga de pavo Mini Pavofrío Campofrío sin gluten y sin lactosa 340 g,"4,05 €","11,91 €/kg",https://www.carrefour.es/supermercado/fiambre-de-pechuga-de-pavo-mini-pavofrio-campofrio-sin-gluten-y-sin-lactosa-340-g/R-VC4AECOMM-698646/p,https://static.carrefour.es/hd_350x_/img_pim_food/698646_00_1.jpg,Disponible
08-04-2025,19:36:08,Productos Frescos,Filete 1ª A Vacuno El Mercado 500 g aprox,"8,49 €","16,99 €/kg",https://www.carrefour.es/supermercado/filete-1-a-vacuno-el-mercado-500-g-aprox/R-VC4AECOMM-133782/p,https://static.carrefour.es/hd_350x_/img_pim_food/133782_00_1.jpg,Disponible
08-04-2025,19:36:08,Productos Frescos,Paté a la pimienta Classic Carrefour sin gluten y sin lactosa 160 g.,"1,08 €","6,75 €/kg",https://www.carrefour.es/supermercado/pate-a-la-pimienta-classic-carrefour-sin-gluten-y-sin-lactosa-160-g/R-prod930006/p,https://static.carrefour.es/hd_350x_/img_pim_food/044271_00_1.jpg,Disponible
08-04-2025,19:36:08,Productos Frescos,Hamburguesa de vacuno sin gluten y sin lactosa Carrefour El Mercado 6x90 g,"5,19 €","9,61 €/kg",https://www.carrefour.es/supermercado/hamburguesa-de-vacuno-sin-gluten-y-sin-lactosa-carrefour-el-mercado-6x90-g/R-VC4AECOMM-479495/p,https://static.carrefour.es/hd_350x_/img_pim_food/479495_00_1.jpg,Disponible
08-04-2025,19:36:08,Productos Frescos,Estofado de Vacuno Carrefour El Mercado 500 g aprox,"7,27 €","14,55 €/kg",https://www.carrefour.es/supermercado/estofado-de-vacuno-carrefour-el-mercado-500-g-aprox/R-VC4AECOMM-133601/p,https://static.carrefour.es/hd_350x_/img_pim_food/133601_00_1.jpg,Disponible
08-04-2025,19:36:08,Productos Frescos,Cebolla echalotte Carrefour 250 g,"1,53 €","6,12 €/kg",https://www.carrefour.es/supermercado/cebolla-echalotte-carrefour-250-g/R-521031961/p,https://static.carrefour.es/hd_350x_/img_pim_food/795911_00_1.jpg,Disponible
08-04-2025,19:36:08,Productos Frescos,Chorizo picante extra sarta Palacios 250 g.,"4,35 €","17,40 €/kg",https://www.carrefour.es/supermercado/chorizo-picante-extra-sarta-palacios-250-g/R-VC4AECOMM-709407/p,https://static.carrefour.es/hd_350x_/img_pim_food/709407_00_1.jpg,Disponible
08-04-2025,19:36:08,Productos Frescos,Bacalao Skrei 3 kg aprox,,"10,95 €/kg",https://www.carrefour.es/supermercado/bacalao-skrei-3-kg-aprox/R-693806541/p,https://static.carrefour.es/hd_350x_/img_pim_food/183697_00_1.jpg,Disponible
08-04-2025,19:36:08,Productos Frescos,Tabulé oriental 400 g,"2,40 €","2,40 €/ud",https://www.carrefour.es/supermercado/tabule-oriental-400-g/R-808725776/p,https://static.carrefour.es/hd_350x_/img_pim_food/772170_00_1.jpg,Disponible
08-04-2025,19:36:08,Productos Frescos,Mousse pato medallón Aoste pack de 2 unidades de 100 g,"4,39 €","21,95 €/kg",https://www.carrefour.es/supermercado/mousse-pato-medallon-aoste-pack-de-2-unidades-de-100-g/R-522714461/p,https://static.carrefour.es/hd_350x_/img_pim_food/159247_00_1.jpg,Disponible
08-04-2025,19:36:08,Productos Frescos,Chorizo Asturiano El Chico 250 g,"2,78 €","11,12 €/kg",https://www.carrefour.es/supermercado/chorizo-asturiano-el-chico-250-g/R-VC4AECOMM-110399/p,https://static.carrefour.es/hd_350x_/img_pim_food/110399_00_1.jpg,Disponible
08-04-2025,19:36:08,Productos Frescos,Pechuga de pollo fileteada 1 kg aprox,"7,29 €","7,29 €/kg",https://www.carrefour.es/supermercado/pechuga-de-pollo-fileteada-1-kg-aprox/R-827513089/p,https://static.carrefour.es/hd_350x_/img_pim_food/961475_00_1.jpg,Disponible
08-04-2025,19:36:08,Productos Frescos,Queso latino Goya 300 g.,"4,89 €","16,30 €/kg",https://www.carrefour.es/supermercado/queso-latino-goya-300-g/R-VC4AECOMM-686690/p,https://static.carrefour.es/hd_350x_/img_pim_food/686690_00_1.jpg,Disponible
08-04-2025,19:36:08,Productos Frescos,Pechuga de pavo cocido extra en lonchas Carrefour El Mercado 200 g,"2,35 €","11,75 €/kg",https://www.carrefour.es/supermercado/pechuga-de-pavo-cocido-extra-en-lonchas-carrefour-el-mercado-200-g/R-VC4AECOMM-050752/p,https://static.carrefour.es/hd_350x_/img_pim_food/050752_00_1.jpg,Disponible
08-04-2025,19:36:08,Productos Frescos,Jamón de Cebo Ibérico 50% Raza Ibérica cortado a cuchillo Círculo de Calidad 100 g aprox,"7,50 €",75 €/kg,https://www.carrefour.es/supermercado/jamon-de-cebo-iberico-50-raza-iberica-cortado-a-cuchillo-circulo-de-calidad-100-g-aprox/R-VC4AECOMM-497261/p,https://static.carrefour.es/hd_350x_/img_pim_food/497261_00_1.jpg,Disponible
08-04-2025,19:36:08,Productos Frescos,Lombarda 1 Kg,"2,05 €","2,05 €/kg",https://www.carrefour.es/supermercado/lombarda-1-kg/R-529916717/p,https://static.carrefour.es/hd_350x_/img_pim_food/050231_00_1.jpg,Disponible
08-04-2025,19:36:08,Productos Frescos,Chirimoya a granel Círculo de Calidad 1 kg aprox,"5,49 €","5,49 €/kg",https://www.carrefour.es/supermercado/chirimoya-a-granel-circulo-de-calidad-1-kg-aprox/R-VC4AECOMM-494087/p,https://static.carrefour.es/hd_350x_/img_pim_food/494087_00_1.jpg,Disponible
08-04-2025,19:36:08,Productos Frescos,Tarta de manzana redonda 500 g,"5,99 €","11,98 €/kg",https://www.carrefour.es/supermercado/tarta-de-manzana-redonda-500-g/R-VC4AECOMM-175922/p,https://static.carrefour.es/hd_350x_/img_pim_food/175922_00_1.jpg,Disponible
08-04-2025,19:36:08,Productos Frescos,Medio conejo troceado Círculo de Calidad 650 g aprox,"5,75 €","8,85 €/kg",https://www.carrefour.es/supermercado/medio-conejo-troceado-circulo-de-calidad-650-g-aprox/R-527054517/p,https://static.carrefour.es/hd_350x_/img_pim_food/793575_00_1.jpg,Disponible
08-04-2025,19:36:08,Productos Frescos,Coco 500 g aprox,"1,19 €","1,19 €/ud",https://www.carrefour.es/supermercado/coco-500-g-aprox/R-521031320/p,https://static.carrefour.es/hd_350x_/img_pim_food/036096_00_1.jpg,Disponible
08-04-2025,19:36:08,Productos Frescos,Paté a la pimienta Carrefour El Mercado sin gluten 100 g.,"1,59 €","15,90 €/kg",https://www.carrefour.es/supermercado/pate-a-la-pimienta-carrefour-el-mercado-sin-gluten-100-g/R-VC4AECOMM-187486/p,https://static.carrefour.es/hd_350x_/img_pim_food/187486_00_1.jpg,Disponible
08-04-2025,19:36:08,Productos Frescos,Bocadito de pan de hamburguesa 255 g,"1,88 €","7,37 €/kg",https://www.carrefour.es/supermercado/bocadito-de-pan-de-hamburguesa-255-g/R-538003198/p,https://static.carrefour.es/hd_350x_/img_pim_food/147929_00_1.jpg,Disponible
08-04-2025,19:36:52,Productos Frescos,Cabeza de lomo de cerdo Carrefour al vacío 1 kg aprox,"5,29 €","5,29 €/kg",https://www.carrefour.es/supermercado/cabeza-de-lomo-de-cerdo-carrefour-al-vacio-1-kg-aprox/R-825101789/p,https://static.carrefour.es/hd_350x_/img_pim_food/954542_00_1.jpg,Disponible
08-04-2025,19:36:52,Productos Frescos,Crema de queso de untar natural Philadelphia pack de 2 unidades de 250 g.,"4,89 €","9,78 €/kg",https://www.carrefour.es/supermercado/crema-de-queso-de-untar-natural-philadelphia-pack-de-2-unidades-de-250-g/R-854600355/p,https://static.carrefour.es/hd_350x_/img_pim_food/084438_00_1.jpg,Disponible
08-04-2025,19:36:52,Productos Frescos,Boniato ecológico 650 g,"2,85 €","5,70 €/kg",https://www.carrefour.es/supermercado/boniato-ecologico-650-g/R-827511606/p,https://static.carrefour.es/hd_350x_/img_pim_food/945933_00_1.jpg,Disponible
08-04-2025,19:36:52,Productos Frescos,Kale Carrefour El Mercado 200 g,"1,59 €","7,95 €/kg",https://www.carrefour.es/supermercado/kale-carrefour-el-mercado-200-g/R-prod760336/p,https://static.carrefour.es/hd_350x_/img_pim_food/860113_00_1.jpg,Disponible
08-04-2025,19:36:52,Productos Frescos,Mini croissant bombón 6 ud,"3,39 €","0,57 €/ud",https://www.carrefour.es/supermercado/mini-croissant-bombon-6-ud/R-prod790120/p,https://static.carrefour.es/hd_350x_/img_pim_food/990655_00_1.jpg,Disponible
08-04-2025,19:36:52,Productos Frescos,Centro de Paleta de Cebo Ibérica 50% Raza Ibérica al corte Círculo de calidad 170 g aprox,"5,59 €","32,90 €/kg",https://www.carrefour.es/supermercado/centro-de-paleta-de-cebo-iberica-50-raza-iberica-al-corte-circulo-de-calidad-170-g-aprox/R-628001728/p,https://static.carrefour.es/hd_350x_/img_pim_food/794880_00_1.jpg,Disponible
08-04-2025,19:36:52,Productos Frescos,Paleta de Cebo Ibérica 50% Raza Ibérica Carrefour El Mercado 90 g,"4,79 €","53,22 €/kg",https://www.carrefour.es/supermercado/paleta-de-cebo-iberica-50-raza-iberica-carrefour-el-mercado-90-g/R-VC4AECOMM-243202/p,https://static.carrefour.es/hd_350x_/img_pim_food/243202_00_1.jpg,Disponible
08-04-2025,19:36:52,Productos Frescos,Tortellini ricotta y espinacas Buitoni 230 g.,"3,19 €","13,87 €/kg",https://www.carrefour.es/supermercado/tortellini-ricotta-y-espinacas-buitoni-230-g/R-VC4AECOMM-462937/p,https://static.carrefour.es/hd_350x_/img_pim_food/462937_00_1.jpg,Disponible
08-04-2025,19:36:52,Productos Frescos,Pechuga de pollo certificado entera Carrefour 400 g aprox,"3,28 €","8,19 €/kg",https://www.carrefour.es/supermercado/pechuga-de-pollo-certificado-entera-carrefour-400-g-aprox/R-prod1020232/p,https://static.carrefour.es/hd_350x_/img_pim_food/094679_00_1.jpg,Disponible
08-04-2025,19:36:52,Productos Frescos,Bacalao desmigado desalado Carrefour El Mercado 250 g,"5,75 €",23 €/kg,https://www.carrefour.es/supermercado/bacalao-desmigado-desalado-carrefour-el-mercado-250-g/R-VC4AECOMM-713810/p,https://static.carrefour.es/hd_350x_/img_pim_food/713810_00_1.jpg,Disponible
08-04-2025,19:36:52,Productos Frescos,Salchichas con doble de leche Campofrío sin gluten 140 g.,"0,84 €",6 €/kg,https://www.carrefour.es/supermercado/salchichas-con-doble-de-leche-campofrio-sin-gluten-140-g/R-prod381304/p,https://static.carrefour.es/hd_350x_/img_pim_food/453095_00_1.jpg,Disponible
08-04-2025,19:36:52,Productos Frescos,Berenjena Carrefour Bio 2 Piezas,"2,39 €","4,78 €/kg",https://www.carrefour.es/supermercado/berenjena-carrefour-bio-2-piezas/R-fprod1450030/p,https://static.carrefour.es/hd_350x_/img_pim_food/376873_00_1.jpg,Disponible
08-04-2025,19:36:52,Productos Frescos,Fiambre de Pechuga de Pavo Noel sin gluten y sin lactosa 200 g aprox,"1,80 €","8,99 €/kg",https://www.carrefour.es/supermercado/fiambre-de-pechuga-de-pavo-noel-sin-gluten-y-sin-lactosa-200-g-aprox/R-VC4AECOMM-693826/p,https://static.carrefour.es/hd_350x_/img_pim_food/693826_00_1.jpg,Disponible
08-04-2025,19:36:52,Productos Frescos,Sobrasada El Pozo 250 g.,"2,19 €","8,76 €/kg",https://www.carrefour.es/supermercado/sobrasada-el-pozo-250-g/R-prod65862/p,https://static.carrefour.es/hd_350x_/img_pim_food/711185_00_1.jpg,Disponible
08-04-2025,19:36:52,Productos Frescos,Queso gorgonzola D.O.P Carrefour Extra 200 g,"2,95 €","14,75 €/kg",https://www.carrefour.es/supermercado/queso-gorgonzola-dop-carrefour-extra-200-g/R-VC4AECOMM-458663/p,https://static.carrefour.es/hd_350x_/img_pim_food/458663_00_1.jpg,Disponible
08-04-2025,19:36:52,Productos Frescos,Maíz cocido ecológico Carrefour Bio 400 g,"1,99 €","4,97 €/kg",https://www.carrefour.es/supermercado/maiz-cocido-ecologico-carrefour-bio-400-g/R-VC4AECOMM-354160/p,https://static.carrefour.es/hd_350x_/img_pim_food/354160_00_1.jpg,Disponible
08-04-2025,19:36:52,Productos Frescos,Hinojo 1 kg aprox,"3,09 €","3,09 €/kg",https://www.carrefour.es/supermercado/hinojo-1-kg-aprox/R-525888021/p,https://static.carrefour.es/hd_350x_/img_pim_food/050228_00_1.jpg,Disponible
08-04-2025,19:36:52,Productos Frescos,Ensalada xtreme pollo crispy Florette 210 g,"4,29 €","20,43 €/kg",https://www.carrefour.es/supermercado/ensalada-xtreme-pollo-crispy-florette-210-g/R-VC4AECOMM-294571/p,https://static.carrefour.es/hd_350x_/img_pim_food/294571_00_1.jpg,Disponible
08-04-2025,19:36:52,Productos Frescos,Mortadela de pavo con aceitunas en lonchas El Pozo sin gluten 225 g.,"2,55 €","11,33 €/kg",https://www.carrefour.es/supermercado/mortadela-de-pavo-con-aceitunas-en-lonchas-el-pozo-sin-gluten-225-g/R-VC4AECOMM-710258/p,https://static.carrefour.es/hd_350x_/img_pim_food/710258_00_1.jpg,Disponible
08-04-2025,19:36:52,Productos Frescos,"Pimiento rojo Simply 1,5 kg","3,35 €","2,23 €/kg",https://www.carrefour.es/supermercado/pimiento-rojo-simply-15-kg/R-VC4AECOMM-527714/p,https://static.carrefour.es/hd_350x_/img_pim_food/527714_00_1.jpg,Disponible
08-04-2025,19:36:52,Productos Frescos,"Queso fresco Carrefour sin lactosa pack de 4 unidades de 62,5 g.","1,83 €","7,32 €/kg",https://www.carrefour.es/supermercado/queso-fresco-carrefour-sin-lactosa-pack-de-4-unidades-de-625-g/R-prod460003/p,https://static.carrefour.es/hd_350x_/img_pim_food/826278_00_1.jpg,Disponible
08-04-2025,19:36:52,Productos Frescos,Solomillo de Pollo Marinado al Ajillo Coren 300 g aprox,"2,97 €","9,90 €/kg",https://www.carrefour.es/supermercado/solomillo-de-pollo-marinado-al-ajillo-coren-300-g-aprox/R-790114287/p,https://static.carrefour.es/hd_350x_/img_pim_food/886081_00_1.jpg,Disponible
08-04-2025,19:36:52,Productos Frescos,Queso comté D.O.P. 5 meses curación Carrefour cuña 250 g,"5,45 €","21,80 €/kg",https://www.carrefour.es/supermercado/queso-comte-dop-5-meses-curacion-carrefour-cuna-250-g/R-VC4AECOMM-681530/p,https://static.carrefour.es/hd_350x_/img_pim_food/681530_00_1.jpg,Disponible
08-04-2025,19:36:52,Productos Frescos,Mortadela de pavo en lonchas El Pozo sin gluten 250 g.,"2,55 €","10,20 €/kg",https://www.carrefour.es/supermercado/mortadela-de-pavo-en-lonchas-el-pozo-sin-gluten-250-g/R-VC4AECOMM-710112/p,https://static.carrefour.es/hd_350x_/img_pim_food/710112_00_1.jpg,Disponible
08-04-2025,19:37:35,Productos Frescos,Jamón cocido extra en lonchas ElPozo 1954 sin gluten y sin lactosa 120 g,"2,69 €","22,42 €/kg",https://www.carrefour.es/supermercado/jamon-cocido-extra-en-lonchas-elpozo-1954-sin-gluten-y-sin-lactosa-120-g/R-prod68046/p,https://static.carrefour.es/hd_350x_/img_pim_food/710126_00_1.jpg,Disponible
08-04-2025,19:37:35,Productos Frescos,Jamón de York para Sándwich en lonchas ElPozo sin gluten 300 g,"2,15 €","7,17 €/kg",https://www.carrefour.es/supermercado/jamon-de-york-para-sandwich-en-lonchas-elpozo-sin-gluten-300-g/R-VC4AECOMM-710916/p,https://static.carrefour.es/hd_350x_/img_pim_food/710916_00_1.jpg,Disponible
08-04-2025,19:37:35,Productos Frescos,Jamón de pavo pieza Simply sin gluten sin lactosa 400 g.,"2,15 €","5,37 €/kg",https://www.carrefour.es/supermercado/jamon-de-pavo-pieza-simply-sin-gluten-sin-lactosa-400-g/R-VC4AECOMM-709251/p,https://static.carrefour.es/hd_350x_/img_pim_food/709251_00_1.jpg,Disponible
08-04-2025,19:37:35,Productos Frescos,Jamón de Cebo Ibérico 50% Raza Ibérica en lonchas Nico 90 g,,"55,44 €/kg",https://www.carrefour.es/supermercado/jamon-de-cebo-iberico-50-raza-iberica-en-lonchas-nico-90-g/R-VC4AECOMM-137514/p,https://static.carrefour.es/hd_350x_/img_pim_food/137514_00_1.jpg,Disponible
08-04-2025,19:37:35,Productos Frescos,Queso fresco desnatado Burgo de Arias sin gluten pack de 3 unidades de 72 g.,"3,19 €","14,77 €/kg",https://www.carrefour.es/supermercado/queso-fresco-desnatado-burgo-de-arias-sin-gluten-pack-de-3-unidades-de-72-g/R-521030573/p,https://static.carrefour.es/hd_350x_/img_pim_food/406599_00_1.jpg,Disponible
08-04-2025,19:37:35,Productos Frescos,Hamburguesa de Vacuno Black Angus y Cerdo Ibérico Noel 180 g,"2,79 €","15,50 €/kg",https://www.carrefour.es/supermercado/hamburguesa-de-vacuno-black-angus-y-cerdo-iberico-noel-180-g/R-VC4AECOMM-530680/p,https://static.carrefour.es/hd_350x_/img_pim_food/530680_00_1.jpg,Disponible
08-04-2025,19:37:35,Productos Frescos,Finas del mar Carrefour Simply 400 g,"2,99 €","7,48 €/kg",https://www.carrefour.es/supermercado/finas-del-mar-carrefour-simply-400-g/R-VC4AECOMM-316019/p,https://static.carrefour.es/hd_350x_/img_pim_food/316019_00_1.jpg,Disponible
08-04-2025,19:37:35,Productos Frescos,Napolitana de crema Carrefour 4 ud,"2,75 €","0,69 €/ud",https://www.carrefour.es/supermercado/napolitana-de-crema-carrefour-4-ud/R-784209199/p,https://static.carrefour.es/hd_350x_/img_pim_food/873524_00_1.jpg,Disponible
08-04-2025,19:37:35,Productos Frescos,Queso en lonchas protein Arla 150 g.,"3,29 €","21,93 €/kg",https://www.carrefour.es/supermercado/queso-en-lonchas-protein-arla-150-g/R-prod731403/p,https://static.carrefour.es/hd_350x_/img_pim_food/857192_00_1.jpg,Disponible
08-04-2025,19:37:35,Productos Frescos,Albóndigas con salsa 275 g,"2,75 €",10 €/kg,https://www.carrefour.es/supermercado/albondigas-con-salsa-275-g/R-VC4AECOMM-413093/p,https://static.carrefour.es/hd_350x_/img_pim_food/413093_00_1.jpg,Disponible
08-04-2025,19:37:35,Productos Frescos,Queso semicurado mezcla graso García Baquero 300 g aprox,"5,01 €","16,69 €/kg",https://www.carrefour.es/supermercado/queso-semicurado-mezcla-graso-garcia-baquero-300-g-aprox/R-533401627/p,https://static.carrefour.es/hd_350x_/img_pim_food/399048_00_1.jpg,Disponible
08-04-2025,19:37:35,Productos Frescos,Hamburguesa de Vacuno Raza Frisona Carrefour El Mercado 240 g,"2,79 €","11,62 €/kg",https://www.carrefour.es/supermercado/hamburguesa-de-vacuno-raza-frisona-carrefour-el-mercado-240-g/R-VC4AECOMM-053256/p,https://static.carrefour.es/hd_350x_/img_pim_food/053256_00_1.jpg,Disponible
08-04-2025,19:37:35,Productos Frescos,"Papayon a granel 1,2 kg aprox","6,23 €","5,19 €/kg",https://www.carrefour.es/supermercado/papayon-a-granel-12-kg-aprox/R-prod720513/p,https://static.carrefour.es/hd_350x_/img_pim_food/832292_00_1.jpg,Disponible
08-04-2025,19:37:35,Productos Frescos,Crema de queso brie con trufa Président 105 g.,"2,05 €","19,52 €/kg",https://www.carrefour.es/supermercado/crema-de-queso-brie-con-trufa-president-105-g/R-prod860590/p,https://static.carrefour.es/hd_350x_/img_pim_food/392470_00_1.jpg,Disponible
08-04-2025,19:37:35,Productos Frescos,Zanahoria Círculo de Calidad 125 g,"0,99 €","7,92 €/kg",https://www.carrefour.es/supermercado/zanahoria-circulo-de-calidad-125-g/R-fprod1190595/p,https://static.carrefour.es/hd_350x_/img_pim_food/244812_00_1.jpg,Disponible
08-04-2025,19:37:35,Productos Frescos,Queso en lonchas curado Carrefour 200 g.,"3,85 €","19,25 €/kg",https://www.carrefour.es/supermercado/queso-en-lonchas-curado-carrefour-200-g/R-521030533/p,https://static.carrefour.es/hd_350x_/img_pim_food/584086_00_1.jpg,Disponible
08-04-2025,19:37:35,Productos Frescos,Ensalada New Yorker Carrefour 210 g,"2,49 €","12,97 €/kg",https://www.carrefour.es/supermercado/ensalada-new-yorker-carrefour-210-g/R-844803403/p,https://static.carrefour.es/hd_350x_/img_pim_food/988652_00_1.jpg,Disponible
08-04-2025,19:37:35,Productos Frescos,Croquetas caseras de jamón ibérico 295 g,"4,40 €","4,40 €/ud",https://www.carrefour.es/supermercado/croquetas-caseras-de-jamon-iberico-295-g/R-prod310245/p,https://static.carrefour.es/hd_350x_/img_pim_food/371923_00_1.jpg,Disponible
08-04-2025,19:37:35,Productos Frescos,Jamón cocido extra sin fosfatos en lonchas Círculo de Calidad 155 g,"1,99 €","12,84 €/kg",https://www.carrefour.es/supermercado/jamon-cocido-extra-sin-fosfatos-en-lonchas-circulo-de-calidad-155-g/R-825503648/p,https://static.carrefour.es/hd_350x_/img_pim_food/898935_00_1.jpg,Disponible
08-04-2025,19:37:35,Productos Frescos,Pechuga de pavo cocida en lonchas finas ElPozo 1954 sin gluten y sin lactosa 120 g,"2,69 €","22,42 €/kg",https://www.carrefour.es/supermercado/pechuga-de-pavo-cocida-en-lonchas-finas-elpozo-1954-sin-gluten-y-sin-lactosa-120-g/R-VC4AECOMM-710961/p,https://static.carrefour.es/hd_350x_/img_pim_food/710961_00_1.jpg,Disponible
08-04-2025,19:37:35,Productos Frescos,Empanada de hojaldre de atún 300 g,"3,30 €","3,30 €/ud",https://www.carrefour.es/supermercado/empanada-de-hojaldre-de-atun-300-g/R-544601618/p,https://static.carrefour.es/hd_350x_/img_pim_food/122007_00_1.jpg,Disponible
08-04-2025,19:37:35,Productos Frescos,Salchichas BIG pavo El Pozo sin gluten pack de 3 unidades de 200 g.,"2,50 €","4,17 €/kg",https://www.carrefour.es/supermercado/salchichas-big-pavo-el-pozo-sin-gluten-pack-de-3-unidades-de-200-g/R-766916874/p,https://static.carrefour.es/hd_350x_/img_pim_food/426760_00_1.jpg,Disponible
08-04-2025,19:37:35,Productos Frescos,Pechuga de pavo braseada artesana en lonchas Campofrío 180 g aprox,"2,75 €","15,29 €/kg",https://www.carrefour.es/supermercado/pechuga-de-pavo-braseada-artesana-en-lonchas-campofrio-180-g-aprox/R-prod800252/p,https://static.carrefour.es/hd_350x_/img_pim_food/991737_00_1.jpg,Disponible
08-04-2025,19:37:35,Productos Frescos,Sobrasada de Mallorca El Zagal 200 g.,"2,95 €","14,75 €/kg",https://www.carrefour.es/supermercado/sobrasada-de-mallorca-el-zagal-200-g/R-VC4AECOMM-709443/p,https://static.carrefour.es/hd_350x_/img_pim_food/709443_00_1.jpg,Disponible
08-04-2025,19:38:18,Productos Frescos,Queso maasdam Carrefour 375 g.,"3,39 €","9,04 €/kg",https://www.carrefour.es/supermercado/queso-maasdam-carrefour-375-g/R-VC4AECOMM-308318/p,https://static.carrefour.es/hd_350x_/img_pim_food/308318_00_1.jpg,Disponible
08-04-2025,19:38:18,Productos Frescos,Preparado de carne picada de vacuno El encinar de Humienta 400 g,,"11,37 €/kg",https://www.carrefour.es/supermercado/preparado-de-carne-picada-de-vacuno-el-encinar-de-humienta-400-g/R-VC4AECOMM-429804/p,https://static.carrefour.es/hd_350x_/img_pim_food/429804_00_1.jpg,Disponible
08-04-2025,19:38:18,Productos Frescos,Pera rocha Carrefour a granel 500 g aprox,"1,22 €","2,45 €/kg",https://www.carrefour.es/supermercado/pera-rocha-carrefour-a-granel-500-g-aprox/R-VC4AECOMM-094463/p,https://static.carrefour.es/hd_350x_/img_pim_food/094463_00_1.jpg,Disponible
08-04-2025,19:38:18,Productos Frescos,Salchichas BIG classic El Pozo sin gluten pack de 3 unidades de 200 g.,"2,50 €","4,17 €/kg",https://www.carrefour.es/supermercado/salchichas-big-classic-el-pozo-sin-gluten-pack-de-3-unidades-de-200-g/R-792400095/p,https://static.carrefour.es/hd_350x_/img_pim_food/872133_00_1.jpg,Disponible
08-04-2025,19:38:18,Productos Frescos,Pan batard Carrefour 1 ud.,"2,39 €","4,43 €/kg",https://www.carrefour.es/supermercado/pan-batard-carrefour-1-ud/R-prod760049/p,https://static.carrefour.es/hd_350x_/img_pim_food/859118_00_1.jpg,Disponible
08-04-2025,19:38:18,Productos Frescos,Lechuga romana 1 ud,"1,19 €","1,59 €/kg",https://www.carrefour.es/supermercado/lechuga-romana-1-ud/R-521034097/p,https://static.carrefour.es/hd_350x_/img_pim_food/050303_00_1.jpg,Disponible
08-04-2025,19:38:18,Productos Frescos,Preparado con aceite de coco y vitamina B12 en lonchas Violife sin gluten y sin lactosa 200 g.,"3,85 €","19,25 €/kg",https://www.carrefour.es/supermercado/preparado-con-aceite-de-coco-y-vitamina-b12-en-lonchas-violife-sin-gluten-y-sin-lactosa-200-g/R-fprod1200167/p,https://static.carrefour.es/hd_350x_/img_pim_food/253419_00_1.jpg,Disponible
08-04-2025,19:38:18,Productos Frescos,Cúrcuma ecológica  150 g,"1,85 €","12,33 €/kg",https://www.carrefour.es/supermercado/curcuma-ecologica-150-g/R-prod620148/p,https://static.carrefour.es/hd_350x_/img_pim_food/841533_00_1.jpg,Disponible
08-04-2025,19:38:18,Productos Frescos,Queso fundido en porciones El Caserío sin gluten 250 g.,"2,86 €","11,44 €/kg",https://www.carrefour.es/supermercado/queso-fundido-en-porciones-el-caserio-sin-gluten-250-g/R-521030594/p,https://static.carrefour.es/hd_350x_/img_pim_food/003153_00_1.jpg,Disponible
08-04-2025,19:38:18,Productos Frescos,Pavo con Trufa y Boletus al corte El Pozo Legado 150 g aprox,"2,68 €","17,90 €/kg",https://www.carrefour.es/supermercado/pavo-con-trufa-y-boletus-al-corte-el-pozo-legado-150-g-aprox/R-prod271630/p,https://static.carrefour.es/hd_350x_/img_pim_food/303747_00_1.jpg,Disponible
08-04-2025,19:38:18,Productos Frescos,Pincho Moruno de Pollo Marinado Adobado Carrefour 310 g,"3,09 €","9,97 €/kg",https://www.carrefour.es/supermercado/pincho-moruno-de-pollo-marinado-adobado-carrefour-310-g/R-VC4AECOMM-770262/p,https://static.carrefour.es/hd_350x_/img_pim_food/770262_00_1.jpg,Disponible
08-04-2025,19:38:18,Productos Frescos,Pan tostado Schär sin gluten y sin lactosa 260 g.,"5,39 €","20,73 €/kg",https://www.carrefour.es/supermercado/pan-tostado-schar-sin-gluten-y-sin-lactosa-260-g/R-651303669/p,https://static.carrefour.es/hd_350x_/img_pim_food/815280_00_1.jpg,Disponible
08-04-2025,19:38:18,Productos Frescos,Alas de Pollo Carrefour 500 g aprox,"3,34 €","6,69 €/kg",https://www.carrefour.es/supermercado/alas-de-pollo-carrefour-500-g-aprox/R-791562923/p,https://static.carrefour.es/hd_350x_/img_pim_food/887247_00_1.jpg,Disponible
08-04-2025,19:38:18,Productos Frescos,Torreznos sabor jamón ibérico Carrefour el Mercado 125 g,"2,95 €","23,60 €/kg",https://www.carrefour.es/supermercado/torreznos-sabor-jamon-iberico-carrefour-el-mercado-125-g/R-VC4AECOMM-413920/p,https://static.carrefour.es/hd_350x_/img_pim_food/413920_00_1.jpg,Disponible
08-04-2025,19:38:18,Productos Frescos,Queso gouda en lonchas light Carrefour Classic' 200 g.,"3,35 €","16,75 €/kg",https://www.carrefour.es/supermercado/queso-gouda-en-lonchas-light-carrefour-classic-200-g/R-521030630/p,https://static.carrefour.es/hd_350x_/img_pim_food/791591_00_1.jpg,Disponible
08-04-2025,19:38:18,Productos Frescos,Ravioli carne al brasato Buitoni 230 g.,"3,19 €","13,87 €/kg",https://www.carrefour.es/supermercado/ravioli-carne-al-brasato-buitoni-230-g/R-VC4AECOMM-462934/p,https://static.carrefour.es/hd_350x_/img_pim_food/462934_00_1.jpg,Disponible
08-04-2025,19:38:18,Productos Frescos,Salchichón de pavo en lonchas Carrefour El Mercado sin gluten y sin lactosa 2x75 g,"2,75 €","18,33 €/kg",https://www.carrefour.es/supermercado/salchichon-de-pavo-en-lonchas-carrefour-el-mercado-sin-gluten-y-sin-lactosa-2x75-g/R-VC4AECOMM-469098/p,https://static.carrefour.es/hd_350x_/img_pim_food/469098_00_1.jpg,Disponible
08-04-2025,19:38:18,Productos Frescos,Pan Rústico Redondo Airos sin gluten y sin lactosa 85 g,"1,09 €","12,82 €/kg",https://www.carrefour.es/supermercado/pan-rustico-redondo-airos-sin-gluten-y-sin-lactosa-85-g/R-VC4AECOMM-540494/p,https://static.carrefour.es/hd_350x_/img_pim_food/540494_00_1.jpg,Disponible
08-04-2025,19:38:18,Productos Frescos,Arreglo de Puchero Completo Carrefour El Mercado 900 g aprox,"5,30 €","5,89 €/kg",https://www.carrefour.es/supermercado/arreglo-de-puchero-completo-carrefour-el-mercado-900-g-aprox/R-609202840/p,https://static.carrefour.es/hd_350x_/img_pim_food/149459_00_1.jpg,Disponible
08-04-2025,19:38:18,Productos Frescos,Jamón cocido extra en lonchas extrafinas Carrefour El Mercado sin gluten 100 g,"2,59 €","28,78 €/kg",https://www.carrefour.es/supermercado/jamon-cocido-extra-en-lonchas-extrafinas-carrefour-el-mercado-sin-gluten-100-g/R-VC4AECOMM-164404/p,https://static.carrefour.es/hd_350x_/img_pim_food/164404_00_1.jpg,Disponible
08-04-2025,19:38:18,Productos Frescos,Pan campeonato Fricopan Spanien 750 g,"1,88 €","208,89 €/kg",https://www.carrefour.es/supermercado/pan-campeonato-fricopan-spanien-750-g/R-VC4AECOMM-433588/p,https://static.carrefour.es/hd_350x_/img_pim_food/433588_00_1.jpg,Disponible
08-04-2025,19:38:18,Productos Frescos,Jamoncitos de Pollo Congelado 1 kg,"3,29 €","3,29 €/kg",https://www.carrefour.es/supermercado/jamoncitos-de-pollo-congelado-1-kg/R-fprod1480186/p,https://static.carrefour.es/hd_350x_/img_pim_food/413333_00_1.jpg,Disponible
08-04-2025,19:38:18,Productos Frescos,Queso mozzarella Carrefour Classic sin lactosa 125 g,"1,64 €","13,12 €/kg",https://www.carrefour.es/supermercado/queso-mozzarella-carrefour-classic-sin-lactosa-125-g/R-VC4AECOMM-434542/p,https://static.carrefour.es/hd_350x_/img_pim_food/434542_00_1.jpg,Disponible
08-04-2025,19:38:18,Productos Frescos,Queso parmigiano reggiano Galbani 60 g.,"2,95 €","49,17 €/kg",https://www.carrefour.es/supermercado/queso-parmigiano-reggiano-galbani-60-g/R-521036256/p,https://static.carrefour.es/hd_350x_/img_pim_food/460435_00_1.jpg,Disponible
08-04-2025,19:39:01,Productos Frescos,Preparado para cocido Carrefour 1 kg aprox,"6,89 €","6,89 €/kg",https://www.carrefour.es/supermercado/preparado-para-cocido-carrefour-1-kg-aprox/R-522713961/p,https://static.carrefour.es/hd_350x_/img_pim_food/036118_00_1.jpg,Disponible
08-04-2025,19:39:01,Productos Frescos,Crema al queso azul Président 125 g.,"2,05 €","16,40 €/kg",https://www.carrefour.es/supermercado/crema-al-queso-azul-president-125-g/R-521030677/p,https://static.carrefour.es/hd_350x_/img_pim_food/568841_00_1.jpg,Disponible
08-04-2025,19:39:01,Productos Frescos,Mini Chorizo Snack'in Campofrío sin gluten 50 g,"1,55 €",31 €/kg,https://www.carrefour.es/supermercado/mini-chorizo-snackin-campofrio-sin-gluten-50-g/R-prod841698/p,https://static.carrefour.es/hd_350x_/img_pim_food/699035_00_1.jpg,Disponible
08-04-2025,19:39:01,Productos Frescos,Empanada de Hojaldre de Atún 600 g,"5,49 €","9,15 €/kg",https://www.carrefour.es/supermercado/empanada-de-hojaldre-de-atun-600-g/R-566001532/p,https://static.carrefour.es/hd_350x_/img_pim_food/121821_00_1.jpg,Disponible
08-04-2025,19:39:01,Productos Frescos,Ajo-Puerro tierno grande  manojo de 150 g,"1,85 €","12,33 €/kg",https://www.carrefour.es/supermercado/ajo-puerro-tierno-grande-manojo-de-150-g/R-522714026/p,https://static.carrefour.es/hd_350x_/img_pim_food/176737_00_1.jpg,Disponible
08-04-2025,19:39:01,Productos Frescos,Fiambre de Pechuga de Pavo en lonchas ElPozo sin gluten y sin lactosa 80 g,1 €,"12,50 €/kg",https://www.carrefour.es/supermercado/fiambre-de-pechuga-de-pavo-en-lonchas-elpozo-sin-gluten-y-sin-lactosa-80-g/R-VC4AECOMM-135083/p,https://static.carrefour.es/hd_350x_/img_pim_food/135083_00_1.jpg,Disponible
08-04-2025,19:39:01,Productos Frescos,Arroz tres delicias Carrefour El Mercado 350 g,"3,55 €","3,55 €/ud",https://www.carrefour.es/supermercado/arroz-tres-delicias-carrefour-el-mercado-350-g/R-525888285/p,https://static.carrefour.es/hd_350x_/img_pim_food/748029_00_1.jpg,Disponible
08-04-2025,19:39:01,Productos Frescos,Pastel de atún 250 g,"2,90 €","11,60 €/kg",https://www.carrefour.es/supermercado/pastel-de-atun-250-g/R-VC4AECOMM-683233/p,https://static.carrefour.es/hd_350x_/img_pim_food/683233_00_1.jpg,Disponible
08-04-2025,19:39:01,Productos Frescos,Queso rallado emmental ecológico Carrefour Bio 200 g.,"2,55 €","12,75 €/kg",https://www.carrefour.es/supermercado/queso-rallado-emmental-ecologico-carrefour-bio-200-g/R-VC4AECOMM-435090/p,https://static.carrefour.es/hd_350x_/img_pim_food/435090_00_1.jpg,Disponible
08-04-2025,19:39:01,Productos Frescos,Manzana golden ecológica bandeja 4 ud 750 g,"2,85 €","3,80 €/kg",https://www.carrefour.es/supermercado/manzana-golden-ecologica-bandeja-4-ud-750-g/R-589705758/p,https://static.carrefour.es/hd_350x_/img_pim_food/281634_00_1.jpg,Disponible
08-04-2025,19:39:01,Productos Frescos,Queso mozzarella light Galbani 125 g.,"2,09 €","16,72 €/kg",https://www.carrefour.es/supermercado/queso-mozzarella-light-galbani-125-g/R-522714316/p,https://static.carrefour.es/hd_350x_/img_pim_food/571568_00_1.jpg,Disponible
08-04-2025,19:39:01,Productos Frescos,Hamburguesa de vacuno añojo Círculo de Calidad 4x90 g,"4,99 €","13,86 €/kg",https://www.carrefour.es/supermercado/hamburguesa-de-vacuno-anojo-circulo-de-calidad-4x90-g/R-VC4AECOMM-813770/p,https://static.carrefour.es/hd_350x_/img_pim_food/813770_00_1.jpg,Disponible
08-04-2025,19:39:01,Productos Frescos,Cabeza de cerdo ibérica con pistachos al corte Frial sin gluten y sin lactosa 250 g aprox,"4,24 €","16,95 €/kg",https://www.carrefour.es/supermercado/cabeza-de-cerdo-iberica-con-pistachos-al-corte-frial-sin-gluten-y-sin-lactosa-250-g-aprox/R-590501682/p,https://static.carrefour.es/hd_350x_/img_pim_food/067961_00_1.jpg,Disponible
08-04-2025,19:39:01,Productos Frescos,Jamón Cocido Extra Braseado al corte El Pozo Edición 1954 170 g aprox,"2,03 €","11,95 €/kg",https://www.carrefour.es/supermercado/jamon-cocido-extra-braseado-al-corte-el-pozo-edicion-1954-170-g-aprox/R-835367307/p,https://static.carrefour.es/hd_350x_/img_pim_food/969372_00_1.jpg,Disponible
08-04-2025,19:39:01,Productos Frescos,Queso rulo de cabra Sant Maure 180 g.,"3,85 €","21,39 €/kg",https://www.carrefour.es/supermercado/queso-rulo-de-cabra-sant-maure-180-g/R-VC4AECOMM-685569/p,https://static.carrefour.es/hd_350x_/img_pim_food/685569_00_1.jpg,Disponible
08-04-2025,19:39:01,Productos Frescos,Mini napolitana de chocolate Carrefour 10 ud,"3,65 €","0,36 €/ud",https://www.carrefour.es/supermercado/mini-napolitana-de-chocolate-carrefour-10-ud/R-669401923/p,https://static.carrefour.es/hd_350x_/img_pim_food/330589_00_1.jpg,Disponible
08-04-2025,19:39:01,Productos Frescos,Magdalena con pepitas de chocolate Carrefour 450 g,"3,99 €","53,20 €/kg",https://www.carrefour.es/supermercado/magdalena-con-pepitas-de-chocolate-carrefour-450-g/R-VC4AECOMM-504869/p,https://static.carrefour.es/hd_350x_/img_pim_food/504869_00_1.jpg,Disponible
08-04-2025,19:39:01,Productos Frescos,Bizcocho rondo de cacao Carrefour El Mercado 700 g,"3,99 €","5,70 €/kg",https://www.carrefour.es/supermercado/bizcocho-rondo-de-cacao-carrefour-el-mercado-700-g/R-prod281231/p,https://static.carrefour.es/hd_350x_/img_pim_food/342495_00_1.jpg,Disponible
08-04-2025,19:39:01,Productos Frescos,Queso de mezcla curado Gran Capitán cuña ya cortada de 210 g,"6,65 €","31,67 €/kg",https://www.carrefour.es/supermercado/queso-de-mezcla-curado-gran-capitan-cuna-ya-cortada-de-210-g/R-prod841629/p,https://static.carrefour.es/hd_350x_/img_pim_food/712289_00_1.jpg,Disponible
08-04-2025,19:39:01,Productos Frescos,Paté a las finas hierbas Casa Tarradellas sin gluten 125 g.,"1,34 €","10,72 €/kg",https://www.carrefour.es/supermercado/pate-a-las-finas-hierbas-casa-tarradellas-sin-gluten-125-g/R-521006622/p,https://static.carrefour.es/hd_350x_/img_pim_food/002667_00_1.jpg,Disponible
08-04-2025,19:39:01,Productos Frescos,Jamón cocido extra lonchas finas ElPozo sin gluten 115 g,"1,50 €","13,04 €/kg",https://www.carrefour.es/supermercado/jamon-cocido-extra-lonchas-finas-elpozo-sin-gluten-115-g/R-VC4AECOMM-175771/p,https://static.carrefour.es/hd_350x_/img_pim_food/175771_00_1.jpg,Disponible
08-04-2025,19:39:01,Productos Frescos,Bizcochitos Tosta Rica 125 g.,"3,29 €","26,32 €/kg",https://www.carrefour.es/supermercado/bizcochitos-tosta-rica-125-g/R-639501900/p,https://static.carrefour.es/hd_350x_/img_pim_food/812902_00_1.jpg,Disponible
08-04-2025,19:39:01,Productos Frescos,Maletín de Jamón de Cebo Ibérico 50% Raza Ibérica en lonchas El Pozo sin gluten y sin lactosa 15 sobres de 50 g,51 €,68 €/kg,https://www.carrefour.es/supermercado/maletin-de-jamon-de-cebo-iberico-50-raza-iberica-en-lonchas-el-pozo-sin-gluten-y-sin-lactosa-15-sobres-de-50-g/R-VC4AECOMM-231130/p,https://static.carrefour.es/hd_350x_/img_pim_food/231130_00_1.jpg,Disponible
08-04-2025,19:39:01,Productos Frescos,Salchichas de pechuga de pavo King El Pozo sin gluten 330 g.,"2,15 €","6,52 €/kg",https://www.carrefour.es/supermercado/salchichas-de-pechuga-de-pavo-king-el-pozo-sin-gluten-330-g/R-prod820183/p,https://static.carrefour.es/hd_350x_/img_pim_food/264296_00_1.jpg,Disponible
08-04-2025,19:39:43,Productos Frescos,Burrata bufala Carrefour Extra 125 g,"2,49 €","19,92 €/kg",https://www.carrefour.es/supermercado/burrata-bufala-carrefour-extra-125-g/R-VC4AECOMM-491095/p,https://static.carrefour.es/hd_350x_/img_pim_food/491095_00_1.jpg,Disponible
08-04-2025,19:39:43,Productos Frescos,Pechuga de pavo cocida con contenido reducido en sal Campofrío Cuida-t + sin gluten y sin lactosa 65 g.,"0,99 €","15,23 €/kg",https://www.carrefour.es/supermercado/pechuga-de-pavo-cocida-con-contenido-reducido-en-sal-campofrio-cuida-t-sin-gluten-y-sin-lactosa-65-g/R-VC4AECOMM-698959/p,https://static.carrefour.es/hd_350x_/img_pim_food/698959_00_1.jpg,Disponible
08-04-2025,19:39:43,Productos Frescos,Paté de atún con aceite de girasol Carrefour pack de 3 unidades de 80 g.,"1,94 €","8,08 €/kg",https://www.carrefour.es/supermercado/pate-de-atun-con-aceite-de-girasol-carrefour-pack-de-3-unidades-de-80-g/R-prod540149/p,https://static.carrefour.es/hd_350x_/img_pim_food/835014_00_1.jpg,Disponible
08-04-2025,19:39:43,Productos Frescos,Brotes de espinacas ecológicas Vitacress 150 g,"2,49 €","16,60 €/kg",https://www.carrefour.es/supermercado/brotes-de-espinacas-ecologicas-vitacress-150-g/R-853005734/p,https://static.carrefour.es/hd_350x_/img_pim_food/064200_00_1.jpg,Disponible
08-04-2025,19:39:43,Productos Frescos,Maiz fresco dulce Surinver 400 g,"2,65 €","6,62 €/kg",https://www.carrefour.es/supermercado/maiz-fresco-dulce-surinver-400-g/R-521032309/p,https://static.carrefour.es/hd_350x_/img_pim_food/142870_00_1.jpg,Disponible
08-04-2025,19:39:43,Productos Frescos,Chorizo extra de Pamplona en lonchas Carrefour El Mercado 4x60 g,"2,15 €","8,96 €/kg",https://www.carrefour.es/supermercado/chorizo-extra-de-pamplona-en-lonchas-carrefour-el-mercado-4x60-g/R-VC4AECOMM-655159/p,https://static.carrefour.es/hd_350x_/img_pim_food/655159_00_1.jpg,Disponible
08-04-2025,19:39:43,Productos Frescos,Costilla de vacuno Carrefour El Mercado 250 g aprox,"7,04 €","14,09 €/kg",https://www.carrefour.es/supermercado/costilla-de-vacuno-carrefour-el-mercado-250-g-aprox/R-VC4AECOMM-497251/p,https://static.carrefour.es/hd_350x_/img_pim_food/497251_00_1.jpg,Disponible
08-04-2025,19:39:43,Productos Frescos,Mini hamburguesas de pollo 200 g,"1,89 €","9,45 €/kg",https://www.carrefour.es/supermercado/mini-hamburguesas-de-pollo-200-g/R-VC4AECOMM-497337/p,https://static.carrefour.es/hd_350x_/img_pim_food/497337_00_1.jpg,Disponible
08-04-2025,19:39:43,Productos Frescos,Mousse de pato Carrefour sin gluten 90 g.,"1,89 €",21 €/kg,https://www.carrefour.es/supermercado/mousse-de-pato-carrefour-sin-gluten-90-g/R-VC4AECOMM-710561/p,https://static.carrefour.es/hd_350x_/img_pim_food/710561_00_1.jpg,Disponible
08-04-2025,19:39:43,Productos Frescos,Queso rallado 3 quesos El Caserío 120 g.,"3,29 €","27,42 €/kg",https://www.carrefour.es/supermercado/queso-rallado-3-quesos-el-caserio-120-g/R-VC4AECOMM-167042/p,https://static.carrefour.es/hd_350x_/img_pim_food/167042_00_1.jpg,Disponible
08-04-2025,19:39:43,Productos Frescos,Chorizo criollo oreado Carrefour 400 g aprox,"3,18 €","7,95 €/kg",https://www.carrefour.es/supermercado/chorizo-criollo-oreado-carrefour-400-g-aprox/R-VC4AECOMM-561228/p,https://static.carrefour.es/hd_350x_/img_pim_food/561228_00_1.jpg,Disponible
08-04-2025,19:39:43,Productos Frescos,Hamburguesa mini mixta sin gluten y sin lactosa Carrefour El Mercado 8x35 g,"2,65 €","9,46 €/kg",https://www.carrefour.es/supermercado/hamburguesa-mini-mixta-sin-gluten-y-sin-lactosa-carrefour-el-mercado-8x35-g/R-VC4AECOMM-479490/p,https://static.carrefour.es/hd_350x_/img_pim_food/479490_00_1.jpg,Disponible
08-04-2025,19:39:43,Productos Frescos,Queso azul Bleu de France Entremont 100 g,"2,55 €","25,50 €/kg",https://www.carrefour.es/supermercado/queso-azul-bleu-de-france-entremont-100-g/R-prod410675/p,https://static.carrefour.es/hd_350x_/img_pim_food/683228_00_1.jpg,Disponible
08-04-2025,19:39:43,Productos Frescos,Escarola rizada 1 ud,"1,75 €","1,75 €/ud",https://www.carrefour.es/supermercado/escarola-rizada-1-ud/R-522714495/p,https://static.carrefour.es/hd_350x_/img_pim_food/050298_00_1.jpg,Disponible
08-04-2025,19:39:43,Productos Frescos,Queso fresco Original Burgo de Arias pack de 6 unidades de 72 g.,"5,75 €","13,31 €/kg",https://www.carrefour.es/supermercado/queso-fresco-original-burgo-de-arias-pack-de-6-unidades-de-72-g/R-521030543/p,https://static.carrefour.es/hd_350x_/img_pim_food/523717_00_1.jpg,Disponible
08-04-2025,19:39:43,Productos Frescos,Jamón cocido asado al horno en lonchas Bonnatur sin gluten y sin lactosa 145 g,"3,35 €","23,10 €/kg",https://www.carrefour.es/supermercado/jamon-cocido-asado-al-horno-en-lonchas-bonnatur-sin-gluten-y-sin-lactosa-145-g/R-prod1120423/p,https://static.carrefour.es/hd_350x_/img_pim_food/422894_00_1.jpg,Agotado temporalmente
08-04-2025,19:39:43,Productos Frescos,Pescadilla fina 800 g aprox,"6,39 €","7,99 €/kg",https://www.carrefour.es/supermercado/pescadilla-fina-800-g-aprox/R-531505553/p,https://static.carrefour.es/hd_350x_/img_pim_food/235048_00_1.jpg,Disponible
08-04-2025,19:39:43,Productos Frescos,Rabas enharinadas congeladas 500 g,"4,39 €","8,78 €/kg",https://www.carrefour.es/supermercado/rabas-enharinadas-congeladas-500-g/R-prod690176/p,https://static.carrefour.es/hd_350x_/img_pim_food/847588_00_1.jpg,Disponible
08-04-2025,19:39:43,Productos Frescos,Queso parmigiano reggiano D.O.P. Extra Carrefour 150 g.,"6,25 €","41,67 €/kg",https://www.carrefour.es/supermercado/queso-parmigiano-reggiano-dop-extra-carrefour-150-g/R-VC4AECOMM-207993/p,https://static.carrefour.es/hd_350x_/img_pim_food/207993_00_1.jpg,Disponible
08-04-2025,19:39:43,Productos Frescos,Raclette en lonchas Carrefour 400 g.,"5,29 €","13,22 €/kg",https://www.carrefour.es/supermercado/raclette-en-lonchas-carrefour-400-g/R-521030713/p,https://static.carrefour.es/hd_350x_/img_pim_food/696737_00_1.jpg,Disponible
08-04-2025,19:39:43,Productos Frescos,Pechuga de pollo natural en lonchas ElPozo 1954 Premium Gourmet sin gluten y sin lactosa 120 g,"2,79 €","23,25 €/kg",https://www.carrefour.es/supermercado/pechuga-de-pollo-natural-en-lonchas-elpozo-1954-premium-gourmet-sin-gluten-y-sin-lactosa-120-g/R-VC4AECOMM-193053/p,https://static.carrefour.es/hd_350x_/img_pim_food/193053_00_1.jpg,Disponible
08-04-2025,19:39:43,Productos Frescos,Estofado de pavo adobado al ajillo Carrefour 500 g aprox,"3,17 €","6,35 €/kg",https://www.carrefour.es/supermercado/estofado-de-pavo-adobado-al-ajillo-carrefour-500-g-aprox/R-VC4AECOMM-269835/p,https://static.carrefour.es/hd_350x_/img_pim_food/269835_00_1.jpg,Disponible
08-04-2025,19:39:43,Productos Frescos,Paté a la pimienta Casa Tarradellas sin gluten 125 g.,"1,34 €","10,72 €/kg",https://www.carrefour.es/supermercado/pate-a-la-pimienta-casa-tarradellas-sin-gluten-125-g/R-521006620/p,https://static.carrefour.es/hd_350x_/img_pim_food/002666_00_1.jpg,Disponible
08-04-2025,19:39:43,Productos Frescos,Manos de cerdo Carrefour al vacío 500 g,"3,24 €","6,49 €/kg",https://www.carrefour.es/supermercado/manos-de-cerdo-carrefour-al-vacio-500-g/R-785509643/p,https://static.carrefour.es/hd_350x_/img_pim_food/876055_00_1.jpg,Disponible
08-04-2025,19:40:26,Productos Frescos,Berlinas rellenas Carrefour 300 g (4 ud de 75 g),"3,25 €","0,81 €/ud",https://www.carrefour.es/supermercado/berlinas-rellenas-carrefour-300-g-4-ud-de-75-g/R-609202664/p,https://static.carrefour.es/hd_350x_/img_pim_food/141069_00_1.jpg,Disponible
08-04-2025,19:40:26,Productos Frescos,Picos camperos de centeno y quinoa 200 g,"2,41 €","12,05 €/kg",https://www.carrefour.es/supermercado/picos-camperos-de-centeno-y-quinoa-200-g/R-prod731256/p,https://static.carrefour.es/hd_350x_/img_pim_food/856343_00_1.jpg,Disponible
08-04-2025,19:40:26,Productos Frescos,Ensalada pasta y atún 325 g,"3,39 €","10,43 €/kg",https://www.carrefour.es/supermercado/ensalada-pasta-y-atun-325-g/R-VC4AECOMM-010744/p,https://static.carrefour.es/hd_350x_/img_pim_food/010744_00_1.jpg,Disponible
08-04-2025,19:40:26,Productos Frescos,Media hogaza de pan de centeno Carrefour el Mercado 400 g,"1,94 €","4,85 €/kg",https://www.carrefour.es/supermercado/media-hogaza-de-pan-de-centeno-carrefour-el-mercado-400-g/R-VC4AECOMM-516210/p,https://static.carrefour.es/hd_350x_/img_pim_food/516210_00_1.jpg,Disponible
08-04-2025,19:40:26,Productos Frescos,Canelones de carne Carrefour el Mercado 350 g,"3,30 €","9,43 €/kg",https://www.carrefour.es/supermercado/canelones-de-carne-carrefour-el-mercado-350-g/R-525973504/p,https://static.carrefour.es/hd_350x_/img_pim_food/799002_00_1.jpg,Disponible
08-04-2025,19:40:26,Productos Frescos,Pepitos de azucar Carrefour 4 ud,"3,25 €","0,81 €/ud",https://www.carrefour.es/supermercado/pepitos-de-azucar-carrefour-4-ud/R-614201649/p,https://static.carrefour.es/hd_350x_/img_pim_food/362283_00_1.jpg,Disponible
08-04-2025,19:40:26,Productos Frescos,Lenguado 140 g aprox,"4,99 €","4,99 €/ud",https://www.carrefour.es/supermercado/lenguado-140-g-aprox/R-530807372/p,https://static.carrefour.es/hd_350x_/img_pim_food/729800_00_1.jpg,Disponible
08-04-2025,19:40:26,Productos Frescos,Centro de Jamón Serrano Gran Reserva en lonchas Carrefour 170 g aprox,"4,58 €","26,95 €/kg",https://www.carrefour.es/supermercado/centro-de-jamon-serrano-gran-reserva-en-lonchas-carrefour-170-g-aprox/R-prod221882/p,https://static.carrefour.es/hd_350x_/img_pim_food/227587_00_1.jpg,Disponible
08-04-2025,19:40:26,Productos Frescos,Salmon ahumado reducido en sal ecológico Bio Carrefour 85 g.,"4,65 €","54,71 €/kg",https://www.carrefour.es/supermercado/salmon-ahumado-reducido-en-sal-ecologico-bio-carrefour-85-g/R-VC4AECOMM-314729/p,https://static.carrefour.es/hd_350x_/img_pim_food/314729_00_1.jpg,Disponible
08-04-2025,19:40:26,Productos Frescos,Hamburguesa de añojo Círculo de Calidad 300 g,,"13,17 €/kg",https://www.carrefour.es/supermercado/hamburguesa-de-anojo-circulo-de-calidad-300-g/R-522715110/p,https://static.carrefour.es/hd_350x_/img_pim_food/093351_00_1.jpg,Disponible
08-04-2025,19:40:26,Productos Frescos,Centro de paleta ibérica 50% raza ibérica Ibersierra 300 g aprox,"13,02 €","43,40 €/kg",https://www.carrefour.es/supermercado/centro-de-paleta-iberica-50-raza-iberica-ibersierra-300-g-aprox/R-VC4AECOMM-128528/p,https://static.carrefour.es/hd_350x_/img_pim_food/128528_00_1.jpg,Disponible
08-04-2025,19:40:26,Productos Frescos,Picada de vacuno ecológico Carrefour Bio 400 g,"5,29 €","13,22 €/kg",https://www.carrefour.es/supermercado/picada-de-vacuno-ecologico-carrefour-bio-400-g/R-prod1070058/p,https://static.carrefour.es/hd_350x_/img_pim_food/126472_00_1.jpg,Disponible
08-04-2025,19:40:26,Productos Frescos,La Gula del Norte 2x210 g,"10,50 €",25 €/kg,https://www.carrefour.es/supermercado/la-gula-del-norte-2x210-g/R-630301661/p,https://static.carrefour.es/hd_350x_/img_pim_food/806329_00_1.jpg,Disponible
08-04-2025,19:40:26,Productos Frescos,Filete de Lubina Carrefour El Mercado 260 g aprox,"5,80 €","22,30 €/kg",https://www.carrefour.es/supermercado/filete-de-lubina-carrefour-el-mercado-260-g-aprox/R-VC4AECOMM-342416/p,https://static.carrefour.es/hd_350x_/img_pim_food/342416_00_1.jpg,Disponible
08-04-2025,19:40:26,Productos Frescos,Chorizo de León extra en lonchas Palcarsa sin gluten y sin lactosa 100 g,"2,09 €","20,90 €/kg",https://www.carrefour.es/supermercado/chorizo-de-leon-extra-en-lonchas-palcarsa-sin-gluten-y-sin-lactosa-100-g/R-VC4AECOMM-299388/p,https://static.carrefour.es/hd_350x_/img_pim_food/299388_00_1.jpg,Disponible
08-04-2025,19:40:26,Productos Frescos,Lechuga hoja de roble roja 250 g aprox,"1,29 €","1,29 €/ud",https://www.carrefour.es/supermercado/lechuga-hoja-de-roble-roja-250-g-aprox/R-521032295/p,https://static.carrefour.es/hd_350x_/img_pim_food/142715_00_1.jpg,Disponible
08-04-2025,19:40:26,Productos Frescos,Queso de oveja viejo graso Flor de Esgueva tapas maestras ya cortado cuña de 210 g,"7,89 €","37,57 €/kg",https://www.carrefour.es/supermercado/queso-de-oveja-viejo-graso-flor-de-esgueva-tapas-maestras-ya-cortado-cuna-de-210-g/R-VC4AECOMM-712227/p,https://static.carrefour.es/hd_350x_/img_pim_food/712227_00_1.jpg,Disponible
08-04-2025,19:40:26,Productos Frescos,Chorizo Oreado Picante Carrefour 500 g aprox,"4,32 €","8,65 €/kg",https://www.carrefour.es/supermercado/chorizo-oreado-picante-carrefour-500-g-aprox/R-VC4AECOMM-058939/p,https://static.carrefour.es/hd_350x_/img_pim_food/058939_00_1.jpg,Disponible
08-04-2025,19:40:26,Productos Frescos,Queso de oveja viejo Flor de Esgueva cuña 250 g.,"7,99 €","31,96 €/kg",https://www.carrefour.es/supermercado/queso-de-oveja-viejo-flor-de-esgueva-cuna-250-g/R-VC4AECOMM-078698/p,https://static.carrefour.es/hd_350x_/img_pim_food/078698_00_1.jpg,Disponible
08-04-2025,19:40:26,Productos Frescos,"Traseros de Pollo Carrefour 1,2 kg aprox","3,54 €","2,95 €/kg",https://www.carrefour.es/supermercado/traseros-de-pollo-carrefour-12-kg-aprox/R-VC4AECOMM-081277/p,https://static.carrefour.es/hd_350x_/img_pim_food/081277_00_1.jpg,Disponible
08-04-2025,19:40:26,Productos Frescos,Pechuga de Pavo Carrefour El Mercado sin gluten pieza de 400 g,"2,99 €","7,48 €/kg",https://www.carrefour.es/supermercado/pechuga-de-pavo-carrefour-el-mercado-sin-gluten-pieza-de-400-g/R-VC4AECOMM-710370/p,https://static.carrefour.es/hd_350x_/img_pim_food/710370_00_1.jpg,Disponible
08-04-2025,19:40:26,Productos Frescos,Magro de cerdo adobado El Pozo 330 g,"2,39 €","7,24 €/kg",https://www.carrefour.es/supermercado/magro-de-cerdo-adobado-el-pozo-330-g/R-607220366/p,https://static.carrefour.es/hd_350x_/img_pim_food/735603_00_1.jpg,Disponible
08-04-2025,19:40:26,Productos Frescos,Queso tierno en tiras Original Pik-Nik Kids 80 g,"2,39 €","29,87 €/kg",https://www.carrefour.es/supermercado/queso-tierno-en-tiras-original-pik-nik-kids-80-g/R-VC4AECOMM-618947/p,https://static.carrefour.es/hd_350x_/img_pim_food/618947_00_1.jpg,Disponible
08-04-2025,19:40:26,Productos Frescos,Queso de untar con finas hierbas Philadelphia 150 g.,"2,69 €","17,93 €/kg",https://www.carrefour.es/supermercado/queso-de-untar-con-finas-hierbas-philadelphia-150-g/R-704404253/p,https://static.carrefour.es/hd_350x_/img_pim_food/409379_00_1.jpg,Disponible
08-04-2025,19:41:08,Productos Frescos,Mini Croissant clásico Carrefour 10 ud.,"3,25 €","0,32 €/ud",https://www.carrefour.es/supermercado/mini-croissant-clasico-carrefour-10-ud/R-VC4AECOMM-079723/p,https://static.carrefour.es/hd_350x_/img_pim_food/079723_00_1.jpg,Disponible
08-04-2025,19:41:08,Productos Frescos,Fuet original Navidul 150 g.,"3,55 €","23,67 €/kg",https://www.carrefour.es/supermercado/fuet-original-navidul-150-g/R-VC4AECOMM-710006/p,https://static.carrefour.es/hd_350x_/img_pim_food/710006_00_1.jpg,Disponible
08-04-2025,19:41:08,Productos Frescos,Filete de merluza sin piel congelado 850 g,"7,85 €","9,24 €/kg",https://www.carrefour.es/supermercado/filete-de-merluza-sin-piel-congelado-850-g/R-VC4AECOMM-412039/p,https://static.carrefour.es/hd_350x_/img_pim_food/412039_00_1.jpg,Disponible
08-04-2025,19:41:08,Productos Frescos,Cappelletti jamón Buitoni 230 g.,"3,19 €","13,87 €/kg",https://www.carrefour.es/supermercado/cappelletti-jamon-buitoni-230-g/R-VC4AECOMM-462930/p,https://static.carrefour.es/hd_350x_/img_pim_food/462930_00_1.jpg,Disponible
08-04-2025,19:41:08,Productos Frescos,Paté a las finas hierbas Classic Carrefour sin gluten y sin lactosa 160 g.,"1,08 €","6,75 €/kg",https://www.carrefour.es/supermercado/pate-a-las-finas-hierbas-classic-carrefour-sin-gluten-y-sin-lactosa-160-g/R-prod930066/p,https://static.carrefour.es/hd_350x_/img_pim_food/044289_00_1.jpg,Disponible
08-04-2025,19:41:08,Productos Frescos,Salmón ahumado noruego Royal 90 g,"6,79 €","75,44 €/kg",https://www.carrefour.es/supermercado/salmon-ahumado-noruego-royal-90-g/R-521007429/p,https://static.carrefour.es/hd_350x_/img_pim_food/155426_00_1.jpg,Disponible
08-04-2025,19:41:08,Productos Frescos,Mortadela Di Bologna IGP Ferrarini España 100 g,"2,99 €","29,90 €/kg",https://www.carrefour.es/supermercado/mortadela-di-bologna-igp-ferrarini-espana-100-g/R-prod590910/p,https://static.carrefour.es/hd_350x_/img_pim_food/840769_00_1.jpg,Disponible
08-04-2025,19:41:08,Productos Frescos,Oreja de Cerdo Carrefour El Mercado 200 g aprox,"1,60 €","7,99 €/kg",https://www.carrefour.es/supermercado/oreja-de-cerdo-carrefour-el-mercado-200-g-aprox/R-782401303/p,https://static.carrefour.es/hd_350x_/img_pim_food/867509_00_1.jpg,Disponible
08-04-2025,19:41:08,Productos Frescos,Jamón cocido bajo en grasa reducido en sal en lonchas Campofrío - Cuida-t+ sin gluten sin lactosa 65 g.,"0,99 €","14,14 €/kg",https://www.carrefour.es/supermercado/jamon-cocido-bajo-en-grasa-reducido-en-sal-en-lonchas-campofrio-cuida-t-sin-gluten-sin-lactosa-65-g/R-VC4AECOMM-698955/p,https://static.carrefour.es/hd_350x_/img_pim_food/698955_00_1.jpg,Disponible
08-04-2025,19:41:08,Productos Frescos,Queso de mezcla semicurado Gran Capitán cuña cortada de 230 g aprox,"6,09 €","26,48 €/kg",https://www.carrefour.es/supermercado/queso-de-mezcla-semicurado-gran-capitan-cuna-cortada-de-230-g-aprox/R-VC4AECOMM-712294/p,https://static.carrefour.es/hd_350x_/img_pim_food/712294_00_1.jpg,Disponible
08-04-2025,19:41:08,Productos Frescos,Corvina Círculo de Calidad 2 kg aprox,"19,90 €","9,95 €/kg",https://www.carrefour.es/supermercado/corvina-circulo-de-calidad-2-kg-aprox/R-fprod1260183/p,https://static.carrefour.es/hd_350x_/img_pim_food/320145_00_1.jpg,Disponible
08-04-2025,19:41:08,Productos Frescos,Apio blanco Carrefour El Mercado 500 g,"1,55 €","3,10 €/kg",https://www.carrefour.es/supermercado/apio-blanco-carrefour-el-mercado-500-g/R-VC4AECOMM-354184/p,https://static.carrefour.es/hd_350x_/img_pim_food/354184_00_1.jpg,Disponible
08-04-2025,19:41:08,Productos Frescos,Queso puro de oveja viejo graso Flor de Esgueva cuña 400 g,"12,39 €","30,97 €/kg",https://www.carrefour.es/supermercado/queso-puro-de-oveja-viejo-graso-flor-de-esgueva-cuna-400-g/R-VC4AECOMM-712249/p,https://static.carrefour.es/hd_350x_/img_pim_food/712249_00_1.jpg,Disponible
08-04-2025,19:41:08,Productos Frescos,Masa hojaldre Carrefour Classic 460 g.,"2,09 €","4,54 €/kg",https://www.carrefour.es/supermercado/masa-hojaldre-carrefour-classic-460-g/R-832908377/p,https://static.carrefour.es/hd_350x_/img_pim_food/969704_00_1.jpg,Disponible
08-04-2025,19:41:08,Productos Frescos,Barritas Krissia 300 g,"4,65 €","15,50 €/kg",https://www.carrefour.es/supermercado/barritas-krissia-300-g/R-521032020/p,https://static.carrefour.es/hd_350x_/img_pim_food/714020_00_1.jpg,Disponible
08-04-2025,19:41:08,Productos Frescos,Bacon sabor ahumado en tiras El Pozo sin gluten pack de unidades de 55g,"1,49 €","14,90 €/kg",https://www.carrefour.es/supermercado/bacon-sabor-ahumado-en-tiras-el-pozo-sin-gluten-pack-de-unidades-de-55g/R-VC4AECOMM-169865/p,https://static.carrefour.es/hd_350x_/img_pim_food/169865_00_1.jpg,Disponible
08-04-2025,19:41:08,Productos Frescos,Mortadela siciliana en lonchas El Pozo sin gluten 225 g,"1,50 €","6,82 €/kg",https://www.carrefour.es/supermercado/mortadela-siciliana-en-lonchas-el-pozo-sin-gluten-225-g/R-prod394715/p,https://static.carrefour.es/hd_350x_/img_pim_food/711205_00_1.jpg,Disponible
08-04-2025,19:41:08,Productos Frescos,Paté de atún Casa Tarradellas sin gluten 125 g.,"1,50 €",12 €/kg,https://www.carrefour.es/supermercado/pate-de-atun-casa-tarradellas-sin-gluten-125-g/R-521006594/p,https://static.carrefour.es/hd_350x_/img_pim_food/002669_00_1.jpg,Disponible
08-04-2025,19:41:08,Productos Frescos,Longaniza fresca estilo criollo Carrefour El Mercado 320 g aprox,"2,50 €","7,80 €/kg",https://www.carrefour.es/supermercado/longaniza-fresca-estilo-criollo-carrefour-el-mercado-320-g-aprox/R-VC4AECOMM-522688/p,https://static.carrefour.es/hd_350x_/img_pim_food/522688_00_1.jpg,Disponible
08-04-2025,19:41:08,Productos Frescos,Entrecot de Vacuno Carrefour El Mercado 500 g aprox,"10,20 €","20,40 €/kg",https://www.carrefour.es/supermercado/entrecot-de-vacuno-carrefour-el-mercado-500-g-aprox/R-VC4AECOMM-133770/p,https://static.carrefour.es/hd_350x_/img_pim_food/133770_00_1.jpg,Disponible
08-04-2025,19:41:08,Productos Frescos,Lomo de salmón Calidad y Origen Carrefour 400 g aprox,"9,96 €","24,90 €/kg",https://www.carrefour.es/supermercado/lomo-de-salmon-calidad-y-origen-carrefour-400-g-aprox/R-prod261161/p,https://static.carrefour.es/hd_350x_/img_pim_food/295106_00_1.jpg,Disponible
08-04-2025,19:41:08,Productos Frescos,Queso fresco natural Campolindo 500 g.,"3,35 €","6,70 €/kg",https://www.carrefour.es/supermercado/queso-fresco-natural-campolindo-500-g/R-804031205/p,https://static.carrefour.es/hd_350x_/img_pim_food/762583_00_1.jpg,Disponible
08-04-2025,19:41:08,Productos Frescos,Queso fundido en porciones light La Vaca Que Ríe sin gluten 250 g.,"2,79 €","11,16 €/kg",https://www.carrefour.es/supermercado/queso-fundido-en-porciones-light-la-vaca-que-rie-sin-gluten-250-g/R-521030604/p,https://static.carrefour.es/hd_350x_/img_pim_food/002774_00_1.jpg,Disponible
08-04-2025,19:41:08,Productos Frescos,Placas de lasaña y canelones frescas al huevo Carrefour Original 250 g.,"1,71 €","6,84 €/kg",https://www.carrefour.es/supermercado/placas-de-lasana-y-canelones-frescas-al-huevo-carrefour-original-250-g/R-VC4AECOMM-761147/p,https://static.carrefour.es/hd_350x_/img_pim_food/761147_00_1.jpg,Disponible
08-04-2025,19:41:50,Productos Frescos,Jamón cocido Carrefour El Mercado 150 g aprox,"1,62 €","10,79 €/kg",https://www.carrefour.es/supermercado/jamon-cocido-carrefour-el-mercado-150-g-aprox/R-VC4AECOMM-618325/p,https://static.carrefour.es/hd_350x_/img_pim_food/618325_00_1.jpg,Disponible
08-04-2025,19:41:50,Productos Frescos,Mini Snack de Fuet XXL Campofrío sin gluten 140 g,"3,99 €","28,50 €/kg",https://www.carrefour.es/supermercado/mini-snack-de-fuet-xxl-campofrio-sin-gluten-140-g/R-VC4AECOMM-128518/p,https://static.carrefour.es/hd_350x_/img_pim_food/128518_00_1.jpg,Disponible
08-04-2025,19:41:50,Productos Frescos,Queso mozzarella di bufala campana Galbani 125 g.,"3,99 €","31,92 €/kg",https://www.carrefour.es/supermercado/queso-mozzarella-di-bufala-campana-galbani-125-g/R-521033787/p,https://static.carrefour.es/hd_350x_/img_pim_food/196268_00_1.jpg,Disponible
08-04-2025,19:41:50,Productos Frescos,Crema de queso natural Arla 200 g.,"2,19 €","10,95 €/kg",https://www.carrefour.es/supermercado/crema-de-queso-natural-arla-200-g/R-VC4AECOMM-128523/p,https://static.carrefour.es/hd_350x_/img_pim_food/128523_00_1.jpg,Disponible
08-04-2025,19:41:50,Productos Frescos,"Pera blanquilla Carrefour 1,5 kg aprox","3,52 €","2,35 €/kg",https://www.carrefour.es/supermercado/pera-blanquilla-carrefour-15-kg-aprox/R-VC4AECOMM-531316/p,https://static.carrefour.es/hd_350x_/img_pim_food/531316_00_1.jpg,Disponible
08-04-2025,19:41:50,Productos Frescos,Sopa Juliana Carrefour El Mercado 400 g,"1,34 €","3,35 €/kg",https://www.carrefour.es/supermercado/sopa-juliana-carrefour-el-mercado-400-g/R-692704306/p,https://static.carrefour.es/hd_350x_/img_pim_food/086433_00_1.jpg,Disponible
08-04-2025,19:41:50,Productos Frescos,Colas de langostino al ajillo Aguinamar 105 g,"3,49 €","33,24 €/kg",https://www.carrefour.es/supermercado/colas-de-langostino-al-ajillo-aguinamar-105-g/R-533001742/p,https://static.carrefour.es/hd_350x_/img_pim_food/114810_00_1.jpg,Disponible
08-04-2025,19:41:50,Productos Frescos,Salchichas alemanas cocidas tipo Bratwurst Campofrío sin gluten 260 g.,"2,65 €","10,19 €/kg",https://www.carrefour.es/supermercado/salchichas-alemanas-cocidas-tipo-bratwurst-campofrio-sin-gluten-260-g/R-521031133/p,https://static.carrefour.es/hd_350x_/img_pim_food/002840_00_1.jpg,Disponible
08-04-2025,19:41:50,Productos Frescos,Paleta de Cebo Ibérica 50% Raza Ibérica en lonchas Nico 90 g,,"55,44 €/kg",https://www.carrefour.es/supermercado/paleta-de-cebo-iberica-50-raza-iberica-en-lonchas-nico-90-g/R-VC4AECOMM-137429/p,https://static.carrefour.es/hd_350x_/img_pim_food/137429_00_1.jpg,Disponible
08-04-2025,19:41:50,Productos Frescos,Hamburguesa de Pollo y Pavo con Espinacas Carrefour 540 g,"4,89 €","9,06 €/kg",https://www.carrefour.es/supermercado/hamburguesa-de-pollo-y-pavo-con-espinacas-carrefour-540-g/R-VC4AECOMM-630209/p,https://static.carrefour.es/hd_350x_/img_pim_food/630209_00_1.jpg,Disponible
08-04-2025,19:41:50,Productos Frescos,Filetes de Lomo Bajo de Añojo Círculo de Calidad 500 g aprox,,"16,29 €/kg",https://www.carrefour.es/supermercado/filetes-de-lomo-bajo-de-anojo-circulo-de-calidad-500-g-aprox/R-fprod1460210/p,https://static.carrefour.es/hd_350x_/img_pim_food/390821_00_1.jpg,Disponible
08-04-2025,19:41:50,Productos Frescos,Pan de molde de maíz y semillas de girasol 400 g,"1,88 €","4,70 €/kg",https://www.carrefour.es/supermercado/pan-de-molde-de-maiz-y-semillas-de-girasol-400-g/R-VC4AECOMM-504081/p,https://static.carrefour.es/hd_350x_/img_pim_food/504081_00_1.jpg,Disponible
08-04-2025,19:41:50,Productos Frescos,Alas de Pollo Partidas Extra Carrefour 400 g,"2,04 €","5,09 €/kg",https://www.carrefour.es/supermercado/alas-de-pollo-partidas-extra-carrefour-400-g/R-526626934/p,https://static.carrefour.es/hd_350x_/img_pim_food/091819_00_1.jpg,Disponible
08-04-2025,19:41:50,Productos Frescos,Carne de añojo troceada para guisar Círculo de Calidad 600 g aprox,"9,63 €","16,05 €/kg",https://www.carrefour.es/supermercado/carne-de-anojo-troceada-para-guisar-circulo-de-calidad-600-g-aprox/R-prod1070042/p,https://static.carrefour.es/hd_350x_/img_pim_food/126585_00_1.jpg,Disponible
08-04-2025,19:41:50,Productos Frescos,Pera conferencia D.O. Rincón de Soto 4 Uds,"3,09 €","3,43 €/kg",https://www.carrefour.es/supermercado/pera-conferencia-do-rincon-de-soto-4-uds/R-625735568/p,https://static.carrefour.es/hd_350x_/img_pim_food/793034_00_1.jpg,Disponible
08-04-2025,19:41:50,Productos Frescos,Jamón Cocido Extra Estilo Sajonia Ecológico en lonchas Carrefour sin lactosa 100 g,"2,79 €","27,90 €/kg",https://www.carrefour.es/supermercado/jamon-cocido-extra-estilo-sajonia-ecologico-en-lonchas-carrefour-sin-lactosa-100-g/R-VC4AECOMM-625763/p,https://static.carrefour.es/hd_350x_/img_pim_food/625763_00_1.jpg,Disponible
08-04-2025,19:41:50,Productos Frescos,Lomo gran reserva ya cortado España e Hijos 200 g,"4,45 €","22,25 €/kg",https://www.carrefour.es/supermercado/lomo-gran-reserva-ya-cortado-espana-e-hijos-200-g/R-fprod1190250/p,https://static.carrefour.es/hd_350x_/img_pim_food/238001_00_1.jpg,Disponible
08-04-2025,19:41:50,Productos Frescos,Queso parmesano reggiano Parmareggio 150 g.,"5,95 €","39,67 €/kg",https://www.carrefour.es/supermercado/queso-parmesano-reggiano-parmareggio-150-g/R-VC4AECOMM-129593/p,https://static.carrefour.es/hd_350x_/img_pim_food/129593_00_1.jpg,Disponible
08-04-2025,19:41:50,Productos Frescos,Coco de agua selecta BIO Peso mín 800 g,"2,05 €","2,05 €/ud",https://www.carrefour.es/supermercado/coco-de-agua-selecta-bio-peso-min-800-g/R-prod69998/p,https://static.carrefour.es/hd_350x_/img_pim_food/985815_00_1.jpg,Disponible
08-04-2025,19:41:50,Productos Frescos,Traseros de pollo certificado 1 kg aprox,"4,49 €","4,49 €/kg",https://www.carrefour.es/supermercado/traseros-de-pollo-certificado-1-kg-aprox/R-791562921/p,https://static.carrefour.es/hd_350x_/img_pim_food/887246_00_1.jpg,Disponible
08-04-2025,19:41:50,Productos Frescos,Contramuslo de pollo fileteado Carrefour 500 g aprox,"3,27 €","6,55 €/kg",https://www.carrefour.es/supermercado/contramuslo-de-pollo-fileteado-carrefour-500-g-aprox/R-522714052/p,https://static.carrefour.es/hd_350x_/img_pim_food/116601_00_1.jpg,Disponible
08-04-2025,19:41:50,Productos Frescos,Jamón curado de Teruel en lonchas cortado a cuchillo De Nuestra Tierra 80 g,"4,95 €","61,87 €/kg",https://www.carrefour.es/supermercado/jamon-curado-de-teruel-en-lonchas-cortado-a-cuchillo-de-nuestra-tierra-80-g/R-VC4AECOMM-351370/p,https://static.carrefour.es/hd_350x_/img_pim_food/351370_00_1.jpg,Disponible
08-04-2025,19:41:50,Productos Frescos,Fuet extra D'olot en cañitas Espuña 50 g,"1,79 €","29,83 €/kg",https://www.carrefour.es/supermercado/fuet-extra-dolot-en-canitas-espuna-50-g/R-625801630/p,https://static.carrefour.es/hd_350x_/img_pim_food/802590_00_1.jpg,Disponible
08-04-2025,19:41:50,Productos Frescos,Queso semicurado García Baquero 410 g,"9,25 €","22,56 €/kg",https://www.carrefour.es/supermercado/queso-semicurado-garcia-baquero-410-g/R-VC4AECOMM-542725/p,https://static.carrefour.es/hd_350x_/img_pim_food/542725_00_1.jpg,Disponible
08-04-2025,19:42:33,Productos Frescos,Croquetas de jamón ibérico 360 g,"2,99 €","2,99 €/ud",https://www.carrefour.es/supermercado/croquetas-de-jamon-iberico-360-g/R-677310427/p,https://static.carrefour.es/hd_350x_/img_pim_food/039590_00_1.jpg,Disponible
08-04-2025,19:42:33,Productos Frescos,Queso en lonchas de oveja Carrefour 200 g.,"3,09 €","15,45 €/kg",https://www.carrefour.es/supermercado/queso-en-lonchas-de-oveja-carrefour-200-g/R-521030535/p,https://static.carrefour.es/hd_350x_/img_pim_food/584087_00_1.jpg,Disponible
08-04-2025,19:42:33,Productos Frescos,Manzana ambrosia selección 4 ud 1 Kg aprox,"4,15 €","4,15 €/kg",https://www.carrefour.es/supermercado/manzana-ambrosia-seleccion-4-ud-1-kg-aprox/R-852100340/p,https://static.carrefour.es/hd_350x_/img_pim_food/061065_00_1.jpg,Disponible
08-04-2025,19:42:33,Productos Frescos,Pollo certificado limpio Carrefour 2 kg,"8,30 €","4,15 €/kg",https://www.carrefour.es/supermercado/pollo-certificado-limpio-carrefour-2-kg/R-791562917/p,https://static.carrefour.es/hd_350x_/img_pim_food/887242_00_1.jpg,Disponible
08-04-2025,19:42:33,Productos Frescos,Empanada rectangular de pollo con champiñones Carrefour 700 g,"5,50 €","7,86 €/kg",https://www.carrefour.es/supermercado/empanada-rectangular-de-pollo-con-champinones-carrefour-700-g/R-VC4AECOMM-555467/p,https://static.carrefour.es/hd_350x_/img_pim_food/555467_00_1.jpg,Disponible
08-04-2025,19:42:33,Productos Frescos,Gambón salvaje 2 kg,,"8,99 €/kg",https://www.carrefour.es/supermercado/gambon-salvaje-2-kg/R-526010619/p,https://static.carrefour.es/hd_350x_/img_pim_food/041744_00_1.jpg,Disponible
08-04-2025,19:42:33,Productos Frescos,Fuet mini Campofrío Snack´in 50 g.,"1,69 €","33,80 €/kg",https://www.carrefour.es/supermercado/fuet-mini-campofrio-snackin-50-g/R-VC4AECOMM-695368/p,https://static.carrefour.es/hd_350x_/img_pim_food/695368_00_1.jpg,Disponible
08-04-2025,19:42:33,Productos Frescos,Preparado de paella de marisco congelado 600 g,"3,99 €","7,98 €/kg",https://www.carrefour.es/supermercado/preparado-de-paella-de-marisco-congelado-600-g/R-prod690175/p,https://static.carrefour.es/hd_350x_/img_pim_food/847583_00_1.jpg,Disponible
08-04-2025,19:42:33,Productos Frescos,Papaya 800 g aprox,"4,36 €","5,45 €/kg",https://www.carrefour.es/supermercado/papaya-800-g-aprox/R-530066910/p,https://static.carrefour.es/hd_350x_/img_pim_food/036062_00_1.jpg,Disponible
08-04-2025,19:42:33,Productos Frescos,Aguacate con queso de cabra Carrefour El Mercado 125 g,"2,15 €","17,20 €/kg",https://www.carrefour.es/supermercado/aguacate-con-queso-de-cabra-carrefour-el-mercado-125-g/R-prod1022495/p,https://static.carrefour.es/hd_350x_/img_pim_food/313262_00_1.jpg,Disponible
08-04-2025,19:42:33,Productos Frescos,Salchicha Hot Dog Campofrío sin gluten sin lactosa 1 kg.,"4,69 €","4,69 €/kg",https://www.carrefour.es/supermercado/salchicha-hot-dog-campofrio-sin-gluten-sin-lactosa-1-kg/R-685011194/p,https://static.carrefour.es/hd_350x_/img_pim_food/324900_00_1.jpg,Disponible
08-04-2025,19:42:33,Productos Frescos,Alas de Pollo Congeladas 1 kg,"4,09 €","4,09 €/kg",https://www.carrefour.es/supermercado/alas-de-pollo-congeladas-1-kg/R-fprod1480188/p,https://static.carrefour.es/hd_350x_/img_pim_food/413309_00_1.jpg,Disponible
08-04-2025,19:42:33,Productos Frescos,Chorizo de cerdo ibérico oreado Carrefour El Mercado 400 g aprox,"4,60 €","11,49 €/kg",https://www.carrefour.es/supermercado/chorizo-de-cerdo-iberico-oreado-carrefour-el-mercado-400-g-aprox/R-VC4AECOMM-612716/p,https://static.carrefour.es/hd_350x_/img_pim_food/612716_00_1.jpg,Disponible
08-04-2025,19:42:33,Productos Frescos,Chorizo blanco en lonchas Revilla sin gluten 65 g.,"1,09 €","16,77 €/kg",https://www.carrefour.es/supermercado/chorizo-blanco-en-lonchas-revilla-sin-gluten-65-g/R-VC4AECOMM-130657/p,https://static.carrefour.es/hd_350x_/img_pim_food/130657_00_1.jpg,Disponible
08-04-2025,19:42:33,Productos Frescos,Pechuga de Pollo familiar fileteada Carrefour 1 kg aprox,"7,29 €","7,29 €/kg",https://www.carrefour.es/supermercado/pechuga-de-pollo-familiar-fileteada-carrefour-1-kg-aprox/R-VC4AECOMM-081271/p,https://static.carrefour.es/hd_350x_/img_pim_food/081271_00_1.jpg,Disponible
08-04-2025,19:42:33,Productos Frescos,Rallado sabor mozzarella Violife sin gluten y sin lactosa 200 g.,"3,99 €","19,95 €/kg",https://www.carrefour.es/supermercado/rallado-sabor-mozzarella-violife-sin-gluten-y-sin-lactosa-200-g/R-fprod1200165/p,https://static.carrefour.es/hd_350x_/img_pim_food/253418_00_1.jpg,Disponible
08-04-2025,19:42:33,Productos Frescos,Morcilla de Burgos De Nuestra Tierra 350 g aprox,"2,43 €","6,95 €/kg",https://www.carrefour.es/supermercado/morcilla-de-burgos-de-nuestra-tierra-350-g-aprox/R-VC4AECOMM-454965/p,https://static.carrefour.es/hd_350x_/img_pim_food/454965_00_1.jpg,Disponible
08-04-2025,19:42:33,Productos Frescos,Filete de Dorada Carrefour El Mercado 240 g aprox,"5,51 €","22,95 €/kg",https://www.carrefour.es/supermercado/filete-de-dorada-carrefour-el-mercado-240-g-aprox/R-VC4AECOMM-342464/p,https://static.carrefour.es/hd_350x_/img_pim_food/342464_00_1.jpg,Disponible
08-04-2025,19:42:33,Productos Frescos,Queso edam Carrefour 455 g.,"4,09 €","8,99 €/kg",https://www.carrefour.es/supermercado/queso-edam-carrefour-455-g/R-VC4AECOMM-308336/p,https://static.carrefour.es/hd_350x_/img_pim_food/308336_00_1.jpg,Disponible
08-04-2025,19:42:33,Productos Frescos,Queso tierno enrollado Minirolls Babybel 85 g,"2,79 €","32,82 €/kg",https://www.carrefour.es/supermercado/queso-tierno-enrollado-minirolls-babybel-85-g/R-prod720449/p,https://static.carrefour.es/hd_350x_/img_pim_food/853112_00_1.jpg,Disponible
08-04-2025,19:42:33,Productos Frescos,Queso ibérico semicurado Extra Carrefour cuña cortada 250 g.,"5,09 €","20,36 €/kg",https://www.carrefour.es/supermercado/queso-iberico-semicurado-extra-carrefour-cuna-cortada-250-g/R-VC4AECOMM-080576/p,https://static.carrefour.es/hd_350x_/img_pim_food/080576_00_1.jpg,Disponible
08-04-2025,19:42:33,Productos Frescos,Queso fundido en lonchas light El Caserío sin gluten 262 g.,"2,89 €","11,03 €/kg",https://www.carrefour.es/supermercado/queso-fundido-en-lonchas-light-el-caserio-sin-gluten-262-g/R-521030618/p,https://static.carrefour.es/hd_350x_/img_pim_food/702943_00_1.jpg,Disponible
08-04-2025,19:42:33,Productos Frescos,Queso brie snacking President 180 g,"3,65 €","20,28 €/kg",https://www.carrefour.es/supermercado/queso-brie-snacking-president-180-g/R-VC4AECOMM-683742/p,https://static.carrefour.es/hd_350x_/img_pim_food/683742_00_1.jpg,Disponible
08-04-2025,19:42:33,Productos Frescos,Hamburguesa de pollo 360 g,"3,39 €","9,42 €/kg",https://www.carrefour.es/supermercado/hamburguesa-de-pollo-360-g/R-VC4AECOMM-497342/p,https://static.carrefour.es/hd_350x_/img_pim_food/497342_00_1.jpg,Disponible
08-04-2025,19:43:16,Productos Frescos,Lasaña boloñesa gratinada Carrefour el Mercado 700 g,"4,60 €","6,57 €/kg",https://www.carrefour.es/supermercado/lasana-bolonesa-gratinada-carrefour-el-mercado-700-g/R-VC4AECOMM-554200/p,https://static.carrefour.es/hd_350x_/img_pim_food/554200_00_1.jpg,Disponible
08-04-2025,19:43:16,Productos Frescos,Chuleta de Pavo Marinada Carrefour El Mercado 500 g aprox,"4,19 €","8,39 €/kg",https://www.carrefour.es/supermercado/chuleta-de-pavo-marinada-carrefour-el-mercado-500-g-aprox/R-VC4AECOMM-190893/p,https://static.carrefour.es/hd_350x_/img_pim_food/190893_00_1.jpg,Disponible
08-04-2025,19:43:16,Productos Frescos,Cocktail de picos de pan integrales Carrefour El Mercado 500 g,"2,54 €","5,08 €/kg",https://www.carrefour.es/supermercado/cocktail-de-picos-de-pan-integrales-carrefour-el-mercado-500-g/R-636102268/p,https://static.carrefour.es/hd_350x_/img_pim_food/810799_00_1.jpg,Disponible
08-04-2025,19:43:16,Productos Frescos,Queso fresco burrata Toscanella 150 g.,"3,95 €","26,33 €/kg",https://www.carrefour.es/supermercado/queso-fresco-burrata-toscanella-150-g/R-prod830208/p,https://static.carrefour.es/hd_350x_/img_pim_food/284915_00_1.jpg,Disponible
08-04-2025,19:43:16,Productos Frescos,Mini Fuet al Brie Snack'in Campofrío sin gluten 50 g,"1,65 €",33 €/kg,https://www.carrefour.es/supermercado/mini-fuet-al-brie-snackin-campofrio-sin-gluten-50-g/R-VC4AECOMM-695244/p,https://static.carrefour.es/hd_350x_/img_pim_food/695244_00_1.jpg,Disponible
08-04-2025,19:43:17,Productos Frescos,Paté a las finas hierbas Carrefour El Mercado sin gluten 100 g.,"1,59 €","15,90 €/kg",https://www.carrefour.es/supermercado/pate-a-las-finas-hierbas-carrefour-el-mercado-sin-gluten-100-g/R-VC4AECOMM-187488/p,https://static.carrefour.es/hd_350x_/img_pim_food/187488_00_1.jpg,Disponible
08-04-2025,19:43:17,Productos Frescos,Pan de trigo sarraceno 5% 1 ud,"2,36 €","2,36 €/ud",https://www.carrefour.es/supermercado/pan-de-trigo-sarraceno-5-1-ud/R-663701813/p,https://static.carrefour.es/hd_350x_/img_pim_food/315948_00_1.jpg,Disponible
08-04-2025,19:43:17,Productos Frescos,Ravioli 4 quesos Buitoni 230 g.,"3,19 €","13,87 €/kg",https://www.carrefour.es/supermercado/ravioli-4-quesos-buitoni-230-g/R-VC4AECOMM-462931/p,https://static.carrefour.es/hd_350x_/img_pim_food/462931_00_1.jpg,Disponible
08-04-2025,19:43:17,Productos Frescos,Entrecot de lomo de cerdo ibérico marinado Legado Ibérico 300 g,"5,99 €","19,97 €/kg",https://www.carrefour.es/supermercado/entrecot-de-lomo-de-cerdo-iberico-marinado-legado-iberico-300-g/R-VC4AECOMM-356016/p,https://static.carrefour.es/hd_350x_/img_pim_food/356016_00_1.jpg,Disponible
08-04-2025,19:43:17,Productos Frescos,Contramuslos de Pollo Carrefour 1 kg aprox,,"3,59 €/kg",https://www.carrefour.es/supermercado/contramuslos-de-pollo-carrefour-1-kg-aprox/R-VC4AECOMM-081274/p,https://static.carrefour.es/hd_350x_/img_pim_food/081274_00_1.jpg,Disponible
08-04-2025,19:43:17,Productos Frescos,Hígado de ternera fileteado Cárnicas Meca 550 g,"5,33 €","9,69 €/kg",https://www.carrefour.es/supermercado/higado-de-ternera-fileteado-carnicas-meca-550-g/R-607902116/p,https://static.carrefour.es/hd_350x_/img_pim_food/289094_00_1.jpg,Disponible
08-04-2025,19:43:17,Productos Frescos,Burger picada de pavo Carrefour 400 g,"4,40 €",11 €/kg,https://www.carrefour.es/supermercado/burger-picada-de-pavo-carrefour-400-g/R-VC4AECOMM-451188/p,https://static.carrefour.es/hd_350x_/img_pim_food/451188_00_1.jpg,Disponible
08-04-2025,19:43:17,Productos Frescos,Salchichas alemanas cocidas y ahumadas estilo Baviera Campofrío sin gluten 260 g.,"2,65 €","10,19 €/kg",https://www.carrefour.es/supermercado/salchichas-alemanas-cocidas-y-ahumadas-estilo-baviera-campofrio-sin-gluten-260-g/R-521031131/p,https://static.carrefour.es/hd_350x_/img_pim_food/002839_00_1.jpg,Disponible
08-04-2025,19:43:17,Productos Frescos,Paté de jamón Classic Carrefour sin gluten y sin lactosa 160 g.,"1,11 €","6,94 €/kg",https://www.carrefour.es/supermercado/pate-de-jamon-classic-carrefour-sin-gluten-y-sin-lactosa-160-g/R-prod930007/p,https://static.carrefour.es/hd_350x_/img_pim_food/044270_00_1.jpg,Disponible
08-04-2025,19:43:17,Productos Frescos,Mini palmerita de mantequilla 175 g,"3,75 €","21,43 €/kg",https://www.carrefour.es/supermercado/mini-palmerita-de-mantequilla-175-g/R-793756265/p,https://static.carrefour.es/hd_350x_/img_pim_food/875843_00_1.jpg,Disponible
08-04-2025,19:43:17,Productos Frescos,Callos a la madrileña De Nuestra Tierra 500 g,"3,95 €","7,90 €/kg",https://www.carrefour.es/supermercado/callos-a-la-madrilena-de-nuestra-tierra-500-g/R-VC4AECOMM-446188/p,https://static.carrefour.es/hd_350x_/img_pim_food/446188_00_1.jpg,Disponible
08-04-2025,19:43:17,Productos Frescos,Viruta de patata Carrefour 250 g,"3,95 €","15,80 €/kg",https://www.carrefour.es/supermercado/viruta-de-patata-carrefour-250-g/R-525973474/p,https://static.carrefour.es/hd_350x_/img_pim_food/530498_00_1.jpg,Disponible
08-04-2025,19:43:17,Productos Frescos,Tomate Raff Carrefour 500 g,"2,69 €","5,38 €/kg",https://www.carrefour.es/supermercado/tomate-raff-carrefour-500-g/R-VC4AECOMM-646325/p,https://static.carrefour.es/hd_350x_/img_pim_food/646325_00_1.jpg,Disponible
08-04-2025,19:43:17,Productos Frescos,Pechuga de Pollo Marinada al Ajillo en Filetes Carrefour 500 g aprox,"3,59 €","7,19 €/kg",https://www.carrefour.es/supermercado/pechuga-de-pollo-marinada-al-ajillo-en-filetes-carrefour-500-g-aprox/R-VC4AECOMM-630184/p,https://static.carrefour.es/hd_350x_/img_pim_food/630184_00_1.jpg,Disponible
08-04-2025,19:43:17,Productos Frescos,Queso rallado mozzarella Margui 300 g.,"3,15 €","10,50 €/kg",https://www.carrefour.es/supermercado/queso-rallado-mozzarella-margui-300-g/R-VC4AECOMM-519315/p,https://static.carrefour.es/hd_350x_/img_pim_food/519315_00_1.jpg,Disponible
08-04-2025,19:43:17,Productos Frescos,Solomillo de pechuga de pollo extra Carrefour 500 g aprox,"3,99 €","7,99 €/kg",https://www.carrefour.es/supermercado/solomillo-de-pechuga-de-pollo-extra-carrefour-500-g-aprox/R-521032635/p,https://static.carrefour.es/hd_350x_/img_pim_food/047280_00_1.jpg,Disponible
08-04-2025,19:43:17,Productos Frescos,Mortadela ahumada MRM 170 g aprox,"1,44 €","8,49 €/kg",https://www.carrefour.es/supermercado/mortadela-ahumada-mrm-170-g-aprox/R-590504300/p,https://static.carrefour.es/hd_350x_/img_pim_food/262634_00_1.jpg,Disponible
08-04-2025,19:43:17,Productos Frescos,Gamba blanca cruda congelado Carrefour Extra 400 g,"7,35 €","18,37 €/kg",https://www.carrefour.es/supermercado/gamba-blanca-cruda-congelado-carrefour-extra-400-g/R-577501577/p,https://static.carrefour.es/hd_350x_/img_pim_food/287102_00_1.jpg,Disponible
08-04-2025,19:43:17,Productos Frescos,Empanada rectangular de carne 700 g,"5,50 €","5,50 €/ud",https://www.carrefour.es/supermercado/empanada-rectangular-de-carne-700-g/R-564701848/p,https://static.carrefour.es/hd_350x_/img_pim_food/406848_00_1.jpg,Disponible
08-04-2025,19:43:59,Productos Frescos,Pechuga de pollo en lonchas Campofrío - Finissimas sin gluten sin lactosa 170 g.,,"17,59 €/kg",https://www.carrefour.es/supermercado/pechuga-de-pollo-en-lonchas-campofrio-finissimas-sin-gluten-sin-lactosa-170-g/R-VC4AECOMM-695566/p,https://static.carrefour.es/hd_350x_/img_pim_food/695566_00_1.jpg,Disponible
08-04-2025,19:43:59,Productos Frescos,Hamburguesas de vacuno ecológica Carrefour Bio 2x120 g,"3,69 €","15,37 €/kg",https://www.carrefour.es/supermercado/hamburguesas-de-vacuno-ecologica-carrefour-bio-2x120-g/R-prod1070059/p,https://static.carrefour.es/hd_350x_/img_pim_food/126474_00_1.jpg,Disponible
08-04-2025,19:43:59,Productos Frescos,Napolitana de mantequilla y chocolate Carrefour 6 ud,"3,65 €","0,61 €/ud",https://www.carrefour.es/supermercado/napolitana-de-mantequilla-y-chocolate-carrefour-6-ud/R-613402589/p,https://static.carrefour.es/hd_350x_/img_pim_food/760462_00_1.jpg,Disponible
08-04-2025,19:43:59,Productos Frescos,Chorizo de pavo en lonchas Carrefour El Mercado 2x75 g,"2,75 €","18,33 €/kg",https://www.carrefour.es/supermercado/chorizo-de-pavo-en-lonchas-carrefour-el-mercado-2x75-g/R-VC4AECOMM-469100/p,https://static.carrefour.es/hd_350x_/img_pim_food/469100_00_1.jpg,Disponible
08-04-2025,19:43:59,Productos Frescos,Queso rallado Grana Padano Galbani 60 g.,"2,69 €","44,83 €/kg",https://www.carrefour.es/supermercado/queso-rallado-grana-padano-galbani-60-g/R-782730765/p,https://static.carrefour.es/hd_350x_/img_pim_food/869559_00_1.jpg,Disponible
08-04-2025,19:43:59,Productos Frescos,Pepitos con crema de cacao Carrefour envase 4 ud,"3,25 €","0,81 €/ud",https://www.carrefour.es/supermercado/pepitos-con-crema-de-cacao-carrefour-envase-4-ud/R-711901713/p,https://static.carrefour.es/hd_350x_/img_pim_food/011123_00_1.jpg,Disponible
08-04-2025,19:43:59,Productos Frescos,Pechuga de pavo en lonchas Noel Grand Bouquet sin gluten y sin lactosa 140 g.,"2,25 €","16,07 €/kg",https://www.carrefour.es/supermercado/pechuga-de-pavo-en-lonchas-noel-grand-bouquet-sin-gluten-y-sin-lactosa-140-g/R-prod190305/p,https://static.carrefour.es/hd_350x_/img_pim_food/980769_00_1.jpg,Disponible
08-04-2025,19:43:59,Productos Frescos,Medallón de Babilla de Vacuno Angus Carrefour Selection 400 g aprox,"8,76 €","21,90 €/kg",https://www.carrefour.es/supermercado/medallon-de-babilla-de-vacuno-angus-carrefour-selection-400-g-aprox/R-VC4AECOMM-007138/p,https://static.carrefour.es/hd_350x_/img_pim_food/007138_00_1.jpg,Disponible
08-04-2025,19:43:59,Productos Frescos,Snack chips jamón serrano Snack'in for you 20 g,"2,09 €","104,50 €/kg",https://www.carrefour.es/supermercado/snack-chips-jamon-serrano-snackin-for-you-20-g/R-VC4AECOMM-189251/p,https://static.carrefour.es/hd_350x_/img_pim_food/189251_00_1.jpg,Disponible
08-04-2025,19:43:59,Productos Frescos,Fuetis Snacks Original Casademont sin gluten 50 g,"1,45 €",29 €/kg,https://www.carrefour.es/supermercado/fuetis-snacks-original-casademont-sin-gluten-50-g/R-VC4AECOMM-708257/p,https://static.carrefour.es/hd_350x_/img_pim_food/708257_00_1.jpg,Disponible
08-04-2025,19:43:59,Productos Frescos,Hamburguesa de Cerdo Ibérico Carrefour El Mercado 4x90 g,"3,49 €","9,69 €/kg",https://www.carrefour.es/supermercado/hamburguesa-de-cerdo-iberico-carrefour-el-mercado-4x90-g/R-VC4AECOMM-374469/p,https://static.carrefour.es/hd_350x_/img_pim_food/374469_00_1.jpg,Disponible
08-04-2025,19:43:59,Productos Frescos,Pan tostado Ortiz 320 g.,"2,85 €","8,91 €/kg",https://www.carrefour.es/supermercado/pan-tostado-ortiz-320-g/R-521002611/p,https://static.carrefour.es/hd_350x_/img_pim_food/001628_00_1.jpg,Disponible
08-04-2025,19:43:59,Productos Frescos,Salmón ahumado noruego marinado Carrefour Extra 100 g.,"4,29 €","42,90 €/kg",https://www.carrefour.es/supermercado/salmon-ahumado-noruego-marinado-carrefour-extra-100-g/R-521016506/p,https://static.carrefour.es/hd_350x_/img_pim_food/472779_00_1.jpg,Disponible
08-04-2025,19:43:59,Productos Frescos,Paleta curada reserva Carrefour taco de 200 g,"4,25 €","21,25 €/kg",https://www.carrefour.es/supermercado/paleta-curada-reserva-carrefour-taco-de-200-g/R-871400632/p,https://static.carrefour.es/hd_350x_/img_pim_food/182488_00_1.jpg,Disponible
08-04-2025,19:43:59,Productos Frescos,Lomo de cerdo adobado al horno El Pozo 330 g,"3,69 €","11,18 €/kg",https://www.carrefour.es/supermercado/lomo-de-cerdo-adobado-al-horno-el-pozo-330-g/R-530706207/p,https://static.carrefour.es/hd_350x_/img_pim_food/743258_00_1.jpg,Disponible
08-04-2025,19:43:59,Productos Frescos,Jamón curado en taquitos Navidul sin gluten pack de 2 unidades de 60 g,"2,69 €","22,42 €/kg",https://www.carrefour.es/supermercado/jamon-curado-en-taquitos-navidul-sin-gluten-pack-de-2-unidades-de-60-g/R-625801612/p,https://static.carrefour.es/hd_350x_/img_pim_food/802571_00_1.jpg,Disponible
08-04-2025,19:43:59,Productos Frescos,Queso lonchas García Baquero sin lactosa 150 g.,"3,29 €","21,93 €/kg",https://www.carrefour.es/supermercado/queso-lonchas-garcia-baquero-sin-lactosa-150-g/R-597201603/p,https://static.carrefour.es/hd_350x_/img_pim_food/358352_00_1.jpg,Disponible
08-04-2025,19:43:59,Productos Frescos,Salchichas bockwurst Carrefour sin gluten sin lactosa 540 g.,"5,25 €","9,72 €/kg",https://www.carrefour.es/supermercado/salchichas-bockwurst-carrefour-sin-gluten-sin-lactosa-540-g/R-624703515/p,https://static.carrefour.es/hd_350x_/img_pim_food/307813_00_1.jpg,Disponible
08-04-2025,19:43:59,Productos Frescos,Queso de cabra tierno Carrefour Classic 200 g,"4,69 €","23,45 €/kg",https://www.carrefour.es/supermercado/queso-de-cabra-tierno-carrefour-classic-200-g/R-VC4AECOMM-335207/p,https://static.carrefour.es/hd_350x_/img_pim_food/335207_00_1.jpg,Disponible
08-04-2025,19:43:59,Productos Frescos,Mini ensaimada de azúcar Carrefour 6 ud,"3,15 €","0,52 €/ud",https://www.carrefour.es/supermercado/mini-ensaimada-de-azucar-carrefour-6-ud/R-525964545/p,https://static.carrefour.es/hd_350x_/img_pim_food/035769_00_1.jpg,Disponible
08-04-2025,19:43:59,Productos Frescos,Solomillo de Pollo Marinado 450 g aprox,"4,45 €","9,89 €/kg",https://www.carrefour.es/supermercado/solomillo-de-pollo-marinado-450-g-aprox/R-VC4AECOMM-190944/p,https://static.carrefour.es/hd_350x_/img_pim_food/190944_00_1.jpg,Disponible
08-04-2025,19:43:59,Productos Frescos,Cabeza de cerdo en lonchas Embutidos Frial sin gluten y sin lactosa 260 g,"3,39 €","13,04 €/kg",https://www.carrefour.es/supermercado/cabeza-de-cerdo-en-lonchas-embutidos-frial-sin-gluten-y-sin-lactosa-260-g/R-795705044/p,https://static.carrefour.es/hd_350x_/img_pim_food/896470_00_1.jpg,Disponible
08-04-2025,19:43:59,Productos Frescos,Queso tierno light en lonchas El Ventero 200 g.,"4,29 €","21,45 €/kg",https://www.carrefour.es/supermercado/queso-tierno-light-en-lonchas-el-ventero-200-g/R-521030539/p,https://static.carrefour.es/hd_350x_/img_pim_food/590741_00_1.jpg,Disponible
08-04-2025,19:43:59,Productos Frescos,Rulo de queso cabra madurado con moho Carrefour 200 g aprox,"3,24 €","16,19 €/kg",https://www.carrefour.es/supermercado/rulo-de-queso-cabra-madurado-con-moho-carrefour-200-g-aprox/R-843506646/p,https://static.carrefour.es/hd_350x_/img_pim_food/985823_00_1.jpg,Disponible
08-04-2025,19:44:42,Productos Frescos,Salami Alharce Campofrío al corte 250 g aprox,"4,74 €","18,95 €/kg",https://www.carrefour.es/supermercado/salami-alharce-campofrio-al-corte-250-g-aprox/R-609800532/p,https://static.carrefour.es/hd_350x_/img_pim_food/003770_00_1.jpg,Disponible
08-04-2025,19:44:42,Productos Frescos,Queso de vaca curado 200 g.,"2,75 €","13,75 €/kg",https://www.carrefour.es/supermercado/queso-de-vaca-curado-200-g/R-prod420078/p,https://static.carrefour.es/hd_350x_/img_pim_food/822374_00_1.jpg,Disponible
08-04-2025,19:44:42,Productos Frescos,Tomate Cocktail Wabi-Sabi 300 g,"1,85 €","6,17 €/kg",https://www.carrefour.es/supermercado/tomate-cocktail-wabi-sabi-300-g/R-VC4AECOMM-154317/p,https://static.carrefour.es/hd_350x_/img_pim_food/154317_00_1.jpg,Disponible
08-04-2025,19:44:42,Productos Frescos,Hamburguesa de Vacuno Wagyu Santa Rosalía 2x150 g,"8,75 €","29,17 €/kg",https://www.carrefour.es/supermercado/hamburguesa-de-vacuno-wagyu-santa-rosalia-2x150-g/R-740504225/p,https://static.carrefour.es/hd_350x_/img_pim_food/714399_00_1.jpg,Disponible
08-04-2025,19:44:42,Productos Frescos,Bacon ahumado en lonchas El Pozo pack de 2 unidades de 180 g envase de 360 g,"5,25 €","14,58 €/kg",https://www.carrefour.es/supermercado/bacon-ahumado-en-lonchas-el-pozo-pack-de-2-unidades-de-180-g-envase-de-360-g/R-590503030/p,https://static.carrefour.es/hd_350x_/img_pim_food/194807_00_1.jpg,Disponible
08-04-2025,19:44:42,Productos Frescos,Salchichón extra con pimienta en lonchas Carrefour Extra sin gluten 100 g,"1,99 €","19,90 €/kg",https://www.carrefour.es/supermercado/salchichon-extra-con-pimienta-en-lonchas-carrefour-extra-sin-gluten-100-g/R-VC4AECOMM-709768/p,https://static.carrefour.es/hd_350x_/img_pim_food/709768_00_1.jpg,Disponible
08-04-2025,19:44:42,Productos Frescos,Salchichón extra Boadas 1880 al corte sin gluten 90 g,"2,95 €","32,78 €/kg",https://www.carrefour.es/supermercado/salchichon-extra-boadas-1880-al-corte-sin-gluten-90-g/R-VC4AECOMM-080884/p,https://static.carrefour.es/hd_350x_/img_pim_food/080884_00_1.jpg,Disponible
08-04-2025,19:44:42,Productos Frescos,Magdalena con aceite de oliva Carrefour 450 g,"3,69 €","49,20 €/kg",https://www.carrefour.es/supermercado/magdalena-con-aceite-de-oliva-carrefour-450-g/R-VC4AECOMM-504879/p,https://static.carrefour.es/hd_350x_/img_pim_food/504879_00_1.jpg,Disponible
08-04-2025,19:44:42,Productos Frescos,Torrezno de Soria De Nuestra Tierra 230 g,"4,10 €","17,83 €/kg",https://www.carrefour.es/supermercado/torrezno-de-soria-de-nuestra-tierra-230-g/R-VC4AECOMM-500345/p,https://static.carrefour.es/hd_350x_/img_pim_food/500345_00_1.jpg,Disponible
08-04-2025,19:44:42,Productos Frescos,San Jacobo empanado Carrefour El Mercado 340 g,"1,85 €","1,85 €/ud",https://www.carrefour.es/supermercado/san-jacobo-empanado-carrefour-el-mercado-340-g/R-VC4AECOMM-249602/p,https://static.carrefour.es/hd_350x_/img_pim_food/249602_00_1.jpg,Disponible
08-04-2025,19:44:42,Productos Frescos,Ensaimadas Carrefour 3 ud,"2,95 €","0,98 €/ud",https://www.carrefour.es/supermercado/ensaimadas-carrefour-3-ud/R-525955770/p,https://static.carrefour.es/hd_350x_/img_pim_food/510139_00_1.jpg,Disponible
08-04-2025,19:44:42,Productos Frescos,Trucha ahumada arco iris en lonchas Carrefour 100 g.,"4,19 €","41,90 €/kg",https://www.carrefour.es/supermercado/trucha-ahumada-arco-iris-en-lonchas-carrefour-100-g/R-684904689/p,https://static.carrefour.es/hd_350x_/img_pim_food/075169_00_1.jpg,Disponible
08-04-2025,19:44:42,Productos Frescos,Tomate sensación umami Saborum 320 g,"2,65 €","8,28 €/kg",https://www.carrefour.es/supermercado/tomate-sensacion-umami-saborum-320-g/R-VC4AECOMM-343446/p,https://static.carrefour.es/hd_350x_/img_pim_food/343446_00_1.jpg,Disponible
08-04-2025,19:44:42,Productos Frescos,Mini sticks de chorizo Carrefour Sensation sin gluten 50 g,"1,19 €","23,80 €/kg",https://www.carrefour.es/supermercado/mini-sticks-de-chorizo-carrefour-sensation-sin-gluten-50-g/R-VC4AECOMM-709925/p,https://static.carrefour.es/hd_350x_/img_pim_food/709925_00_1.jpg,Disponible
08-04-2025,19:44:42,Productos Frescos,Espinacas con pasas y piñones Salteados Findus 400 g.,"4,25 €","10,62 €/kg",https://www.carrefour.es/supermercado/espinacas-con-pasas-y-pinones-salteados-findus-400-g/R-617901915/p,https://static.carrefour.es/hd_350x_/img_pim_food/668917_00_1.jpg,Disponible
08-04-2025,19:44:42,Productos Frescos,Escalopines de Vacuno Carrefour El Mercado 400 g aprox,"8,24 €","16,49 €/kg",https://www.carrefour.es/supermercado/escalopines-de-vacuno-carrefour-el-mercado-400-g-aprox/R-VC4AECOMM-133603/p,https://static.carrefour.es/hd_350x_/img_pim_food/133603_00_1.jpg,Disponible
08-04-2025,19:44:42,Productos Frescos,Salchichas de pollo Carrefour 400 g,"4,49 €","11,22 €/kg",https://www.carrefour.es/supermercado/salchichas-de-pollo-carrefour-400-g/R-VC4AECOMM-065793/p,https://static.carrefour.es/hd_350x_/img_pim_food/065793_00_1.jpg,Disponible
08-04-2025,19:44:42,Productos Frescos,Pechuga de Pollo Cocida en lonchas Carrefour El Mercado 200 g,"2,45 €","12,25 €/kg",https://www.carrefour.es/supermercado/pechuga-de-pollo-cocida-en-lonchas-carrefour-el-mercado-200-g/R-VC4AECOMM-050728/p,https://static.carrefour.es/hd_350x_/img_pim_food/050728_00_1.jpg,Disponible
08-04-2025,19:44:42,Productos Frescos,Queso fresco de Burgos El Ventero 1 kg.,"6,79 €","6,79 €/kg",https://www.carrefour.es/supermercado/queso-fresco-de-burgos-el-ventero-1-kg/R-700507675/p,https://static.carrefour.es/hd_350x_/img_pim_food/388851_00_1.jpg,Disponible
08-04-2025,19:44:42,Productos Frescos,Alhóndigas de Pollo y Pavo Carrefour El Mercado 414 g,"3,65 €","8,82 €/kg",https://www.carrefour.es/supermercado/alhondigas-de-pollo-y-pavo-carrefour-el-mercado-414-g/R-VC4AECOMM-211670/p,https://static.carrefour.es/hd_350x_/img_pim_food/211670_00_1.jpg,Disponible
08-04-2025,19:44:42,Productos Frescos,Champiñon cuartos Carrefour bandeja 300 g aprox,"1,99 €","6,65 €/kg",https://www.carrefour.es/supermercado/champinon-cuartos-carrefour-bandeja-300-g-aprox/R-fprod1220123/p,https://static.carrefour.es/hd_350x_/img_pim_food/271603_00_1.jpg,Disponible
08-04-2025,19:44:42,Productos Frescos,Chopped de Pavo en finas lonchas Carrefour El Mercado sin gluten 200 g,"1,69 €","8,45 €/kg",https://www.carrefour.es/supermercado/chopped-de-pavo-en-finas-lonchas-carrefour-el-mercado-sin-gluten-200-g/R-VC4AECOMM-633779/p,https://static.carrefour.es/hd_350x_/img_pim_food/633779_00_1.jpg,Disponible
08-04-2025,19:44:42,Productos Frescos,"Rape blanco 2,5 kg aprox","34,87 €","13,95 €/kg",https://www.carrefour.es/supermercado/rape-blanco-25-kg-aprox/R-530807348/p,https://static.carrefour.es/hd_350x_/img_pim_food/234989_00_1.jpg,Disponible
08-04-2025,19:44:42,Productos Frescos,Queso Gruyère Carrrefour 200 g,"3,45 €","17,25 €/kg",https://www.carrefour.es/supermercado/queso-gruyere-carrrefour-200-g/R-VC4AECOMM-681368/p,https://static.carrefour.es/hd_350x_/img_pim_food/681368_00_1.jpg,Disponible
08-04-2025,19:45:36,La Despensa,Leche semidesnatada Carrefour brik 1 l.,"0,88 €","0,88 €/l",https://www.carrefour.es/supermercado/leche-semidesnatada-carrefour-brik-1-l/R-521007071/p,https://static.carrefour.es/hd_350x_/img_pim_food/231394_00_1.jpg,Disponible
08-04-2025,19:45:36,La Despensa,Leche entera Carrefour brik 1 l.,"0,97 €","0,97 €/l",https://www.carrefour.es/supermercado/leche-entera-carrefour-brik-1-l/R-521006992/p,https://static.carrefour.es/hd_350x_/img_pim_food/231395_00_1.jpg,Disponible
08-04-2025,19:45:36,La Despensa,"Café Colombia en cápsulas L'Or Espresso compatible con Nespresso 20 unidades de 5,2 g.","8,39 €","0,42 €/ud",https://www.carrefour.es/supermercado/cafe-colombia-en-capsulas-lor-espresso-compatible-con-nespresso-20-unidades-de-52-g/R-prod870637/p,https://static.carrefour.es/hd_350x_/img_pim_food/010697_00_1.jpg,Disponible
08-04-2025,19:45:36,La Despensa,Cereales anillos de avena integral Cheerios Nestlé 300 g.,"3,99 €","13,30 €/kg",https://www.carrefour.es/supermercado/cereales-anillos-de-avena-integral-cheerios-nestle-300-g/R-VC4AECOMM-630638/p,https://static.carrefour.es/hd_350x_/img_pim_food/630638_00_1.jpg,Disponible
08-04-2025,19:45:36,La Despensa,Leche desnatada Carrefour brik 1 l.,"0,84 €","0,84 €/l",https://www.carrefour.es/supermercado/leche-desnatada-carrefour-brik-1-l/R-521007093/p,https://static.carrefour.es/hd_350x_/img_pim_food/231393_00_1.jpg,Disponible
08-04-2025,19:45:36,La Despensa,Leche semidesnatada Carrefour sin lactosa brik 1 l.,"0,96 €","0,96 €/l",https://www.carrefour.es/supermercado/leche-semidesnatada-carrefour-sin-lactosa-brik-1-l/R-714713105/p,https://static.carrefour.es/hd_350x_/img_pim_food/470401_00_1.jpg,Disponible
08-04-2025,19:45:36,La Despensa,Leche semidesnatada Central Lechera Asturiana brik 1 l.,"1,13 €","1,13 €/l",https://www.carrefour.es/supermercado/leche-semidesnatada-central-lechera-asturiana-brik-1-l/R-521007075/p,https://static.carrefour.es/hd_350x_/img_pim_food/020274_00_1.jpg,Disponible
08-04-2025,19:45:36,La Despensa,Azúcar blanco Carrefour 1 kg.,"1,03 €","1,03 €/kg",https://www.carrefour.es/supermercado/azucar-blanco-carrefour-1-kg/R-VC4AECOMM-463155/p,https://static.carrefour.es/hd_350x_/img_pim_food/463155_00_1.jpg,Disponible
08-04-2025,19:45:36,La Despensa,Galletas de chocolate rellenas de crema Oreo 154 g.,"1,64 €","10,65 €/kg",https://www.carrefour.es/supermercado/galletas-de-chocolate-rellenas-de-crema-oreo-154-g/R-526510911/p,https://static.carrefour.es/hd_350x_/img_pim_food/255705_00_1.jpg,Disponible
08-04-2025,19:45:36,La Despensa,Doritos Tex Mex 260 g.,,"11,50 €/kg",https://www.carrefour.es/supermercado/doritos-tex-mex-260-g/R-VC4AECOMM-627374/p,https://static.carrefour.es/hd_350x_/img_pim_food/627374_00_1.jpg,Disponible
08-04-2025,19:45:36,La Despensa,Atún claro en aceite de girasol Carrefour pack de 6 latas de 52 g.,"3,69 €","11,83 €/kg",https://www.carrefour.es/supermercado/atun-claro-en-aceite-de-girasol-carrefour-pack-de-6-latas-de-52-g/R-521029268/p,https://static.carrefour.es/hd_350x_/img_pim_food/417860_00_1.jpg,Disponible
08-04-2025,19:45:36,La Despensa,Leche desnatada Carrefour sin lactosa brik 1 l.,"0,93 €","0,93 €/l",https://www.carrefour.es/supermercado/leche-desnatada-carrefour-sin-lactosa-brik-1-l/R-714713109/p,https://static.carrefour.es/hd_350x_/img_pim_food/470487_00_1.jpg,Disponible
08-04-2025,19:45:36,La Despensa,Leche entera Central Lechera Asturiana brik 1 l.,"1,25 €","1,25 €/l",https://www.carrefour.es/supermercado/leche-entera-central-lechera-asturiana-brik-1-l/R-521006994/p,https://static.carrefour.es/hd_350x_/img_pim_food/002883_00_1.jpg,Disponible
08-04-2025,19:45:36,La Despensa,Leche entera brik 1 l.,"0,95 €","0,95 €/l",https://www.carrefour.es/supermercado/leche-entera-brik-1-l/R-531731272/p,https://static.carrefour.es/hd_350x_/img_pim_food/183462_00_1.jpg,Disponible
08-04-2025,19:45:36,La Despensa,Leche semidesnatada brik 1 l.,"0,86 €","0,86 €/l",https://www.carrefour.es/supermercado/leche-semidesnatada-brik-1-l/R-531731274/p,https://static.carrefour.es/hd_350x_/img_pim_food/183479_00_1.jpg,Disponible
08-04-2025,19:45:36,La Despensa,Pan de molde familiar sin azúcar añadido Bimbo 700 g.,"2,35 €","3,36 €/kg",https://www.carrefour.es/supermercado/pan-de-molde-familiar-sin-azucar-anadido-bimbo-700-g/R-prod870005/p,https://static.carrefour.es/hd_350x_/img_pim_food/377878_00_1.jpg,Disponible
08-04-2025,19:45:36,La Despensa,Guacamole Carrefour 200 g,"1,69 €","8,45 €/kg",https://www.carrefour.es/supermercado/guacamole-carrefour-200-g/R-prod1160715/p,https://static.carrefour.es/hd_350x_/img_pim_food/208412_00_1.jpg,Disponible
08-04-2025,19:45:36,La Despensa,Leche entera Président brik 1 l.,,1 €/l,https://www.carrefour.es/supermercado/leche-entera-president-brik-1-l/R-521006988/p,https://static.carrefour.es/hd_350x_/img_pim_food/022155_00_1.jpg,Disponible
08-04-2025,19:45:36,La Despensa,Atún claro al natural Carrefour pack de 6 latas de 56 g.,"3,85 €","11,46 €/kg",https://www.carrefour.es/supermercado/atun-claro-al-natural-carrefour-pack-de-6-latas-de-56-g/R-prod620143/p,https://static.carrefour.es/hd_350x_/img_pim_food/841527_00_1.jpg,Disponible
08-04-2025,19:45:36,La Despensa,Leche semidesnatada Président brik 1 l.,,"0,98 €/l",https://www.carrefour.es/supermercado/leche-semidesnatada-president-brik-1-l/R-521007081/p,https://static.carrefour.es/hd_350x_/img_pim_food/002785_00_1.jpg,Disponible
08-04-2025,19:45:36,La Despensa,Galletas caramelizadas Lotus Biscoff pack de 3 unidades de 125 g.,"2,85 €","7,60 €/kg",https://www.carrefour.es/supermercado/galletas-caramelizadas-lotus-biscoff-pack-de-3-unidades-de-125-g/R-prod1140282/p,https://static.carrefour.es/hd_350x_/img_pim_food/200054_00_1.jpg,Disponible
08-04-2025,19:45:36,La Despensa,Tomate frito Classic Carrefour pack 3 briks de 390 g.,"1,32 €","1,13 €/kg",https://www.carrefour.es/supermercado/tomate-frito-classic-carrefour-pack-3-briks-de-390-g/R-767407262/p,https://static.carrefour.es/hd_350x_/img_pim_food/775313_00_1.jpg,Disponible
08-04-2025,19:45:36,La Despensa,Bebida de avena calcio sin azúcar añadido Carrefour brik 1 l.,"0,92 €","0,92 €/l",https://www.carrefour.es/supermercado/bebida-de-avena-calcio-sin-azucar-anadido-carrefour-brik-1-l/R-VC4AECOMM-554220/p,https://static.carrefour.es/hd_350x_/img_pim_food/554220_00_1.jpg,Agotado temporalmente
08-04-2025,19:45:36,La Despensa,Galletas rellenas de crema de chocolate Mega Carrefour Classic 500 g.,"1,30 €","2,60 €/kg",https://www.carrefour.es/supermercado/galletas-rellenas-de-crema-de-chocolate-mega-carrefour-classic-500-g/R-prod224299/p,https://static.carrefour.es/hd_350x_/img_pim_food/275249_00_1.jpg,Disponible
08-04-2025,19:45:36,La Despensa,Hielo en cubitos Carrefour 2 kg.,"0,90 €","0,45 €/kg",https://www.carrefour.es/supermercado/hielo-en-cubitos-carrefour-2-kg/R-VC4AECOMM-651364/p,https://static.carrefour.es/hd_350x_/img_pim_food/651364_00_1.jpg,Disponible
08-04-2025,19:45:36,La Despensa,Leche entera Pascual brik 1 l.,"1,35 €","1,35 €/l",https://www.carrefour.es/supermercado/leche-entera-pascual-brik-1-l/R-521006986/p,https://static.carrefour.es/hd_350x_/img_pim_food/003629_00_1.jpg,Disponible
08-04-2025,19:45:36,La Despensa,Azúcar blanco Azucarera 1 kg.,"1,07 €","1,07 €/kg",https://www.carrefour.es/supermercado/azucar-blanco-azucarera-1-kg/R-521004597/p,https://static.carrefour.es/hd_350x_/img_pim_food/029065_00_1.jpg,Disponible
08-04-2025,19:45:36,La Despensa,Leche semidesnatada Pascual brik 1 l.,"1,29 €","1,29 €/l",https://www.carrefour.es/supermercado/leche-semidesnatada-pascual-brik-1-l/R-521007079/p,https://static.carrefour.es/hd_350x_/img_pim_food/003630_00_1.jpg,Disponible
08-04-2025,19:45:36,La Despensa,Aceite de girasol Carrefour Classic' 1 l.,"1,79 €","1,79 €/l",https://www.carrefour.es/supermercado/aceite-de-girasol-carrefour-classic-1-l/R-521009768/p,https://static.carrefour.es/hd_350x_/img_pim_food/277385_00_1.jpg,Disponible
08-04-2025,19:46:23,La Despensa,Tomate triturado Classic Carrefour lata de 390 g.,"0,61 €","1,52 €/kg",https://www.carrefour.es/supermercado/tomate-triturado-classic-carrefour-lata-de-390-g/R-fprod1190604/p,https://static.carrefour.es/hd_350x_/img_pim_food/245631_00_1.jpg,Disponible
08-04-2025,19:46:23,La Despensa,Leche semidesnatada con calcio Carrefour brik 1 l.,"1,03 €","1,03 €/l",https://www.carrefour.es/supermercado/leche-semidesnatada-con-calcio-carrefour-brik-1-l/R-521007000/p,https://static.carrefour.es/hd_350x_/img_pim_food/231302_00_1.jpg,Disponible
08-04-2025,19:46:23,La Despensa,"Leche semidesnatada Central Lechera Asturiana botella 1,5 l.",,"1,15 €/l",https://www.carrefour.es/supermercado/leche-semidesnatada-central-lechera-asturiana-botella-15-l/R-521007077/p,https://static.carrefour.es/hd_350x_/img_pim_food/049424_00_1.jpg,Disponible
08-04-2025,19:46:23,La Despensa,Leche entera Carrefour sin lactosa brik 1 l.,"1,04 €","1,04 €/l",https://www.carrefour.es/supermercado/leche-entera-carrefour-sin-lactosa-brik-1-l/R-847400344/p,https://static.carrefour.es/hd_350x_/img_pim_food/028412_00_1.jpg,Disponible
08-04-2025,19:46:23,La Despensa,Leche desnatada Central Lechera Asturiana brik 1 l.,"1,09 €","1,09 €/l",https://www.carrefour.es/supermercado/leche-desnatada-central-lechera-asturiana-brik-1-l/R-521007089/p,https://static.carrefour.es/hd_350x_/img_pim_food/020275_00_1.jpg,Disponible
08-04-2025,19:46:23,La Despensa,Leche semidesnatada Central Lechera Asturiana sin lactosa brik 1 l.,"1,33 €","1,33 €/l",https://www.carrefour.es/supermercado/leche-semidesnatada-central-lechera-asturiana-sin-lactosa-brik-1-l/R-670001999/p,https://static.carrefour.es/hd_350x_/img_pim_food/331600_00_1.jpg,Disponible
08-04-2025,19:46:23,La Despensa,"Leche entera Central Lechera Asturiana botella 1,5 l.",,"1,23 €/l",https://www.carrefour.es/supermercado/leche-entera-central-lechera-asturiana-botella-15-l/R-521030168/p,https://static.carrefour.es/hd_350x_/img_pim_food/002882_00_1.jpg,Disponible
08-04-2025,19:46:23,La Despensa,Bollito recubierto de chocolate clasicos Donettes 8 ud.,"2,75 €","18,09 €/kg",https://www.carrefour.es/supermercado/bollito-recubierto-de-chocolate-clasicos-donettes-8-ud/R-VC4AECOMM-682477/p,https://static.carrefour.es/hd_350x_/img_pim_food/682477_00_1.jpg,Disponible
08-04-2025,19:46:23,La Despensa,Pistachos tostados y saldaos Classic Carrefour 400 g.,"5,79 €","14,47 €/kg",https://www.carrefour.es/supermercado/pistachos-tostados-y-saldaos-classic-carrefour-400-g/R-625334196/p,https://static.carrefour.es/hd_350x_/img_pim_food/800949_00_1.jpg,Disponible
08-04-2025,19:46:23,La Despensa,Yogur griego natural Carrefour Extra pack de 6 unidades de 125 g.,"1,45 €","1,93 €/kg",https://www.carrefour.es/supermercado/yogur-griego-natural-carrefour-extra-pack-de-6-unidades-de-125-g/R-VC4AECOMM-621804/p,https://static.carrefour.es/hd_350x_/img_pim_food/621804_00_1.jpg,Disponible
08-04-2025,19:46:23,La Despensa,Pan de leche Carrefour Classic 350 g.,"1,36 €","3,89 €/kg",https://www.carrefour.es/supermercado/pan-de-leche-carrefour-classic-350-g/R-prod550021/p,https://static.carrefour.es/hd_350x_/img_pim_food/835359_00_1.jpg,Disponible
08-04-2025,19:46:23,La Despensa,Café latte cappuccino Carrefour Sensation sin gluten 250 ml.,"0,79 €","3,16 €/l",https://www.carrefour.es/supermercado/cafe-latte-cappuccino-carrefour-sensation-sin-gluten-250-ml/R-prod780151/p,https://static.carrefour.es/hd_350x_/img_pim_food/864302_00_1.jpg,Disponible
08-04-2025,19:46:23,La Despensa,Cookies con pepitas de chocolate Carrefour Classic 225 g.,"1,65 €","7,33 €/kg",https://www.carrefour.es/supermercado/cookies-con-pepitas-de-chocolate-carrefour-classic-225-g/R-VC4AECOMM-506479/p,https://static.carrefour.es/hd_350x_/img_pim_food/506479_00_1.jpg,Disponible
08-04-2025,19:46:23,La Despensa,Preparado lácteo Omega 3 Puleva sin gluten brik 1 l.,"1,85 €","1,85 €/l",https://www.carrefour.es/supermercado/preparado-lacteo-omega-3-puleva-sin-gluten-brik-1-l/R-521007052/p,https://static.carrefour.es/hd_350x_/img_pim_food/210777_00_1.jpg,Disponible
08-04-2025,19:46:23,La Despensa,Arroz categoría primera Carrefour 1 kg.,"1,33 €","1,33 €/kg",https://www.carrefour.es/supermercado/arroz-categoria-primera-carrefour-1-kg/R-prod1022743/p,https://static.carrefour.es/hd_350x_/img_pim_food/101424_00_1.jpg,Disponible
08-04-2025,19:46:23,La Despensa,Caldo de pollo Classic Carrefour sin gluten brik 1 l.,"0,67 €","0,67 €/l",https://www.carrefour.es/supermercado/caldo-de-pollo-classic-carrefour-sin-gluten-brik-1-l/R-521005786/p,https://static.carrefour.es/hd_350x_/img_pim_food/691775_00_1.jpg,Disponible
08-04-2025,19:46:23,La Despensa,"Leche semidesnatada Carrefour botella 1,5 l.","1,48 €","0,99 €/l",https://www.carrefour.es/supermercado/leche-semidesnatada-carrefour-botella-15-l/R-835176177/p,https://static.carrefour.es/hd_350x_/img_pim_food/971658_00_1.jpg,Disponible
08-04-2025,19:46:23,La Despensa,Garbanzos cocidos categoría extra Classic Carrefour 400 g.,"0,75 €","1,87 €/kg",https://www.carrefour.es/supermercado/garbanzos-cocidos-categoria-extra-classic-carrefour-400-g/R-521005495/p,https://static.carrefour.es/hd_350x_/img_pim_food/686220_00_1.jpg,Disponible
08-04-2025,19:46:23,La Despensa,Patatas fritas original Gourmet Lay's sin gluten 170 g.,"2,69 €","15,82 €/kg",https://www.carrefour.es/supermercado/patatas-fritas-original-gourmet-lays-sin-gluten-170-g/R-VC4AECOMM-718768/p,https://static.carrefour.es/hd_350x_/img_pim_food/718768_00_1.jpg,Disponible
08-04-2025,19:46:23,La Despensa,Leche entera fresca Carrefour botella 1 l.,"1,12 €","1,12 €/l",https://www.carrefour.es/supermercado/leche-entera-fresca-carrefour-botella-1-l/R-VC4AECOMM-705739/p,https://static.carrefour.es/hd_350x_/img_pim_food/705739_00_1.jpg,Disponible
08-04-2025,19:46:23,La Despensa,Berlina glace Donuts 4 ud.,"2,95 €","14,18 €/kg",https://www.carrefour.es/supermercado/berlina-glace-donuts-4-ud/R-715505820/p,https://static.carrefour.es/hd_350x_/img_pim_food/488502_00_1.jpg,Disponible
08-04-2025,19:46:23,La Despensa,Pizza prosciutto Ristorante Dr. Oetker 340 g.,"3,75 €","11,03 €/kg",https://www.carrefour.es/supermercado/pizza-prosciutto-ristorante-dr-oetker-340-g/R-521035311/p,https://static.carrefour.es/hd_350x_/img_pim_food/626461_00_1.jpg,Disponible
08-04-2025,19:46:23,La Despensa,Yogur griego con stracciatella Carrefour Extra sin gluten pack de 6 unidades de 125 g.,"1,80 €","2,40 €/kg",https://www.carrefour.es/supermercado/yogur-griego-con-stracciatella-carrefour-extra-sin-gluten-pack-de-6-unidades-de-125-g/R-VC4AECOMM-621836/p,https://static.carrefour.es/hd_350x_/img_pim_food/621836_00_1.jpg,Disponible
08-04-2025,19:46:23,La Despensa,Tomate frito Orlando sin gluten pack de 3 unidades de 350 g.,,"2,71 €/kg",https://www.carrefour.es/supermercado/tomate-frito-orlando-sin-gluten-pack-de-3-unidades-de-350-g/R-528412800/p,https://static.carrefour.es/hd_350x_/img_pim_food/146861_00_1.jpg,Disponible
08-04-2025,19:47:06,La Despensa,Leche desnatada brik 1 l.,"0,82 €","0,82 €/l",https://www.carrefour.es/supermercado/leche-desnatada-brik-1-l/R-531731276/p,https://static.carrefour.es/hd_350x_/img_pim_food/183487_00_1.jpg,Disponible
08-04-2025,19:47:06,La Despensa,Leche desnatada 0% MG Pascual brik 1 l.,"1,25 €","1,25 €/l",https://www.carrefour.es/supermercado/leche-desnatada-0-mg-pascual-brik-1-l/R-521007085/p,https://static.carrefour.es/hd_350x_/img_pim_food/003631_00_1.jpg,Disponible
08-04-2025,19:47:06,La Despensa,Patatas fritas extracrujientes con aceite de oliva Selección Carrefour 150 g.,"1,57 €","10,47 €/kg",https://www.carrefour.es/supermercado/patatas-fritas-extracrujientes-con-aceite-de-oliva-seleccion-carrefour-150-g/R-540201778/p,https://static.carrefour.es/hd_350x_/img_pim_food/177049_00_1.jpg,Disponible
08-04-2025,19:47:06,La Despensa,Kéfir natural Carrefour Sensation 500 g.,"1,14 €","2,28 €/kg",https://www.carrefour.es/supermercado/kefir-natural-carrefour-sensation-500-g/R-VC4AECOMM-486724/p,https://static.carrefour.es/hd_350x_/img_pim_food/486724_00_1.jpg,Disponible
08-04-2025,19:47:06,La Despensa,"Leche entera Carrefour botella 1,5 l.","1,54 €","1,03 €/l",https://www.carrefour.es/supermercado/leche-entera-carrefour-botella-15-l/R-836924955/p,https://static.carrefour.es/hd_350x_/img_pim_food/971656_00_1.jpg,Disponible
08-04-2025,19:47:06,La Despensa,Pipas gigantes aguasal Classic Carrefour 200 g.,"1,20 €",6 €/kg,https://www.carrefour.es/supermercado/pipas-gigantes-aguasal-classic-carrefour-200-g/R-VC4AECOMM-623535/p,https://static.carrefour.es/hd_350x_/img_pim_food/623535_00_1.jpg,Disponible
08-04-2025,19:47:06,La Despensa,Espaguetis nº 3 Gallo 675 g.,"1,76 €","2,61 €/kg",https://www.carrefour.es/supermercado/espaguetis-n-3-gallo-675-g/R-VC4AECOMM-652831/p,https://static.carrefour.es/hd_350x_/img_pim_food/652831_00_1.jpg,Disponible
08-04-2025,19:47:06,La Despensa,Leche entera Puleva brik 1 l.,"1,17 €","1,17 €/l",https://www.carrefour.es/supermercado/leche-entera-puleva-brik-1-l/R-526715334/p,https://static.carrefour.es/hd_350x_/img_pim_food/041315_00_1.jpg,Disponible
08-04-2025,19:47:06,La Despensa,Leche desnatada con calcio Carrefour brik 1 l.,1 €,1 €/l,https://www.carrefour.es/supermercado/leche-desnatada-con-calcio-carrefour-brik-1-l/R-521006998/p,https://static.carrefour.es/hd_350x_/img_pim_food/231300_00_1.jpg,Disponible
08-04-2025,19:47:06,La Despensa,Yogur natural Carrefour pack de 8 unidades de 125 g.,"1,33 €","1,33 €/kg",https://www.carrefour.es/supermercado/yogur-natural-carrefour-pack-de-8-unidades-de-125-g/R-VC4AECOMM-441067/p,https://static.carrefour.es/hd_350x_/img_pim_food/441067_00_1.jpg,Disponible
08-04-2025,19:47:06,La Despensa,Mayonesa con aceite de girasol Carrefour tarro 450 ml.,"1,25 €","2,78 €/kg",https://www.carrefour.es/supermercado/mayonesa-con-aceite-de-girasol-carrefour-tarro-450-ml/R-prod810397/p,https://static.carrefour.es/hd_350x_/img_pim_food/122380_00_1.jpg,Disponible
08-04-2025,19:47:06,La Despensa,Pan de molde sin corteza Bimbo 450 g.,"2,39 €","5,31 €/kg",https://www.carrefour.es/supermercado/pan-de-molde-sin-corteza-bimbo-450-g/R-521007151/p,https://static.carrefour.es/hd_350x_/img_pim_food/367981_00_1.jpg,Disponible
08-04-2025,19:47:06,La Despensa,Atún claro en aceite de oliva Calvo pack de 6 latas de 52 g.,,"27,21 €/kg",https://www.carrefour.es/supermercado/atun-claro-en-aceite-de-oliva-calvo-pack-de-6-latas-de-52-g/R-VC4AECOMM-659085/p,https://static.carrefour.es/hd_350x_/img_pim_food/659085_00_1.jpg,Disponible
08-04-2025,19:47:06,La Despensa,Harina de trigo Classic Carrefour 1 kg.,"0,60 €","0,60 €/kg",https://www.carrefour.es/supermercado/harina-de-trigo-classic-carrefour-1-kg/R-VC4AECOMM-253575/p,https://static.carrefour.es/hd_350x_/img_pim_food/253575_00_1.jpg,Disponible
08-04-2025,19:47:06,La Despensa,Leche semidesnatada con vitaminas A+D Puleva brik 1 l.,"1,12 €","1,12 €/l",https://www.carrefour.es/supermercado/leche-semidesnatada-con-vitaminas-ad-puleva-brik-1-l/R-526715349/p,https://static.carrefour.es/hd_350x_/img_pim_food/046176_00_1.jpg,Disponible
08-04-2025,19:47:06,La Despensa,Café latte macchiatto Carrefour Sensation sin gluten 250 ml.,"0,79 €","3,16 €/l",https://www.carrefour.es/supermercado/cafe-latte-macchiatto-carrefour-sensation-sin-gluten-250-ml/R-prod780159/p,https://static.carrefour.es/hd_350x_/img_pim_food/864314_00_1.jpg,Disponible
08-04-2025,19:47:06,La Despensa,Leche semidesnatada fresca Carrefour botella 1 l.,"1,06 €","1,06 €/l",https://www.carrefour.es/supermercado/leche-semidesnatada-fresca-carrefour-botella-1-l/R-VC4AECOMM-705737/p,https://static.carrefour.es/hd_350x_/img_pim_food/705737_00_1.jpg,Disponible
08-04-2025,19:47:06,La Despensa,Pelotazos sabor queso Cheetos 130 g.,,"14,08 €/kg",https://www.carrefour.es/supermercado/pelotazos-sabor-queso-cheetos-130-g/R-521012897/p,https://static.carrefour.es/hd_350x_/img_pim_food/299557_00_1.jpg,Disponible
08-04-2025,19:47:06,La Despensa,Patatas fritas churrería en aceite de girasol Carrefour pack de 2 bolsas de 150 g.,"1,93 €","6,43 €/kg",https://www.carrefour.es/supermercado/patatas-fritas-churreria-en-aceite-de-girasol-carrefour-pack-de-2-bolsas-de-150-g/R-796400335/p,https://static.carrefour.es/hd_350x_/img_pim_food/897891_00_1.jpg,Disponible
08-04-2025,19:47:06,La Despensa,Nata líquida para cocinar Carrefour pack de 3 unidades de 200 ml.,"1,72 €","2,87 €/l",https://www.carrefour.es/supermercado/nata-liquida-para-cocinar-carrefour-pack-de-3-unidades-de-200-ml/R-VC4AECOMM-465812/p,https://static.carrefour.es/hd_350x_/img_pim_food/465812_00_1.jpg,Disponible
08-04-2025,19:47:06,La Despensa,Garbanzo cocido categoría extra Luengo 400 g.,"1,31 €","3,27 €/kg",https://www.carrefour.es/supermercado/garbanzo-cocido-categoria-extra-luengo-400-g/R-546305864/p,https://static.carrefour.es/hd_350x_/img_pim_food/032627_00_1.jpg,Disponible
08-04-2025,19:47:06,La Despensa,Pandilla sabor queso Cheetos 75 g.,"1,83 €","24,40 €/kg",https://www.carrefour.es/supermercado/pandilla-sabor-queso-cheetos-75-g/R-521012477/p,https://static.carrefour.es/hd_350x_/img_pim_food/001831_00_1.jpg,Disponible
08-04-2025,19:47:06,La Despensa,Café latte espresso Carrefour Sensation sin gluten 250 ml.,"0,79 €","3,16 €/kg",https://www.carrefour.es/supermercado/cafe-latte-espresso-carrefour-sensation-sin-gluten-250-ml/R-prod780162/p,https://static.carrefour.es/hd_350x_/img_pim_food/864311_00_1.jpg,Disponible
08-04-2025,19:47:06,La Despensa,Yogur griego natural Carrefour Extra 1 kg.,"2,25 €","2,25 €/kg",https://www.carrefour.es/supermercado/yogur-griego-natural-carrefour-extra-1-kg/R-843506598/p,https://static.carrefour.es/hd_350x_/img_pim_food/985613_00_1.jpg,Disponible
08-04-2025,19:47:48,La Despensa,Pizza quattro formaggi Ristorante Dr. Oetker 340 g,"3,75 €","11,03 €/kg",https://www.carrefour.es/supermercado/pizza-quattro-formaggi-ristorante-dr-oetker-340-g/R-521035317/p,https://static.carrefour.es/hd_350x_/img_pim_food/626468_00_1.jpg,Disponible
08-04-2025,19:47:48,La Despensa,Hot dog Classic' Carrefour 330 g.,"0,88 €","2,67 €/kg",https://www.carrefour.es/supermercado/hot-dog-classic-carrefour-330-g/R-fprod1230187/p,https://static.carrefour.es/hd_350x_/img_pim_food/288756_00_1.jpg,Disponible
08-04-2025,19:47:48,La Despensa,Pan de molde sin corteza Carrefour Classic 450 g.,"1,11 €","2,47 €/kg",https://www.carrefour.es/supermercado/pan-de-molde-sin-corteza-carrefour-classic-450-g/R-VC4AECOMM-418011/p,https://static.carrefour.es/hd_350x_/img_pim_food/418011_00_1.jpg,Disponible
08-04-2025,19:47:48,La Despensa,Masa de hojaldre Carrefour Classic' 230 g.,"1,10 €","4,78 €/kg",https://www.carrefour.es/supermercado/masa-de-hojaldre-carrefour-classic-230-g/R-663201866/p,https://static.carrefour.es/hd_350x_/img_pim_food/314788_00_1.jpg,Disponible
08-04-2025,19:47:49,La Despensa,Nueces peladas Original Carrefour 400 g.,,"10,62 €/kg",https://www.carrefour.es/supermercado/nueces-peladas-original-carrefour-400-g/R-VC4AECOMM-539120/p,https://static.carrefour.es/hd_350x_/img_pim_food/539120_00_1.jpg,Disponible
08-04-2025,19:47:49,La Despensa,Bebida de soja con calcio Carrefour sin gluten brik 1 l.,"0,64 €","0,64 €/l",https://www.carrefour.es/supermercado/bebida-de-soja-con-calcio-carrefour-sin-gluten-brik-1-l/R-823818524/p,https://static.carrefour.es/hd_350x_/img_pim_food/955535_00_1.jpg,Agotado temporalmente
08-04-2025,19:47:49,La Despensa,Tortilla de patatas con cebolla Carrefour Classic' sin gluten y sin lactosa 600 g.,"2,49 €","4,15 €/kg",https://www.carrefour.es/supermercado/tortilla-de-patatas-con-cebolla-carrefour-classic-sin-gluten-y-sin-lactosa-600-g/R-fprod1300006/p,https://static.carrefour.es/hd_350x_/img_pim_food/333440_00_1.jpg,Disponible
08-04-2025,19:47:49,La Despensa,Pizza de jamón y queso Carrefour Classic' 400 g.,"2,45 €","6,12 €/kg",https://www.carrefour.es/supermercado/pizza-de-jamon-y-queso-carrefour-classic-400-g/R-521030210/p,https://static.carrefour.es/hd_350x_/img_pim_food/266899_00_1.jpg,Disponible
08-04-2025,19:47:49,La Despensa,Yogur griego natural azucarado Carrefour Extra pack de 6 unidades de 125 g.,"1,45 €","1,93 €/kg",https://www.carrefour.es/supermercado/yogur-griego-natural-azucarado-carrefour-extra-pack-de-6-unidades-de-125-g/R-VC4AECOMM-621853/p,https://static.carrefour.es/hd_350x_/img_pim_food/621853_00_1.jpg,Disponible
08-04-2025,19:47:49,La Despensa,Tomate frito Carrefour brik 390 g.,"0,64 €","1,64 €/kg",https://www.carrefour.es/supermercado/tomate-frito-carrefour-brik-390-g/R-767407264/p,https://static.carrefour.es/hd_350x_/img_pim_food/775314_00_1.jpg,Disponible
08-04-2025,19:47:49,La Despensa,Leche semidesnatada Vita Calcio Puleva brik 1 l.,,"1,29 €/l",https://www.carrefour.es/supermercado/leche-semidesnatada-vita-calcio-puleva-brik-1-l/R-521007012/p,https://static.carrefour.es/hd_350x_/img_pim_food/041324_00_1.jpg,Disponible
08-04-2025,19:47:49,La Despensa,Copos de avena integral Original Carrefour 500 g.,"0,82 €","1,64 €/kg",https://www.carrefour.es/supermercado/copos-de-avena-integral-original-carrefour-500-g/R-641402048/p,https://static.carrefour.es/hd_350x_/img_pim_food/813631_00_1.jpg,Disponible
08-04-2025,19:47:49,La Despensa,Flan sabor vainilla con caramelo Carrefour sin gluten pack de 6 unidades de 100 g.,"0,98 €","1,63 €/kg",https://www.carrefour.es/supermercado/flan-sabor-vainilla-con-caramelo-carrefour-sin-gluten-pack-de-6-unidades-de-100-g/R-VC4AECOMM-350960/p,https://static.carrefour.es/hd_350x_/img_pim_food/350960_00_1.jpg,Disponible
08-04-2025,19:47:49,La Despensa,Sal marina refinada fina Carrefour 1 kg.,"0,40 €","0,40 €/kg",https://www.carrefour.es/supermercado/sal-marina-refinada-fina-carrefour-1-kg/R-521005130/p,https://static.carrefour.es/hd_350x_/img_pim_food/234955_00_1.jpg,Disponible
08-04-2025,19:47:49,La Despensa,Galletas mini con pepitas de chocolate Chips Ahoy 160 g.,"1,95 €","12,19 €/kg",https://www.carrefour.es/supermercado/galletas-mini-con-pepitas-de-chocolate-chips-ahoy-160-g/R-521002816/p,https://static.carrefour.es/hd_350x_/img_pim_food/219271_00_1.jpg,Disponible
08-04-2025,19:47:49,La Despensa,Tomate triturado Classic Carrefour 780 g.,"0,92 €","1,18 €/kg",https://www.carrefour.es/supermercado/tomate-triturado-classic-carrefour-780-g/R-791942743/p,https://static.carrefour.es/hd_350x_/img_pim_food/888527_00_1.jpg,Disponible
08-04-2025,19:47:49,La Despensa,Chocolate con leche de los Alpes Milka 125 g.,"2,49 €","19,92 €/kg",https://www.carrefour.es/supermercado/chocolate-con-leche-de-los-alpes-milka-125-g/R-521004211/p,https://static.carrefour.es/hd_350x_/img_pim_food/212292_00_1.jpg,Disponible
08-04-2025,19:47:49,La Despensa,Leche entera ecológica Carrefour Bio brik 1 l.,"1,26 €","1,26 €/l",https://www.carrefour.es/supermercado/leche-entera-ecologica-carrefour-bio-brik-1-l/R-521007016/p,https://static.carrefour.es/hd_350x_/img_pim_food/500749_00_1.jpg,Disponible
08-04-2025,19:47:49,La Despensa,Patatas fritas Santa Ana sin gluten 140 g.,"1,68 €",12 €/kg,https://www.carrefour.es/supermercado/patatas-fritas-santa-ana-sin-gluten-140-g/R-VC4AECOMM-454894/p,https://static.carrefour.es/hd_350x_/img_pim_food/454894_00_1.jpg,Disponible
08-04-2025,19:47:49,La Despensa,Gnocchi de patata Carrefour Extra 500 g.,"0,99 €","1,98 €/kg",https://www.carrefour.es/supermercado/gnocchi-de-patata-carrefour-extra-500-g/R-prod1090094/p,https://static.carrefour.es/hd_350x_/img_pim_food/144785_00_1.jpg,Disponible
08-04-2025,19:47:49,La Despensa,Bebida de avena YoSoy sin gluten brik 1 l.,"1,71 €","1,71 €/l",https://www.carrefour.es/supermercado/bebida-de-avena-yosoy-sin-gluten-brik-1-l/R-804323938/p,https://static.carrefour.es/hd_350x_/img_pim_food/912945_00_1.jpg,Disponible
08-04-2025,19:47:49,La Despensa,Mantequilla Bocage 250 g.,"2,35 €","9,40 €/kg",https://www.carrefour.es/supermercado/mantequilla-bocage-250-g/R-736424187/p,https://static.carrefour.es/hd_350x_/img_pim_food/466974_00_1.jpg,Disponible
08-04-2025,19:47:49,La Despensa,Natillas con galleta entera Carrefour pack de 4 unidades de 125 g.,"1,23 €","2,46 €/kg",https://www.carrefour.es/supermercado/natillas-con-galleta-entera-carrefour-pack-de-4-unidades-de-125-g/R-832342825/p,https://static.carrefour.es/hd_350x_/img_pim_food/967552_00_1.jpg,Disponible
08-04-2025,19:47:49,La Despensa,Tomate frito Carrefour tarro 550 g.,"0,88 €","1,60 €/kg",https://www.carrefour.es/supermercado/tomate-frito-carrefour-tarro-550-g/R-600805291/p,https://static.carrefour.es/hd_350x_/img_pim_food/365663_00_1.jpg,Disponible
08-04-2025,19:48:32,La Despensa,Pan de molde con corteza Carrefour Classic 460 g.,"0,78 €","1,70 €/kg",https://www.carrefour.es/supermercado/pan-de-molde-con-corteza-carrefour-classic-460-g/R-VC4AECOMM-401046/p,https://static.carrefour.es/hd_350x_/img_pim_food/401046_00_1.jpg,Disponible
08-04-2025,19:48:32,La Despensa,Pasta macarrones Carrefour Classic 1 kg.,"1,24 €","1,24 €/kg",https://www.carrefour.es/supermercado/pasta-macarrones-carrefour-classic-1-kg/R-544501833/p,https://static.carrefour.es/hd_350x_/img_pim_food/226607_00_1.jpg,Disponible
08-04-2025,19:48:32,La Despensa,Aperitivo sabor mantequilla Jumpers sin gluten 100 g.,"1,24 €","12,40 €/kg",https://www.carrefour.es/supermercado/aperitivo-sabor-mantequilla-jumpers-sin-gluten-100-g/R-prod300963/p,https://static.carrefour.es/hd_350x_/img_pim_food/352809_00_1.jpg,Disponible
08-04-2025,19:48:32,La Despensa,Leche semidesnatada Puleva sin gluten sin lactosa botella 1 l.,"1,42 €","1,42 €/l",https://www.carrefour.es/supermercado/leche-semidesnatada-puleva-sin-gluten-sin-lactosa-botella-1-l/R-521007020/p,https://static.carrefour.es/hd_350x_/img_pim_food/196898_00_1.jpg,Disponible
08-04-2025,19:48:32,La Despensa,Bebida de soja sin azúcar añadido Carrefour sin gluten brik 1 l.,"0,74 €","0,74 €/l",https://www.carrefour.es/supermercado/bebida-de-soja-sin-azucar-anadido-carrefour-sin-gluten-brik-1-l/R-823818537/p,https://static.carrefour.es/hd_350x_/img_pim_food/955592_00_1.jpg,Disponible
08-04-2025,19:48:32,La Despensa,Tiras de maíz sabor barbacoa Carrefour 150 g.,"0,74 €","4,93 €/kg",https://www.carrefour.es/supermercado/tiras-de-maiz-sabor-barbacoa-carrefour-150-g/R-521003798/p,https://static.carrefour.es/hd_350x_/img_pim_food/799025_00_1.jpg,Disponible
08-04-2025,19:48:32,La Despensa,Galletas Safari Carrefour Classic pack de 3 unidades de 200 g.,"1,46 €","2,43 €/kg",https://www.carrefour.es/supermercado/galletas-safari-carrefour-classic-pack-de-3-unidades-de-200-g/R-818615210/p,https://static.carrefour.es/hd_350x_/img_pim_food/945674_00_1.jpg,Disponible
08-04-2025,19:48:32,La Despensa,Leche desnatada Président brik 1 l.,,"0,95 €/l",https://www.carrefour.es/supermercado/leche-desnatada-president-brik-1-l/R-521007083/p,https://static.carrefour.es/hd_350x_/img_pim_food/002786_00_1.jpg,Disponible
08-04-2025,19:48:32,La Despensa,Café molido mezcla Carrefour Classic 500 g.,"4,64 €","9,28 €/kg",https://www.carrefour.es/supermercado/cafe-molido-mezcla-carrefour-classic-500-g/R-fprod1280759/p,https://static.carrefour.es/hd_350x_/img_pim_food/331373_00_1.jpg,Disponible
08-04-2025,19:48:32,La Despensa,Leche semidesnatada Lauki brik 1 l.,"1,17 €","1,17 €/l",https://www.carrefour.es/supermercado/leche-semidesnatada-lauki-brik-1-l/R-521012942/p,https://static.carrefour.es/hd_350x_/img_pim_food/047822_00_1.jpg,Disponible
08-04-2025,19:48:32,La Despensa,Natillas de vainilla Danone Danet pack de 4 unidades de 120 g.,"1,99 €","4,15 €/kg",https://www.carrefour.es/supermercado/natillas-de-vainilla-danone-danet-pack-de-4-unidades-de-120-g/R-521029850/p,https://static.carrefour.es/hd_350x_/img_pim_food/755797_00_1.jpg,Disponible
08-04-2025,19:48:32,La Despensa,Pan de molde integral de trigo con corteza Carrefour Classic 820 g,"1,33 €","1,62 €/kg",https://www.carrefour.es/supermercado/pan-de-molde-integral-de-trigo-con-corteza-carrefour-classic-820-g/R-VC4AECOMM-435346/p,https://static.carrefour.es/hd_350x_/img_pim_food/435346_00_1.jpg,Disponible
08-04-2025,19:48:32,La Despensa,Nuggets de pollo Carrefour Classic 500 g.,"2,59 €","5,18 €/kg",https://www.carrefour.es/supermercado/nuggets-de-pollo-carrefour-classic-500-g/R-VC4AECOMM-694165/p,https://static.carrefour.es/hd_350x_/img_pim_food/694165_00_1.jpg,Disponible
08-04-2025,19:48:32,La Despensa,Garbanzos cocidos sin sal añadida categoría extra Classic Carrefour 400 g.,"0,75 €","1,87 €/kg",https://www.carrefour.es/supermercado/garbanzos-cocidos-sin-sal-anadida-categoria-extra-classic-carrefour-400-g/R-521005485/p,https://static.carrefour.es/hd_350x_/img_pim_food/709626_00_1.jpg,Disponible
08-04-2025,19:48:32,La Despensa,Kétchup Classic Carrefour envase 560 g.,"1,07 €","1,91 €/kg",https://www.carrefour.es/supermercado/ketchup-classic-carrefour-envase-560-g/R-712515965/p,https://static.carrefour.es/hd_350x_/img_pim_food/438870_00_1.jpg,Disponible
08-04-2025,19:48:32,La Despensa,Leche desnatada Central Lechera Asturiana sin lactosa brik 1 l.,"1,27 €","1,27 €/l",https://www.carrefour.es/supermercado/leche-desnatada-central-lechera-asturiana-sin-lactosa-brik-1-l/R-736814096/p,https://static.carrefour.es/hd_350x_/img_pim_food/704408_00_1.jpg,Disponible
08-04-2025,19:48:32,La Despensa,Bollito recubierto de chocolate blanco rayado Donettes 8 ud.,"2,85 €","16,19 €/kg",https://www.carrefour.es/supermercado/bollito-recubierto-de-chocolate-blanco-rayado-donettes-8-ud/R-VC4AECOMM-682487/p,https://static.carrefour.es/hd_350x_/img_pim_food/682487_00_1.jpg,Disponible
08-04-2025,19:48:32,La Despensa,Pan de molde integral sin azúcar añadido Carrefour 460 g.,"0,87 €","1,89 €/kg",https://www.carrefour.es/supermercado/pan-de-molde-integral-sin-azucar-anadido-carrefour-460-g/R-VC4AECOMM-470192/p,https://static.carrefour.es/hd_350x_/img_pim_food/470192_00_1.jpg,Disponible
08-04-2025,19:48:32,La Despensa,Alubias cocidas categoría extra Classic Carrefour 400 g.,"0,80 €",2 €/kg,https://www.carrefour.es/supermercado/alubias-cocidas-categoria-extra-classic-carrefour-400-g/R-521005493/p,https://static.carrefour.es/hd_350x_/img_pim_food/686224_00_1.jpg,Disponible
08-04-2025,19:48:32,La Despensa,Café molido natural Carrefour Classic 500 g.,"4,64 €","9,28 €/kg",https://www.carrefour.es/supermercado/cafe-molido-natural-carrefour-classic-500-g/R-fprod1280764/p,https://static.carrefour.es/hd_350x_/img_pim_food/331397_00_1.jpg,Disponible
08-04-2025,19:48:32,La Despensa,Croissants Classic' Carrefour 350 g.,"1,47 €","4,20 €/kg",https://www.carrefour.es/supermercado/croissants-classic-carrefour-350-g/R-521007194/p,https://static.carrefour.es/hd_350x_/img_pim_food/060506_00_1.jpg,Disponible
08-04-2025,19:48:32,La Despensa,Patatas fritas sabor jamón Ruffles sin gluten 150 g.,"2,09 €","13,93 €/kg",https://www.carrefour.es/supermercado/patatas-fritas-sabor-jamon-ruffles-sin-gluten-150-g/R-VC4AECOMM-718769/p,https://static.carrefour.es/hd_350x_/img_pim_food/718769_00_1.jpg,Disponible
08-04-2025,19:48:32,La Despensa,Copa de chocolate con nata Carrefour pack de 4 unidades de 115 g.,"1,35 €","2,93 €/kg",https://www.carrefour.es/supermercado/copa-de-chocolate-con-nata-carrefour-pack-de-4-unidades-de-115-g/R-551802081/p,https://static.carrefour.es/hd_350x_/img_pim_food/249960_00_1.jpg,Disponible
08-04-2025,19:48:32,La Despensa,Doritos Tex Mex 140 g.,"1,86 €","13,29 €/kg",https://www.carrefour.es/supermercado/doritos-tex-mex-140-g/R-VC4AECOMM-627395/p,https://static.carrefour.es/hd_350x_/img_pim_food/627395_00_1.jpg,Disponible
08-04-2025,19:49:16,La Despensa,Aceite de oliva virgen extra Carbonell 1 l.,"7,99 €","7,99 €/l",https://www.carrefour.es/supermercado/aceite-de-oliva-virgen-extra-carbonell-1-l/R-584001513/p,https://static.carrefour.es/hd_350x_/img_pim_food/300506_00_1.jpg,Disponible
08-04-2025,19:49:16,La Despensa,Arroz redondo Sos 1 kg.,"1,92 €","1,92 €/kg",https://www.carrefour.es/supermercado/arroz-redondo-sos-1-kg/R-521012514/p,https://static.carrefour.es/hd_350x_/img_pim_food/002277_00_1.jpg,Disponible
08-04-2025,19:49:16,La Despensa,Tortas de aceite Inés Rosales 180 g.,"2,26 €","12,56 €/kg",https://www.carrefour.es/supermercado/tortas-de-aceite-ines-rosales-180-g/R-521008126/p,https://static.carrefour.es/hd_350x_/img_pim_food/046706_00_1.jpg,Disponible
08-04-2025,19:49:16,La Despensa,Natillas de vainilla Carrefour Classic' pack de 4 unidades de 125 g.,"1,05 €","2,10 €/kg",https://www.carrefour.es/supermercado/natillas-de-vainilla-carrefour-classic-pack-de-4-unidades-de-125-g/R-835176181/p,https://static.carrefour.es/hd_350x_/img_pim_food/971662_00_1.jpg,Agotado temporalmente
08-04-2025,19:49:16,La Despensa,Mantequilla pastilla sin sal Carrefour Classic 250 g.,"2,29 €","9,16 €/kg",https://www.carrefour.es/supermercado/mantequilla-pastilla-sin-sal-carrefour-classic-250-g/R-fprod1350157/p,https://static.carrefour.es/hd_350x_/img_pim_food/337329_00_1.jpg,Disponible
08-04-2025,19:49:16,La Despensa,Aros de chocolate blanco Carrefour Classic 128 g.,"1,15 €","9,58 €/kg",https://www.carrefour.es/supermercado/aros-de-chocolate-blanco-carrefour-classic-128-g/R-521002818/p,https://static.carrefour.es/hd_350x_/img_pim_food/228287_00_1.jpg,Disponible
08-04-2025,19:49:16,La Despensa,Aperitivo de maíz sabor queso Risketos Risi sin gluten 135 g.,"1,67 €","12,37 €/kg",https://www.carrefour.es/supermercado/aperitivo-de-maiz-sabor-queso-risketos-risi-sin-gluten-135-g/R-VC4AECOMM-205992/p,https://static.carrefour.es/hd_350x_/img_pim_food/205992_00_1.jpg,Disponible
08-04-2025,19:49:16,La Despensa,Macarrones Carrefour 500 g.,"0,79 €","1,58 €/kg",https://www.carrefour.es/supermercado/macarrones-carrefour-500-g/R-544101816/p,https://static.carrefour.es/hd_350x_/img_pim_food/229760_00_1.jpg,Disponible
08-04-2025,19:49:16,La Despensa,Patatas fritas sabor campesina Classic Carrefour 150 g.,"1,10 €","7,33 €/kg",https://www.carrefour.es/supermercado/patatas-fritas-sabor-campesina-classic-carrefour-150-g/R-prod1070117/p,https://static.carrefour.es/hd_350x_/img_pim_food/130123_00_1.jpg,Disponible
08-04-2025,19:49:16,La Despensa,Pizza 4 quesos Carrefour Classic 400 g.,"2,65 €","6,62 €/kg",https://www.carrefour.es/supermercado/pizza-4-quesos-carrefour-classic-400-g/R-521030213/p,https://static.carrefour.es/hd_350x_/img_pim_food/266914_00_1.jpg,Disponible
08-04-2025,19:49:16,La Despensa,Pasta espaguetis Carrefour 1 kg.,"1,24 €","1,24 €/kg",https://www.carrefour.es/supermercado/pasta-espaguetis-carrefour-1-kg/R-544501835/p,https://static.carrefour.es/hd_350x_/img_pim_food/226608_00_1.jpg,Disponible
08-04-2025,19:49:16,La Despensa,Yogur griego de fresa Carrefour Extra sin gluten pack de 6 unidades de 125 g.,"1,69 €","2,25 €/kg",https://www.carrefour.es/supermercado/yogur-griego-de-fresa-carrefour-extra-sin-gluten-pack-de-6-unidades-de-125-g/R-VC4AECOMM-628189/p,https://static.carrefour.es/hd_350x_/img_pim_food/628189_00_1.jpg,Disponible
08-04-2025,19:49:16,La Despensa,Magdalena redonda Classic' Carrefour 615 g.,"2,05 €","3,33 €/kg",https://www.carrefour.es/supermercado/magdalena-redonda-classic-carrefour-615-g/R-VC4AECOMM-581097/p,https://static.carrefour.es/hd_350x_/img_pim_food/581097_00_1.jpg,Disponible
08-04-2025,19:49:16,La Despensa,Galletas de chocolate rellenas de crema Mini Oreo pack de 4 unidades de 40 g.,"1,95 €","12,19 €/kg",https://www.carrefour.es/supermercado/galletas-de-chocolate-rellenas-de-crema-mini-oreo-pack-de-4-unidades-de-40-g/R-521002858/p,https://static.carrefour.es/hd_350x_/img_pim_food/056534_00_1.jpg,Disponible
08-04-2025,19:49:16,La Despensa,Chocolate con leche Carrefour Classic sin gluten 150 g.,"1,80 €",12 €/kg,https://www.carrefour.es/supermercado/chocolate-con-leche-carrefour-classic-sin-gluten-150-g/R-521004209/p,https://static.carrefour.es/hd_350x_/img_pim_food/231570_00_1.jpg,Disponible
08-04-2025,19:49:16,La Despensa,Berlinas bombón Donuts 4 ud.,"2,99 €","13,59 €/kg",https://www.carrefour.es/supermercado/berlinas-bombon-donuts-4-ud/R-715505824/p,https://static.carrefour.es/hd_350x_/img_pim_food/488506_00_1.jpg,Disponible
08-04-2025,19:49:16,La Despensa,Leche semidesnatada ecológica Carrefour Bio brik 1 l.,"1,22 €","1,22 €/l",https://www.carrefour.es/supermercado/leche-semidesnatada-ecologica-carrefour-bio-brik-1-l/R-521007018/p,https://static.carrefour.es/hd_350x_/img_pim_food/616310_00_1.jpg,Disponible
08-04-2025,19:49:16,La Despensa,Nueces sin cáscara Original Carrefour 200 g.,"3,15 €","15,75 €/kg",https://www.carrefour.es/supermercado/nueces-sin-cascara-original-carrefour-200-g/R-521003605/p,https://static.carrefour.es/hd_350x_/img_pim_food/603846_00_1.jpg,Disponible
08-04-2025,19:49:16,La Despensa,Tiburón Carrefour 500 g.,"0,79 €","1,58 €/kg",https://www.carrefour.es/supermercado/tiburon-carrefour-500-g/R-544101810/p,https://static.carrefour.es/hd_350x_/img_pim_food/229700_00_1.jpg,Disponible
08-04-2025,19:49:16,La Despensa,Preparado lácteo con nueces Omega 3 Puleva sin gluten brik 1 l.,,"1,69 €/l",https://www.carrefour.es/supermercado/preparado-lacteo-con-nueces-omega-3-puleva-sin-gluten-brik-1-l/R-530363440/p,https://static.carrefour.es/hd_350x_/img_pim_food/168053_00_1.jpg,Disponible
08-04-2025,19:49:16,La Despensa,Nata montada azucarada Carrefour spray 250 ml.,"1,75 €",7 €/l,https://www.carrefour.es/supermercado/nata-montada-azucarada-carrefour-spray-250-ml/R-521032934/p,https://static.carrefour.es/hd_350x_/img_pim_food/231422_00_1.jpg,Disponible
08-04-2025,19:49:16,La Despensa,Aceitunas verdes rellenas de anchoa Carrefour 150 g.,"1,05 €",7 €/kg,https://www.carrefour.es/supermercado/aceitunas-verdes-rellenas-de-anchoa-carrefour-150-g/R-VC4AECOMM-441966/p,https://static.carrefour.es/hd_350x_/img_pim_food/441966_00_1.jpg,Disponible
08-04-2025,19:49:16,La Despensa,Cachuetes fritos Carrefour 250 g.,"0,99 €","3,96 €/kg",https://www.carrefour.es/supermercado/cachuetes-fritos-carrefour-250-g/R-VC4AECOMM-618107/p,https://static.carrefour.es/hd_350x_/img_pim_food/618107_00_1.jpg,Disponible
08-04-2025,19:49:16,La Despensa,Flan de huevo al baño María Carrefour Classic' sin gluten pack de 4 unidades de 100 g.,"1,45 €","3,62 €/kg",https://www.carrefour.es/supermercado/flan-de-huevo-al-bano-maria-carrefour-classic-sin-gluten-pack-de-4-unidades-de-100-g/R-521029829/p,https://static.carrefour.es/hd_350x_/img_pim_food/233299_00_1.jpg,Disponible
08-04-2025,19:49:57,La Despensa,Yogur sabores Carrefour Classic´ sin gluten pack de 16 unidades de 125 g.,"2,29 €","1,14 €/kg",https://www.carrefour.es/supermercado/yogur-sabores-carrefour-classic-sin-gluten-pack-de-16-unidades-de-125-g/R-VC4AECOMM-025971/p,https://static.carrefour.es/hd_350x_/img_pim_food/025971_00_1.jpg,Disponible
08-04-2025,19:49:57,La Despensa,Pan de molde rebanada estilo artesano Bimbo 500 g.,"2,89 €","5,25 €/kg",https://www.carrefour.es/supermercado/pan-de-molde-rebanada-estilo-artesano-bimbo-500-g/R-829845014/p,https://static.carrefour.es/hd_350x_/img_pim_food/965244_00_1.jpg,Disponible
08-04-2025,19:49:57,La Despensa,Pizza barbacoa Carrefour Classic 400 g.,"2,45 €","6,12 €/kg",https://www.carrefour.es/supermercado/pizza-barbacoa-carrefour-classic-400-g/R-521030200/p,https://static.carrefour.es/hd_350x_/img_pim_food/743623_00_1.jpg,Disponible
08-04-2025,19:49:57,La Despensa,Leche entera Lauki brik 1 l.,"1,17 €","1,17 €/l",https://www.carrefour.es/supermercado/leche-entera-lauki-brik-1-l/R-521012939/p,https://static.carrefour.es/hd_350x_/img_pim_food/047817_00_1.jpg,Disponible
08-04-2025,19:49:57,La Despensa,Cereales arroz inflado chocolateado y chips de chocolate recubiertos de galleta Choco Flakes Cuétara 520 g.,"4,09 €","7,87 €/kg",https://www.carrefour.es/supermercado/cereales-arroz-inflado-chocolateado-y-chips-de-chocolate-recubiertos-de-galleta-choco-flakes-cuetara-520-g/R-655301836/p,https://static.carrefour.es/hd_350x_/img_pim_food/293414_00_1.jpg,Disponible
08-04-2025,19:49:57,La Despensa,Aperitivo de patata Cream & Onion Pringles 185 g.,"2,85 €","15,41 €/kg",https://www.carrefour.es/supermercado/aperitivo-de-patata-cream-onion-pringles-185-g/R-VC4AECOMM-142098/p,https://static.carrefour.es/hd_350x_/img_pim_food/142098_00_1.jpg,Disponible
08-04-2025,19:49:57,La Despensa,Champiñones laminados Carrefour 230 g.,"1,24 €","5,39 €/kg",https://www.carrefour.es/supermercado/champinones-laminados-carrefour-230-g/R-521005928/p,https://static.carrefour.es/hd_350x_/img_pim_food/530648_00_1.jpg,Disponible
08-04-2025,19:49:57,La Despensa,Yogur natural Danone pack de 8 unidades de 120 g.,"1,89 €","1,97 €/kg",https://www.carrefour.es/supermercado/yogur-natural-danone-pack-de-8-unidades-de-120-g/R-521029389/p,https://static.carrefour.es/hd_350x_/img_pim_food/002903_00_1.jpg,Disponible
08-04-2025,19:49:57,La Despensa,Torreznos Classic Carrefour sin gluten 100 g.,"1,33 €","13,30 €/kg",https://www.carrefour.es/supermercado/torreznos-classic-carrefour-sin-gluten-100-g/R-590211123/p,https://static.carrefour.es/hd_350x_/img_pim_food/296315_00_1.jpg,Disponible
08-04-2025,19:49:57,La Despensa,"Aceite de oliva suave 0,4º Carrefour 1 l.","4,44 €","4,44 €/l",https://www.carrefour.es/supermercado/aceite-de-oliva-suave-04-carrefour-1-l/R-526600666/p,https://static.carrefour.es/hd_350x_/img_pim_food/128215_00_1.jpg,Disponible
08-04-2025,19:49:57,La Despensa,Anacardo crudo Original Carrefour 200 g.,"2,39 €","11,95 €/kg",https://www.carrefour.es/supermercado/anacardo-crudo-original-carrefour-200-g/R-VC4AECOMM-491998/p,https://static.carrefour.es/hd_350x_/img_pim_food/491998_00_1.jpg,Disponible
08-04-2025,19:49:57,La Despensa,Berlina Fondant Donuts 204 g.,"2,99 €","14,66 €/kg",https://www.carrefour.es/supermercado/berlina-fondant-donuts-204-g/R-590204453/p,https://static.carrefour.es/hd_350x_/img_pim_food/153863_00_1.jpg,Disponible
08-04-2025,19:49:57,La Despensa,Huevos Frescos Carrefour El Mercado 24 ud.,"4,75 €","2,37 €/docena",https://www.carrefour.es/supermercado/huevos-frescos-carrefour-el-mercado-24-ud/R-VC4AECOMM-307898/p,https://static.carrefour.es/hd_350x_/img_pim_food/307898_00_1.jpg,Disponible
08-04-2025,19:49:57,La Despensa,Croissants rellenos de crema de cacao Carrefour Classic 360 g.,"1,90 €","5,28 €/kg",https://www.carrefour.es/supermercado/croissants-rellenos-de-crema-de-cacao-carrefour-classic-360-g/R-521007192/p,https://static.carrefour.es/hd_350x_/img_pim_food/060500_00_1.jpg,Disponible
08-04-2025,19:49:57,La Despensa,Pistachos tostados y salados Classic Carrefour 200 g.,"2,95 €","14,75 €/kg",https://www.carrefour.es/supermercado/pistachos-tostados-y-salados-classic-carrefour-200-g/R-521003601/p,https://static.carrefour.es/hd_350x_/img_pim_food/080240_00_1.jpg,Disponible
08-04-2025,19:49:57,La Despensa,Huevos Frescos Carrefour El Mercado 12 ud.,"2,80 €","2,80 €/docena",https://www.carrefour.es/supermercado/huevos-frescos-carrefour-el-mercado-12-ud/R-VC4AECOMM-307927/p,https://static.carrefour.es/hd_350x_/img_pim_food/307927_00_1.jpg,Disponible
08-04-2025,19:49:58,La Despensa,Leche desnatada Vita Calcio Puleva brik 1 l.,,"1,29 €/l",https://www.carrefour.es/supermercado/leche-desnatada-vita-calcio-puleva-brik-1-l/R-521007014/p,https://static.carrefour.es/hd_350x_/img_pim_food/041329_00_1.jpg,Disponible
08-04-2025,19:49:58,La Despensa,Tomate frito Classic Carrefour pack 3 briks de 215 g.,"0,97 €","1,50 €/kg",https://www.carrefour.es/supermercado/tomate-frito-classic-carrefour-pack-3-briks-de-215-g/R-767407260/p,https://static.carrefour.es/hd_350x_/img_pim_food/775309_00_1.jpg,Disponible
08-04-2025,19:49:58,La Despensa,Vinagre de vino blanco Carrefour 1 l.,"0,65 €","0,65 €/l",https://www.carrefour.es/supermercado/vinagre-de-vino-blanco-carrefour-1-l/R-531705309/p,https://static.carrefour.es/hd_350x_/img_pim_food/184914_00_1.jpg,Disponible
08-04-2025,19:49:58,La Despensa,Patatas fritas onduladas Sensation Carrefour 170 g.,"1,19 €",7 €/kg,https://www.carrefour.es/supermercado/patatas-fritas-onduladas-sensation-carrefour-170-g/R-521003682/p,https://static.carrefour.es/hd_350x_/img_pim_food/498822_00_1.jpg,Disponible
08-04-2025,19:49:58,La Despensa,Nachos sabor original Sensation Carrefour 150 g.,"0,99 €","6,60 €/kg",https://www.carrefour.es/supermercado/nachos-sabor-original-sensation-carrefour-150-g/R-VC4AECOMM-110329/p,https://static.carrefour.es/hd_350x_/img_pim_food/110329_00_1.jpg,Disponible
08-04-2025,19:49:58,La Despensa,Pan Burger brioche Carrefour El Mercado 260 g,"2,83 €","10,88 €/kg",https://www.carrefour.es/supermercado/pan-burger-brioche-carrefour-el-mercado-260-g/R-VC4AECOMM-308678/p,https://static.carrefour.es/hd_350x_/img_pim_food/308678_00_1.jpg,Disponible
08-04-2025,19:49:58,La Despensa,Mayonesa Carrefour envase 500 ml 475g.,"1,53 €","3,22 €/kg",https://www.carrefour.es/supermercado/mayonesa-carrefour-envase-500-ml-475g/R-VC4AECOMM-013524/p,https://static.carrefour.es/hd_350x_/img_pim_food/013524_00_1.jpg,Disponible
08-04-2025,19:49:58,La Despensa,Hummus clásico Carrefour Extra sin gluten 240 g,"1,10 €","4,58 €/kg",https://www.carrefour.es/supermercado/hummus-clasico-carrefour-extra-sin-gluten-240-g/R-VC4AECOMM-112532/p,https://static.carrefour.es/hd_350x_/img_pim_food/112532_00_1.jpg,Disponible
08-04-2025,19:50:42,La Despensa,Aceite de girasol para freír Carrefour garrafa 5 l.,"8,49 €","1,70 €/l",https://www.carrefour.es/supermercado/aceite-de-girasol-para-freir-carrefour-garrafa-5-l/R-520661084/p,https://static.carrefour.es/hd_350x_/img_pim_food/277575_00_1.jpg,Disponible
08-04-2025,19:50:42,La Despensa,Café molido natural Carrefour Classic 250 g.,"2,35 €","9,40 €/kg",https://www.carrefour.es/supermercado/cafe-molido-natural-carrefour-classic-250-g/R-521003000/p,https://static.carrefour.es/hd_350x_/img_pim_food/236780_00_1.jpg,Disponible
08-04-2025,19:50:42,La Despensa,Huevos Camperos Círculo de Calidad 6 ud,"2,39 €","4,78 €/docena",https://www.carrefour.es/supermercado/huevos-camperos-circulo-de-calidad-6-ud/R-prod69874/p,https://static.carrefour.es/hd_350x_/img_pim_food/151112_00_1.jpg,Disponible
08-04-2025,19:50:42,La Despensa,Patatas fritas al punto de sal Lay's sin gluten 265 g.,"2,69 €","10,15 €/kg",https://www.carrefour.es/supermercado/patatas-fritas-al-punto-de-sal-lays-sin-gluten-265-g/R-VC4AECOMM-128846/p,https://static.carrefour.es/hd_350x_/img_pim_food/128846_00_1.jpg,Disponible
08-04-2025,19:50:42,La Despensa,Natillas de chocolate Carrefour pack de 4 unidades de 125 g.,"1,05 €","2,10 €/kg",https://www.carrefour.es/supermercado/natillas-de-chocolate-carrefour-pack-de-4-unidades-de-125-g/R-837832786/p,https://static.carrefour.es/hd_350x_/img_pim_food/971661_00_1.jpg,Disponible
08-04-2025,19:50:42,La Despensa,Aperitivo de maíz sabor queso y bacon Konos Carrefour 100 g.,"0,80 €",8 €/kg,https://www.carrefour.es/supermercado/aperitivo-de-maiz-sabor-queso-y-bacon-konos-carrefour-100-g/R-521003767/p,https://static.carrefour.es/hd_350x_/img_pim_food/726807_00_1.jpg,Disponible
08-04-2025,19:50:42,La Despensa,Pasta plumas nº 6 Gallo 675 g.,"1,69 €","2,50 €/kg",https://www.carrefour.es/supermercado/pasta-plumas-n-6-gallo-675-g/R-VC4AECOMM-652826/p,https://static.carrefour.es/hd_350x_/img_pim_food/652826_00_1.jpg,Disponible
08-04-2025,19:50:42,La Despensa,Aperitivo de patata sabor original Pringles 185 g.,"2,85 €","15,41 €/kg",https://www.carrefour.es/supermercado/aperitivo-de-patata-sabor-original-pringles-185-g/R-VC4AECOMM-142078/p,https://static.carrefour.es/hd_350x_/img_pim_food/142078_00_1.jpg,Disponible
08-04-2025,19:50:42,La Despensa,Leche semidesnatada Pascual sin lactosa brik 1 l.,,"1,35 €/l",https://www.carrefour.es/supermercado/leche-semidesnatada-pascual-sin-lactosa-brik-1-l/R-530362994/p,https://static.carrefour.es/hd_350x_/img_pim_food/158606_00_1.jpg,Disponible
08-04-2025,19:50:42,La Despensa,Hogaza masa madre The Rustik Bakery 400 g.,"2,85 €","7,12 €/kg",https://www.carrefour.es/supermercado/hogaza-masa-madre-the-rustik-bakery-400-g/R-823507267/p,https://static.carrefour.es/hd_350x_/img_pim_food/954589_00_1.jpg,Disponible
08-04-2025,19:50:42,La Despensa,Leche desnatada 0% MG Puleva sin gluten sin lactosa botella 1 l.,"1,37 €","1,37 €/l",https://www.carrefour.es/supermercado/leche-desnatada-0-mg-puleva-sin-gluten-sin-lactosa-botella-1-l/R-538002088/p,https://static.carrefour.es/hd_350x_/img_pim_food/227049_00_1.jpg,Disponible
08-04-2025,19:50:42,La Despensa,Huevos camperos Pazo de Vilane 12 ud.,"4,19 €","4,19 €/docena",https://www.carrefour.es/supermercado/huevos-camperos-pazo-de-vilane-12-ud/R-527054495/p,https://static.carrefour.es/hd_350x_/img_pim_food/255594_00_1.jpg,Disponible
08-04-2025,19:50:42,La Despensa,Pistachos tostados sin sal añadida Carrefour 150 g.,"2,19 €","14,60 €/kg",https://www.carrefour.es/supermercado/pistachos-tostados-sin-sal-anadida-carrefour-150-g/R-prod800302/p,https://static.carrefour.es/hd_350x_/img_pim_food/991782_00_1.jpg,Disponible
08-04-2025,19:50:42,La Despensa,Bebida láctea desnatada al cacao Proteína Plus Carrefour Sensation sin gluten y sin azúcar añadido 330 ml.,"1,30 €","3,94 €/l",https://www.carrefour.es/supermercado/bebida-lactea-desnatada-al-cacao-proteina-plus-carrefour-sensation-sin-gluten-y-sin-azucar-anadido-330-ml/R-VC4AECOMM-432196/p,https://static.carrefour.es/hd_350x_/img_pim_food/432196_00_1.jpg,Disponible
08-04-2025,19:50:42,La Despensa,Pizza de jamón y queso Casa Tarradellas 405 g.,"3,29 €","8,12 €/kg",https://www.carrefour.es/supermercado/pizza-de-jamon-y-queso-casa-tarradellas-405-g/R-521030231/p,https://static.carrefour.es/hd_350x_/img_pim_food/051680_00_1.jpg,Disponible
08-04-2025,19:50:42,La Despensa,Patatas fritas sabor jamón serrano Sensation Carrefour 150 g.,"1,20 €",8 €/kg,https://www.carrefour.es/supermercado/patatas-fritas-sabor-jamon-serrano-sensation-carrefour-150-g/R-prod1022999/p,https://static.carrefour.es/hd_350x_/img_pim_food/107052_00_1.jpg,Disponible
08-04-2025,19:50:42,La Despensa,Bebida láctea desnatada de vainilla Proteína Plus Sensation Carrefour sin gluten y sin azúcar añadido 330 ml.,"1,30 €","3,94 €/l",https://www.carrefour.es/supermercado/bebida-lactea-desnatada-de-vainilla-proteina-plus-sensation-carrefour-sin-gluten-y-sin-azucar-anadido-330-ml/R-VC4AECOMM-432261/p,https://static.carrefour.es/hd_350x_/img_pim_food/432261_00_1.jpg,Disponible
08-04-2025,19:50:42,La Despensa,Panecillos tostados clásicos Carrefour Extra 300 g.,"1,13 €","3,77 €/kg",https://www.carrefour.es/supermercado/panecillos-tostados-clasicos-carrefour-extra-300-g/R-VC4AECOMM-653635/p,https://static.carrefour.es/hd_350x_/img_pim_food/653635_00_1.jpg,Disponible
08-04-2025,19:50:42,La Despensa,Bebida de almendra calcio sin azúcar añadido Carrefour sin gluten brik 1 l.,"1,27 €","1,27 €/l",https://www.carrefour.es/supermercado/bebida-de-almendra-calcio-sin-azucar-anadido-carrefour-sin-gluten-brik-1-l/R-VC4AECOMM-554219/p,https://static.carrefour.es/hd_350x_/img_pim_food/554219_00_1.jpg,Disponible
08-04-2025,19:50:42,La Despensa,Pan de molde sin azúcar añadido Bimbo 430 g.,"1,50 €","3,49 €/kg",https://www.carrefour.es/supermercado/pan-de-molde-sin-azucar-anadido-bimbo-430-g/R-prod870001/p,https://static.carrefour.es/hd_350x_/img_pim_food/391434_00_1.jpg,Disponible
08-04-2025,19:50:42,La Despensa,Yogur sabor fresa Danone sin gluten pack de 4 unidades de 120 g.,"0,99 €","2,06 €/kg",https://www.carrefour.es/supermercado/yogur-sabor-fresa-danone-sin-gluten-pack-de-4-unidades-de-120-g/R-521029420/p,https://static.carrefour.es/hd_350x_/img_pim_food/002905_00_1.jpg,Disponible
08-04-2025,19:50:42,La Despensa,Patatas fritas lisas Classic Carrefour 170 g.,"1,24 €","7,29 €/kg",https://www.carrefour.es/supermercado/patatas-fritas-lisas-classic-carrefour-170-g/R-521003684/p,https://static.carrefour.es/hd_350x_/img_pim_food/498824_00_1.jpg,Disponible
08-04-2025,19:50:42,La Despensa,Caldo de pollo reducido en sal Classic Carrefour sin gluten 1 l.,"0,67 €","0,67 €/l",https://www.carrefour.es/supermercado/caldo-de-pollo-reducido-en-sal-classic-carrefour-sin-gluten-1-l/R-846300364/p,https://static.carrefour.es/hd_350x_/img_pim_food/017555_00_1.jpg,Disponible
08-04-2025,19:50:42,La Despensa,"Leche desnatada Central Lechera Asturiana botella 1,5 l.",,"1,10 €/l",https://www.carrefour.es/supermercado/leche-desnatada-central-lechera-asturiana-botella-15-l/R-521007087/p,https://static.carrefour.es/hd_350x_/img_pim_food/049435_00_1.jpg,Disponible
08-04-2025,19:51:35,La Despensa,Batido de cacao Carrefour sin gluten pack de 6 briks de 200 ml.,"1,45 €","1,21 €/l",https://www.carrefour.es/supermercado/batido-de-cacao-carrefour-sin-gluten-pack-de-6-briks-de-200-ml/R-819256514/p,https://static.carrefour.es/hd_350x_/img_pim_food/949065_00_1.jpg,Disponible
08-04-2025,19:51:35,La Despensa,Piccolinis jamón y queso Buitoni 270 g.,"4,15 €","15,37 €/kg",https://www.carrefour.es/supermercado/piccolinis-jamon-y-queso-buitoni-270-g/R-521031425/p,https://static.carrefour.es/hd_350x_/img_pim_food/606451_00_1.jpg,Disponible
08-04-2025,19:51:35,La Despensa,PAsta fideo cabellín Carrefour Classic 500 g.,"0,79 €","1,58 €/kg",https://www.carrefour.es/supermercado/pasta-fideo-cabellin-carrefour-classic-500-g/R-544101818/p,https://static.carrefour.es/hd_350x_/img_pim_food/229799_00_1.jpg,Disponible
08-04-2025,19:51:35,La Despensa,Nata para cocinar ligera 15% materia grasa Classic´ Carrefour 500 ml.,"1,42 €","2,84 €/l",https://www.carrefour.es/supermercado/nata-para-cocinar-ligera-15-materia-grasa-classic-carrefour-500-ml/R-fprod1270051/p,https://static.carrefour.es/hd_350x_/img_pim_food/325029_00_1.jpg,Disponible
08-04-2025,19:51:35,La Despensa,Pasta espaguetis Carrefour Classic 500 g.,"0,79 €","1,58 €/kg",https://www.carrefour.es/supermercado/pasta-espaguetis-carrefour-classic-500-g/R-544101814/p,https://static.carrefour.es/hd_350x_/img_pim_food/229736_00_1.jpg,Disponible
08-04-2025,19:51:35,La Despensa,Aceitunas negras cacereñas sin hueso Classic Carrefour 150 g.,"0,99 €","6,60 €/kg",https://www.carrefour.es/supermercado/aceitunas-negras-cacerenas-sin-hueso-classic-carrefour-150-g/R-VC4AECOMM-488032/p,https://static.carrefour.es/hd_350x_/img_pim_food/488032_00_1.jpg,Disponible
08-04-2025,19:51:35,La Despensa,Leche entera con calcio Carrefour brik 1 l.,"1,17 €","1,17 €/l",https://www.carrefour.es/supermercado/leche-entera-con-calcio-carrefour-brik-1-l/R-521007002/p,https://static.carrefour.es/hd_350x_/img_pim_food/231303_00_1.jpg,Disponible
08-04-2025,19:51:35,La Despensa,Caldo casero de pollo Gallina Blanca sin gluten pack de 2 briks de 1 l.,"4,09 €","2,04 €/l",https://www.carrefour.es/supermercado/caldo-casero-de-pollo-gallina-blanca-sin-gluten-pack-de-2-briks-de-1-l/R-680702146/p,https://static.carrefour.es/hd_350x_/img_pim_food/065288_00_1.jpg,Disponible
08-04-2025,19:51:35,La Despensa,Serenitos con aceite de oliva selección gourmet 130 g,"2,03 €","15,62 €/kg",https://www.carrefour.es/supermercado/serenitos-con-aceite-de-oliva-seleccion-gourmet-130-g/R-791562805/p,https://static.carrefour.es/hd_350x_/img_pim_food/887178_00_1.jpg,Disponible
08-04-2025,19:51:35,La Despensa,Pannini de jamón y queso Dr. Oetker 250 g.,"3,25 €",13 €/kg,https://www.carrefour.es/supermercado/pannini-de-jamon-y-queso-dr-oetker-250-g/R-521033617/p,https://static.carrefour.es/hd_350x_/img_pim_food/003028_00_1.jpg,Disponible
08-04-2025,19:51:35,La Despensa,Pan rallado Carrefour 750 g.,"0,83 €","1,11 €/kg",https://www.carrefour.es/supermercado/pan-rallado-carrefour-750-g/R-805763831/p,https://static.carrefour.es/hd_350x_/img_pim_food/924985_00_1.jpg,Disponible
08-04-2025,19:51:35,La Despensa,Berlina glacé Donuts 6 ud.,"4,29 €","13,75 €/kg",https://www.carrefour.es/supermercado/berlina-glace-donuts-6-ud/R-VC4AECOMM-249433/p,https://static.carrefour.es/hd_350x_/img_pim_food/249433_00_1.jpg,Disponible
08-04-2025,19:51:35,La Despensa,Pizza barbacoa Pizza & Salsa Campofrío 410 g.,"3,05 €","7,44 €/kg",https://www.carrefour.es/supermercado/pizza-barbacoa-pizza-salsa-campofrio-410-g/R-521030202/p,https://static.carrefour.es/hd_350x_/img_pim_food/610703_00_1.jpg,Disponible
08-04-2025,19:51:35,La Despensa,Pizza de jamón y queso con salsa mozzarella Pizza & Salsa Campofrío 360 g.,"3,05 €","8,47 €/kg",https://www.carrefour.es/supermercado/pizza-de-jamon-y-queso-con-salsa-mozzarella-pizza-salsa-campofrio-360-g/R-521033038/p,https://static.carrefour.es/hd_350x_/img_pim_food/610705_00_1.jpg,Disponible
08-04-2025,19:51:35,La Despensa,Huevos Camperos Círculo de Calidad 12 ud.,"3,99 €","3,99 €/docena",https://www.carrefour.es/supermercado/huevos-camperos-circulo-de-calidad-12-ud/R-prod970492/p,https://static.carrefour.es/hd_350x_/img_pim_food/055278_00_1.jpg,Disponible
08-04-2025,19:51:35,La Despensa,Pasta espirales Carrefour Classic 500 g.,"0,79 €","1,58 €/kg",https://www.carrefour.es/supermercado/pasta-espirales-carrefour-classic-500-g/R-544101822/p,https://static.carrefour.es/hd_350x_/img_pim_food/229810_00_1.jpg,Disponible
08-04-2025,19:51:35,La Despensa,Bases de pizza artesanas extrafinas Carrefour pack de 3 bases de 125 g.,"1,57 €","4,19 €/kg",https://www.carrefour.es/supermercado/bases-de-pizza-artesanas-extrafinas-carrefour-pack-de-3-bases-de-125-g/R-VC4AECOMM-687591/p,https://static.carrefour.es/hd_350x_/img_pim_food/687591_00_1.jpg,Disponible
08-04-2025,19:51:35,La Despensa,Pimientos del Piquillo asados en tiras primera Carrefour 225 g.,"1,08 €","4,80 €/kg",https://www.carrefour.es/supermercado/pimientos-del-piquillo-asados-en-tiras-primera-carrefour-225-g/R-521008108/p,https://static.carrefour.es/hd_350x_/img_pim_food/231114_00_1.jpg,Disponible
08-04-2025,19:51:35,La Despensa,Bebida de almendras sin azúcar Alpro sin gluten y sin lactosa brik 1 l.,"2,09 €","2,09 €/l",https://www.carrefour.es/supermercado/bebida-de-almendras-sin-azucar-alpro-sin-gluten-y-sin-lactosa-brik-1-l/R-VC4AECOMM-732758/p,https://static.carrefour.es/hd_350x_/img_pim_food/732758_00_1.jpg,Disponible
08-04-2025,19:51:35,La Despensa,Mantequilla pastilla con sal Carrefour Classic 250 g.,"2,29 €","9,16 €/kg",https://www.carrefour.es/supermercado/mantequilla-pastilla-con-sal-carrefour-classic-250-g/R-fprod1350153/p,https://static.carrefour.es/hd_350x_/img_pim_food/337335_00_1.jpg,Disponible
08-04-2025,19:51:35,La Despensa,Yogur natural con azúcar de caña Carrefour Classic' pack de 8 unidades de 125 g.,"1,33 €","1,33 €/kg",https://www.carrefour.es/supermercado/yogur-natural-con-azucar-de-cana-carrefour-classic-pack-de-8-unidades-de-125-g/R-VC4AECOMM-441057/p,https://static.carrefour.es/hd_350x_/img_pim_food/441057_00_1.jpg,Disponible
08-04-2025,19:51:35,La Despensa,Pan de molde integral sin corteza Carrefour 450 g.,"1,37 €","3,04 €/kg",https://www.carrefour.es/supermercado/pan-de-molde-integral-sin-corteza-carrefour-450-g/R-VC4AECOMM-436738/p,https://static.carrefour.es/hd_350x_/img_pim_food/436738_00_1.jpg,Disponible
08-04-2025,19:51:35,La Despensa,Pizza speciale Ristorante Dr. Oetker 345 g,"3,75 €","10,87 €/kg",https://www.carrefour.es/supermercado/pizza-speciale-ristorante-dr-oetker-345-g/R-521035313/p,https://static.carrefour.es/hd_350x_/img_pim_food/626466_00_1.jpg,Disponible
08-04-2025,19:51:35,La Despensa,Harina de trigo Gallo 1 kg.,"1,61 €","1,61 €/kg",https://www.carrefour.es/supermercado/harina-de-trigo-gallo-1-kg/R-521005396/p,https://static.carrefour.es/hd_350x_/img_pim_food/002267_00_1.jpg,Disponible
08-04-2025,19:52:20,La Despensa,Café latte macchiatto light Carrefour Sensation sin gluten 250 ml.,"0,79 €","3,16 €/l",https://www.carrefour.es/supermercado/cafe-latte-macchiatto-light-carrefour-sensation-sin-gluten-250-ml/R-prod780164/p,https://static.carrefour.es/hd_350x_/img_pim_food/864306_00_1.jpg,Disponible
08-04-2025,19:52:20,La Despensa,Leche entera Carrefour pack de 6 briks de 200 ml.,"1,66 €","1,38 €/l",https://www.carrefour.es/supermercado/leche-entera-carrefour-pack-de-6-briks-de-200-ml/R-prod870055/p,https://static.carrefour.es/hd_350x_/img_pim_food/004930_00_1.jpg,Disponible
08-04-2025,19:52:20,La Despensa,Aceite de oliva virgen extra Carbonell 5 l.,,"4,99 €/l",https://www.carrefour.es/supermercado/aceite-de-oliva-virgen-extra-carbonell-5-l/R-584001515/p,https://static.carrefour.es/hd_350x_/img_pim_food/300508_00_1.jpg,Disponible
08-04-2025,19:52:20,La Despensa,Magdalena valenciana Carrefour Classic 700 g.,"2,39 €","3,41 €/kg",https://www.carrefour.es/supermercado/magdalena-valenciana-carrefour-classic-700-g/R-VC4AECOMM-581107/p,https://static.carrefour.es/hd_350x_/img_pim_food/581107_00_1.jpg,Disponible
08-04-2025,19:52:20,La Despensa,Patatas fritas estilo churrería Carrefour 150 g.,"1,51 €","10,07 €/kg",https://www.carrefour.es/supermercado/patatas-fritas-estilo-churreria-carrefour-150-g/R-VC4AECOMM-502317/p,https://static.carrefour.es/hd_350x_/img_pim_food/502317_00_1.jpg,Disponible
08-04-2025,19:52:20,La Despensa,Yogur griego natural Danone Oikos pack de 4 unidades de 110 g.,"2,85 €","6,48 €/kg",https://www.carrefour.es/supermercado/yogur-griego-natural-danone-oikos-pack-de-4-unidades-de-110-g/R-712703637/p,https://static.carrefour.es/hd_350x_/img_pim_food/439280_00_1.jpg,Disponible
08-04-2025,19:52:20,La Despensa,Galletas integrales de avena Digestive Carrefour Sensation 425 g.,"1,08 €","2,54 €/kg",https://www.carrefour.es/supermercado/galletas-integrales-de-avena-digestive-carrefour-sensation-425-g/R-641302286/p,https://static.carrefour.es/hd_350x_/img_pim_food/813529_00_1.jpg,Disponible
08-04-2025,19:52:20,La Despensa,Aceite de oliva virgen extra hojiblanca Coosur 1 l.,,"8,29 €/l",https://www.carrefour.es/supermercado/aceite-de-oliva-virgen-extra-hojiblanca-coosur-1-l/R-520660329/p,https://static.carrefour.es/hd_350x_/img_pim_food/543824_00_1.jpg,Disponible
08-04-2025,19:52:20,La Despensa,Galletas recubiertas de chocolate con leche Digestive Carrefour Sensation 300 g.,"1,40 €","4,67 €/kg",https://www.carrefour.es/supermercado/galletas-recubiertas-de-chocolate-con-leche-digestive-carrefour-sensation-300-g/R-521002712/p,https://static.carrefour.es/hd_350x_/img_pim_food/066542_00_1.jpg,Disponible
08-04-2025,19:52:20,La Despensa,Galletas de mantequilla con tabletas de chocolate Carrefour Classic 150 g.,"1,40 €","9,33 €/kg",https://www.carrefour.es/supermercado/galletas-de-mantequilla-con-tabletas-de-chocolate-carrefour-classic-150-g/R-530014419/p,https://static.carrefour.es/hd_350x_/img_pim_food/147313_00_1.jpg,Disponible
08-04-2025,19:52:20,La Despensa,Arroz con leche Carrefour pack de 4 unidades de 115 g.,"1,27 €","2,76 €/kg",https://www.carrefour.es/supermercado/arroz-con-leche-carrefour-pack-de-4-unidades-de-115-g/R-VC4AECOMM-440130/p,https://static.carrefour.es/hd_350x_/img_pim_food/440130_00_1.jpg,Disponible
08-04-2025,19:52:20,La Despensa,Pizza 4 quesos Carrefour 340 g.,"2,09 €","6,15 €/kg",https://www.carrefour.es/supermercado/pizza-4-quesos-carrefour-340-g/R-prod600079/p,https://static.carrefour.es/hd_350x_/img_pim_food/841129_00_1.jpg,Disponible
08-04-2025,19:52:20,La Despensa,Bebida láctea Omega 3 Carrefour brik 1 l.,"1,11 €","1,11 €/l",https://www.carrefour.es/supermercado/bebida-lactea-omega-3-carrefour-brik-1-l/R-521007048/p,https://static.carrefour.es/hd_350x_/img_pim_food/615831_00_1.jpg,Disponible
08-04-2025,19:52:20,La Despensa,Galletas de barquillo rellenas sabor nata Carrefour 210 g.,"0,97 €","4,62 €/kg",https://www.carrefour.es/supermercado/galletas-de-barquillo-rellenas-sabor-nata-carrefour-210-g/R-VC4AECOMM-513757/p,https://static.carrefour.es/hd_350x_/img_pim_food/513757_00_1.jpg,Disponible
08-04-2025,19:52:20,La Despensa,Salsa de tomate de la abuela Original Carrefour tarro 550 g.,"2,05 €","3,73 €/kg",https://www.carrefour.es/supermercado/salsa-de-tomate-de-la-abuela-original-carrefour-tarro-550-g/R-824302027/p,https://static.carrefour.es/hd_350x_/img_pim_food/958735_00_1.jpg,Disponible
08-04-2025,19:52:20,La Despensa,Pan de brioche para hamburguesa DulceSol 4 ud.,"1,74 €","5,12 €/kg",https://www.carrefour.es/supermercado/pan-de-brioche-para-hamburguesa-dulcesol-4-ud/R-prod1000378/p,https://static.carrefour.es/hd_350x_/img_pim_food/076702_00_1.jpg,Disponible
08-04-2025,19:52:20,La Despensa,Maíz dulce Classic Carrefour sin sal y azúcar añadido pack de 3 latas de 140 g.,"1,57 €","3,74 €/kg",https://www.carrefour.es/supermercado/maiz-dulce-classic-carrefour-sin-sal-y-azucar-anadido-pack-de-3-latas-de-140-g/R-VC4AECOMM-304601/p,https://static.carrefour.es/hd_350x_/img_pim_food/304601_00_1.jpg,Disponible
08-04-2025,19:52:20,La Despensa,Pizza 4 quesos Casa Tarradellas 390 g.,"3,29 €","8,44 €/kg",https://www.carrefour.es/supermercado/pizza-4-quesos-casa-tarradellas-390-g/R-521030233/p,https://static.carrefour.es/hd_350x_/img_pim_food/051245_00_1.jpg,Disponible
08-04-2025,19:52:20,La Despensa,Pasta tallarines Carrefour Classic 500 g.,"0,79 €","1,58 €/kg",https://www.carrefour.es/supermercado/pasta-tallarines-carrefour-classic-500-g/R-544101808/p,https://static.carrefour.es/hd_350x_/img_pim_food/229698_00_1.jpg,Disponible
08-04-2025,19:52:20,La Despensa,Lasaña de Carne Price 300 g.,"1,23 €","4,10 €/kg",https://www.carrefour.es/supermercado/lasana-de-carne-price-300-g/R-VC4AECOMM-203133/p,https://static.carrefour.es/hd_350x_/img_pim_food/203133_00_1.jpg,Disponible
08-04-2025,19:52:20,La Despensa,Aperitivo de maíz Zapitos Carrefour Kids sin gluten 80 g.,"0,68 €","8,50 €/kg",https://www.carrefour.es/supermercado/aperitivo-de-maiz-zapitos-carrefour-kids-sin-gluten-80-g/R-804031853/p,https://static.carrefour.es/hd_350x_/img_pim_food/908923_00_1.jpg,Disponible
08-04-2025,19:52:20,La Despensa,"Aceite de oliva suave 0,4º La Masía garrafa 5 l.",,"3,99 €/l",https://www.carrefour.es/supermercado/aceite-de-oliva-suave-04-la-masia-garrafa-5-l/R-521033467/p,https://static.carrefour.es/hd_350x_/img_pim_food/043143_00_1.jpg,Disponible
08-04-2025,19:52:20,La Despensa,Aceite de girasol Koipe Fritos 1 l.,"2,65 €","2,65 €/l",https://www.carrefour.es/supermercado/aceite-de-girasol-koipe-fritos-1-l/R-790114273/p,https://static.carrefour.es/hd_350x_/img_pim_food/883394_00_1.jpg,Disponible
08-04-2025,19:52:20,La Despensa,Arroz basmati para microondas Classic Carrefour sin gluten pack de 2 unidades de 125 g.,"1,13 €","4,52 €/kg",https://www.carrefour.es/supermercado/arroz-basmati-para-microondas-classic-carrefour-sin-gluten-pack-de-2-unidades-de-125-g/R-VC4AECOMM-099191/p,https://static.carrefour.es/hd_350x_/img_pim_food/099191_00_1.jpg,Disponible
08-04-2025,19:53:05,La Despensa,Leche desnatada 0% MG con calcio Movit Pascual brik 1 l.,,"1,39 €/l",https://www.carrefour.es/supermercado/leche-desnatada-0-mg-con-calcio-movit-pascual-brik-1-l/R-521007008/p,https://static.carrefour.es/hd_350x_/img_pim_food/167551_00_1.jpg,Disponible
08-04-2025,19:53:05,La Despensa,Tortillas de trigo Sensation Carrefour 10 ud.,"1,21 €","3,02 €/kg",https://www.carrefour.es/supermercado/tortillas-de-trigo-sensation-carrefour-10-ud/R-VC4AECOMM-696577/p,https://static.carrefour.es/hd_350x_/img_pim_food/696577_00_1.jpg,Disponible
08-04-2025,19:53:05,La Despensa,Flan de queso Carrefour sin gluten pack de 4 unidades de 100 g.,"1,95 €","4,87 €/kg",https://www.carrefour.es/supermercado/flan-de-queso-carrefour-sin-gluten-pack-de-4-unidades-de-100-g/R-591002005/p,https://static.carrefour.es/hd_350x_/img_pim_food/341244_00_1.jpg,Disponible
08-04-2025,19:53:05,La Despensa,Yogur griego natural light Carrefour Extra 1 kg.,"2,25 €","2,25 €/kg",https://www.carrefour.es/supermercado/yogur-griego-natural-light-carrefour-extra-1-kg/R-VC4AECOMM-673393/p,https://static.carrefour.es/hd_350x_/img_pim_food/673393_00_1.jpg,Disponible
08-04-2025,19:53:05,La Despensa,Chocolate con leche y almendras troceadas Carrefour Classic sin gluten 150 g.,"1,46 €","9,73 €/kg",https://www.carrefour.es/supermercado/chocolate-con-leche-y-almendras-troceadas-carrefour-classic-sin-gluten-150-g/R-521004268/p,https://static.carrefour.es/hd_350x_/img_pim_food/231573_00_1.jpg,Disponible
08-04-2025,19:53:05,La Despensa,Copa con nata y chocolate Carrefour Classic' 200 g.,"0,64 €","3,20 €/kg",https://www.carrefour.es/supermercado/copa-con-nata-y-chocolate-carrefour-classic-200-g/R-VC4AECOMM-516491/p,https://static.carrefour.es/hd_350x_/img_pim_food/516491_00_1.jpg,Disponible
08-04-2025,19:53:05,La Despensa,Wraps tortillas de trigo Carrefour Sensation sin aceite de palma 6 ud.,"1,13 €","3,05 €/kg",https://www.carrefour.es/supermercado/wraps-tortillas-de-trigo-carrefour-sensation-sin-aceite-de-palma-6-ud/R-VC4AECOMM-696610/p,https://static.carrefour.es/hd_350x_/img_pim_food/696610_00_1.jpg,Disponible
08-04-2025,19:53:05,La Despensa,Bebida de avena ecológica Carrefour Bio sin azúcar añadido brik 1 l.,"1,50 €","1,50 €/l",https://www.carrefour.es/supermercado/bebida-de-avena-ecologica-carrefour-bio-sin-azucar-anadido-brik-1-l/R-VC4AECOMM-580534/p,https://static.carrefour.es/hd_350x_/img_pim_food/580534_00_1.jpg,Disponible
08-04-2025,19:53:05,La Despensa,Yogur líquido fresa y plátano Carrefour Classic´sin gluten 1 kg.,"1,35 €","1,35 €/kg",https://www.carrefour.es/supermercado/yogur-liquido-fresa-y-platano-carrefour-classicsin-gluten-1-kg/R-prod300427/p,https://static.carrefour.es/hd_350x_/img_pim_food/256890_00_1.jpg,Disponible
08-04-2025,19:53:05,La Despensa,Aceite de oliva intenso 1º La Masía garrafa 5 l.,,"3,99 €/l",https://www.carrefour.es/supermercado/aceite-de-oliva-intenso-1-la-masia-garrafa-5-l/R-521028095/p,https://static.carrefour.es/hd_350x_/img_pim_food/036841_00_1.jpg,Disponible
08-04-2025,19:53:05,La Despensa,Pizza de atún Ristorante Dr. Oetker 355 g,"3,75 €","10,56 €/kg",https://www.carrefour.es/supermercado/pizza-de-atun-ristorante-dr-oetker-355-g/R-555701608/p,https://static.carrefour.es/hd_350x_/img_pim_food/262789_00_1.jpg,Disponible
08-04-2025,19:53:05,La Despensa,Fabada Asturiana Litoral sin gluten 420 g.,"2,55 €","6,07 €/kg",https://www.carrefour.es/supermercado/fabada-asturiana-litoral-sin-gluten-420-g/R-VC4AECOMM-441712/p,https://static.carrefour.es/hd_350x_/img_pim_food/441712_00_1.jpg,Disponible
08-04-2025,19:53:05,La Despensa,Café molido mezcla Carrefour Classic 250 g.,"2,35 €","9,40 €/kg",https://www.carrefour.es/supermercado/cafe-molido-mezcla-carrefour-classic-250-g/R-521003035/p,https://static.carrefour.es/hd_350x_/img_pim_food/236783_00_1.jpg,Disponible
08-04-2025,19:53:05,La Despensa,Pizza prosciutto Carrefour 330 g.,"2,09 €","6,33 €/kg",https://www.carrefour.es/supermercado/pizza-prosciutto-carrefour-330-g/R-prod600094/p,https://static.carrefour.es/hd_350x_/img_pim_food/841122_00_1.jpg,Disponible
08-04-2025,19:53:05,La Despensa,Café soluble natural Carrefour Classic  200 g.,"3,95 €","19,75 €/kg",https://www.carrefour.es/supermercado/cafe-soluble-natural-carrefour-classic-200-g/R-521003045/p,https://static.carrefour.es/hd_350x_/img_pim_food/230408_00_1.jpg,Disponible
08-04-2025,19:53:05,La Despensa,Masa Pizza Carrefour 260 g.,"1,21 €","4,65 €/kg",https://www.carrefour.es/supermercado/masa-pizza-carrefour-260-g/R-521030346/p,https://static.carrefour.es/hd_350x_/img_pim_food/683885_00_1.jpg,Disponible
08-04-2025,19:53:05,La Despensa,Alubia cocida categoría extra Luengo 400 g.,"1,31 €","3,27 €/kg",https://www.carrefour.es/supermercado/alubia-cocida-categoria-extra-luengo-400-g/R-546305860/p,https://static.carrefour.es/hd_350x_/img_pim_food/032625_00_1.jpg,Disponible
08-04-2025,19:53:05,La Despensa,Polvo gasificante para hornear  Royal sin gluten pack de 6 sobres de 16 g.,"2,69 €","28,02 €/kg",https://www.carrefour.es/supermercado/polvo-gasificante-para-hornear-royal-sin-gluten-pack-de-6-sobres-de-16-g/R-521004466/p,https://static.carrefour.es/hd_350x_/img_pim_food/613458_00_1.jpg,Disponible
08-04-2025,19:53:05,La Despensa,Café latte de caramelo Starbucks 220 ml.,"2,09 €","9,50 €/l",https://www.carrefour.es/supermercado/cafe-latte-de-caramelo-starbucks-220-ml/R-716101859/p,https://static.carrefour.es/hd_350x_/img_pim_food/492140_00_1.jpg,Disponible
08-04-2025,19:53:05,La Despensa,Crackers Carrefour 250 g.,"0,94 €","3,76 €/kg",https://www.carrefour.es/supermercado/crackers-carrefour-250-g/R-521002659/p,https://static.carrefour.es/hd_350x_/img_pim_food/507868_00_1.jpg,Disponible
08-04-2025,19:53:05,La Despensa,Pan de molde familiar sin azúcar añadido Bimbo 700 g.,"2,35 €","3,36 €/kg",https://www.carrefour.es/supermercado/pan-de-molde-familiar-sin-azucar-anadido-bimbo-700-g/R-prod870005/p,https://static.carrefour.es/hd_350x_/img_pim_food/377878_00_1.jpg,Disponible
08-04-2025,19:53:05,La Despensa,Leche semidesnatada Kaiku sin lactosa brik 1 l.,"1,39 €","1,39 €/l",https://www.carrefour.es/supermercado/leche-semidesnatada-kaiku-sin-lactosa-brik-1-l/R-526715384/p,https://static.carrefour.es/hd_350x_/img_pim_food/065482_00_1.jpg,Disponible
08-04-2025,19:53:05,La Despensa,Galletas de cacao rellenas de crema Black&Roll Carrefour Classic 220 g.,"0,86 €","3,91 €/kg",https://www.carrefour.es/supermercado/galletas-de-cacao-rellenas-de-crema-blackroll-carrefour-classic-220-g/R-840300661/p,https://static.carrefour.es/hd_350x_/img_pim_food/973971_00_1.jpg,Disponible
08-04-2025,19:53:05,La Despensa,Café latte macchiato caramelo Carrefour Sensation sin gluten 250 ml.,"0,79 €","3,16 €/l",https://www.carrefour.es/supermercado/cafe-latte-macchiato-caramelo-carrefour-sensation-sin-gluten-250-ml/R-fprod1260228/p,https://static.carrefour.es/hd_350x_/img_pim_food/322772_00_1.jpg,Disponible
08-04-2025,19:53:49,La Despensa,Sal marina yodada fina Classic Carrefour 1 kg.,"0,40 €","0,40 €/kg",https://www.carrefour.es/supermercado/sal-marina-yodada-fina-classic-carrefour-1-kg/R-521012790/p,https://static.carrefour.es/hd_350x_/img_pim_food/234952_00_1.jpg,Disponible
08-04-2025,19:53:49,La Despensa,Café latte cappuccino Kaiku sin gluten 230 ml.,"1,88 €","8,17 €/l",https://www.carrefour.es/supermercado/cafe-latte-cappuccino-kaiku-sin-gluten-230-ml/R-521030176/p,https://static.carrefour.es/hd_350x_/img_pim_food/547682_00_1.jpg,Disponible
08-04-2025,19:53:49,La Despensa,Bocaditos al cacao Carrefour Classic 500 g.,"2,15 €","4,30 €/kg",https://www.carrefour.es/supermercado/bocaditos-al-cacao-carrefour-classic-500-g/R-682401715/p,https://static.carrefour.es/hd_350x_/img_pim_food/069000_00_1.jpg,Disponible
08-04-2025,19:53:49,La Despensa,Natillas de chocolate Danone Danet sin gluten pack de 4 unidades de 120 g.,"1,99 €","4,15 €/kg",https://www.carrefour.es/supermercado/natillas-de-chocolate-danone-danet-sin-gluten-pack-de-4-unidades-de-120-g/R-521029856/p,https://static.carrefour.es/hd_350x_/img_pim_food/755796_00_1.jpg,Disponible
08-04-2025,19:53:49,La Despensa,Sándwich mixto Carrefour 135 g.,"1,38 €","10,22 €/kg",https://www.carrefour.es/supermercado/sandwich-mixto-carrefour-135-g/R-VC4AECOMM-676210/p,https://static.carrefour.es/hd_350x_/img_pim_food/676210_00_1.jpg,Disponible
08-04-2025,19:53:49,La Despensa,Masa para empanadillas y postres Buitoni 160 g.,"1,25 €","7,81 €/kg",https://www.carrefour.es/supermercado/masa-para-empanadillas-y-postres-buitoni-160-g/R-521030338/p,https://static.carrefour.es/hd_350x_/img_pim_food/007260_00_1.jpg,Disponible
08-04-2025,19:53:49,La Despensa,Palitos de pan con pipas Carrefour pack de 2x90 g.,"1,32 €","7,95 €/kg",https://www.carrefour.es/supermercado/palitos-de-pan-con-pipas-carrefour-pack-de-2x90-g/R-fprod1230231/p,https://static.carrefour.es/hd_350x_/img_pim_food/290248_00_1.jpg,Disponible
08-04-2025,19:53:49,La Despensa,Galletas caramelizadas Lotus Biscoff 250 g.,"1,99 €","7,96 €/kg",https://www.carrefour.es/supermercado/galletas-caramelizadas-lotus-biscoff-250-g/R-544101824/p,https://static.carrefour.es/hd_350x_/img_pim_food/230466_00_1.jpg,Disponible
08-04-2025,19:53:49,La Despensa,Atún claro en aceite de oliva Classic Carrefour pack de 3 latas de 52 g.,"2,79 €","17,88 €/kg",https://www.carrefour.es/supermercado/atun-claro-en-aceite-de-oliva-classic-carrefour-pack-de-3-latas-de-52-g/R-521006173/p,https://static.carrefour.es/hd_350x_/img_pim_food/484274_00_1.jpg,Disponible
08-04-2025,19:53:49,La Despensa,Nata Carrefour 200 ml.,"1,18 €","5,90 €/l",https://www.carrefour.es/supermercado/nata-carrefour-200-ml/R-526627012/p,https://static.carrefour.es/hd_350x_/img_pim_food/118128_00_1.jpg,Disponible
08-04-2025,19:53:49,La Despensa,Hogaza masa madre con cereales y semillas The Rustik Bakery 400 g.,"3,05 €","7,62 €/kg",https://www.carrefour.es/supermercado/hogaza-masa-madre-con-cereales-y-semillas-the-rustik-bakery-400-g/R-823507263/p,https://static.carrefour.es/hd_350x_/img_pim_food/954580_00_1.jpg,Disponible
08-04-2025,19:53:49,La Despensa,Yogur sabor limón Danone sin gluten pack de 4 unidades de 120 g.,"0,99 €","2,06 €/kg",https://www.carrefour.es/supermercado/yogur-sabor-limon-danone-sin-gluten-pack-de-4-unidades-de-120-g/R-521029422/p,https://static.carrefour.es/hd_350x_/img_pim_food/002908_00_1.jpg,Disponible
08-04-2025,19:53:49,La Despensa,Snack de patata ligera Carrefour 150 g.,"1,30 €","8,67 €/kg",https://www.carrefour.es/supermercado/snack-de-patata-ligera-carrefour-150-g/R-521003715/p,https://static.carrefour.es/hd_350x_/img_pim_food/643471_00_1.jpg,Disponible
08-04-2025,19:53:49,La Despensa,Aceitunas verdes rellenas de anchoa La Española sin gluten 150 g.,"2,35 €","15,67 €/kg",https://www.carrefour.es/supermercado/aceitunas-verdes-rellenas-de-anchoa-la-espanola-sin-gluten-150-g/R-700809320/p,https://static.carrefour.es/hd_350x_/img_pim_food/444790_00_1.jpg,Disponible
08-04-2025,19:53:49,La Despensa,Levadura fresca Levanova sin gluten pack de 2 sobres de 25 g.,"0,49 €","9,80 €/kg",https://www.carrefour.es/supermercado/levadura-fresca-levanova-sin-gluten-pack-de-2-sobres-de-25-g/R-805763827/p,https://static.carrefour.es/hd_350x_/img_pim_food/924982_00_1.jpg,Disponible
08-04-2025,19:53:49,La Despensa,Chocolate negro 50% Carrefour sin gluten 150 g.,"0,78 €","5,20 €/kg",https://www.carrefour.es/supermercado/chocolate-negro-50-carrefour-sin-gluten-150-g/R-521004207/p,https://static.carrefour.es/hd_350x_/img_pim_food/231567_00_1.jpg,Disponible
08-04-2025,19:53:49,La Despensa,Bizcocho Choco Roll Carrefour Classic 270 g.,"1,29 €","4,78 €/kg",https://www.carrefour.es/supermercado/bizcocho-choco-roll-carrefour-classic-270-g/R-VC4AECOMM-581108/p,https://static.carrefour.es/hd_350x_/img_pim_food/581108_00_1.jpg,Disponible
08-04-2025,19:53:49,La Despensa,Canelones de carne Price 300 g.,"1,08 €","3,60 €/kg",https://www.carrefour.es/supermercado/canelones-de-carne-price-300-g/R-VC4AECOMM-203215/p,https://static.carrefour.es/hd_350x_/img_pim_food/203215_00_1.jpg,Disponible
08-04-2025,19:53:49,La Despensa,Picos camperos con aceite de oliva virgen extra Carrefour  250 g.,"0,96 €","3,84 €/kg",https://www.carrefour.es/supermercado/picos-camperos-con-aceite-de-oliva-virgen-extra-carrefour-250-g/R-prod930291/p,https://static.carrefour.es/hd_350x_/img_pim_food/046124_00_1.jpg,Disponible
08-04-2025,19:53:49,La Despensa,Arroz blanco cocido Classic Carrefour sin gluten pack de 2 unidades de 250 g.,"1,08 €","4,32 €/kg",https://www.carrefour.es/supermercado/arroz-blanco-cocido-classic-carrefour-sin-gluten-pack-de-2-unidades-de-250-g/R-VC4AECOMM-099178/p,https://static.carrefour.es/hd_350x_/img_pim_food/099178_00_1.jpg,Disponible
08-04-2025,19:53:49,La Despensa,Pizza 5 quesos con salsa queso semicurado Pizza & Salsa Campofrío 365 g.,"3,05 €","8,36 €/kg",https://www.carrefour.es/supermercado/pizza-5-quesos-con-salsa-queso-semicurado-pizza-salsa-campofrio-365-g/R-521033046/p,https://static.carrefour.es/hd_350x_/img_pim_food/624563_00_1.jpg,Disponible
08-04-2025,19:53:49,La Despensa,Mini redondos de chocolate Carrefour 160 g.,"1,79 €","11,19 €/kg",https://www.carrefour.es/supermercado/mini-redondos-de-chocolate-carrefour-160-g/R-800535021/p,https://static.carrefour.es/hd_350x_/img_pim_food/906655_00_1.jpg,Disponible
08-04-2025,19:53:49,La Despensa,Guisantes muy finos Classic Carrefour 250 g.,"0,88 €","3,52 €/kg",https://www.carrefour.es/supermercado/guisantes-muy-finos-classic-carrefour-250-g/R-758904356/p,https://static.carrefour.es/hd_350x_/img_pim_food/767712_00_1.jpg,Disponible
08-04-2025,19:53:49,La Despensa,Nachos sabor tex mex y queso Sensation Carrefour 150 g.,"0,90 €",6 €/kg,https://www.carrefour.es/supermercado/nachos-sabor-tex-mex-y-queso-sensation-carrefour-150-g/R-VC4AECOMM-110361/p,https://static.carrefour.es/hd_350x_/img_pim_food/110361_00_1.jpg,Disponible
08-04-2025,19:54:33,La Despensa,Galletas rellenas de crema de chocolate Mini Príncipe 160 g.,"1,95 €","12,19 €/kg",https://www.carrefour.es/supermercado/galletas-rellenas-de-crema-de-chocolate-mini-principe-160-g/R-528412612/p,https://static.carrefour.es/hd_350x_/img_pim_food/135689_00_1.jpg,Disponible
08-04-2025,19:54:33,La Despensa,Pan de molde para tostadas Carrefour Classic sin azúcares añadidos 820 g.,"1,67 €","2,04 €/kg",https://www.carrefour.es/supermercado/pan-de-molde-para-tostadas-carrefour-classic-sin-azucares-anadidos-820-g/R-VC4AECOMM-401058/p,https://static.carrefour.es/hd_350x_/img_pim_food/401058_00_1.jpg,Agotado temporalmente
08-04-2025,19:54:33,La Despensa,Caballa de Andalucía en aceite de oliva Tejero 60 g.,"2,09 €","34,83 €/g",https://www.carrefour.es/supermercado/caballa-de-andalucia-en-aceite-de-oliva-tejero-60-g/R-VC4AECOMM-385453/p,https://static.carrefour.es/hd_350x_/img_pim_food/385453_00_1.jpg,Disponible
08-04-2025,19:54:33,La Despensa,Kéfir natural Carrefour Sensation 500 g.,"1,42 €","2,84 €/kg",https://www.carrefour.es/supermercado/kefir-natural-carrefour-sensation-500-g/R-VC4AECOMM-485688/p,https://static.carrefour.es/hd_350x_/img_pim_food/485688_00_1.jpg,Disponible
08-04-2025,19:54:33,La Despensa,Leche entera Central Lechera Asturiana sin lactosa brik 1 l.,"1,38 €","1,38 €/l",https://www.carrefour.es/supermercado/leche-entera-central-lechera-asturiana-sin-lactosa-brik-1-l/R-prod150291/p,https://static.carrefour.es/hd_350x_/img_pim_food/231336_00_1.jpg,Disponible
08-04-2025,19:54:33,La Despensa,Chocolate negro intenso 85% cacao Selection Carrefour sin gluten 100 g.,"1,85 €","18,50 €/kg",https://www.carrefour.es/supermercado/chocolate-negro-intenso-85-cacao-selection-carrefour-sin-gluten-100-g/R-VC4AECOMM-095367/p,https://static.carrefour.es/hd_350x_/img_pim_food/095367_00_1.jpg,Disponible
08-04-2025,19:54:33,La Despensa,Yogur natural Danone sin gluten pack de 4 unidades de 120 g.,"0,99 €","2,06 €/kg",https://www.carrefour.es/supermercado/yogur-natural-danone-sin-gluten-pack-de-4-unidades-de-120-g/R-521029387/p,https://static.carrefour.es/hd_350x_/img_pim_food/002901_00_1.jpg,Disponible
08-04-2025,19:54:33,La Despensa,Patatas fritas onduladas sabor jamón Ruffles sin gluten 243 g.,3 €,"10,91 €/kg",https://www.carrefour.es/supermercado/patatas-fritas-onduladas-sabor-jamon-ruffles-sin-gluten-243-g/R-VC4AECOMM-128851/p,https://static.carrefour.es/hd_350x_/img_pim_food/128851_00_1.jpg,Disponible
08-04-2025,19:54:33,La Despensa,Aperitivo de maíz Gusanitos Risi sin gluten 105 g.,"1,73 €","16,48 €/kg",https://www.carrefour.es/supermercado/aperitivo-de-maiz-gusanitos-risi-sin-gluten-105-g/R-VC4AECOMM-205990/p,https://static.carrefour.es/hd_350x_/img_pim_food/205990_00_1.jpg,Disponible
08-04-2025,19:54:33,La Despensa,Leche desnatada Pascual sin lactosa brik 1 l.,,"1,29 €/l",https://www.carrefour.es/supermercado/leche-desnatada-pascual-sin-lactosa-brik-1-l/R-530362992/p,https://static.carrefour.es/hd_350x_/img_pim_food/158605_00_1.jpg,Disponible
08-04-2025,19:54:33,La Despensa,Chocolate con leche y oreo Milka 100 g.,"2,15 €","21,50 €/kg",https://www.carrefour.es/supermercado/chocolate-con-leche-y-oreo-milka-100-g/R-624903444/p,https://static.carrefour.es/hd_350x_/img_pim_food/800240_00_1.jpg,Disponible
08-04-2025,19:54:33,La Despensa,Colines integrales Carrefour 250 g.,"0,80 €","3,20 €/kg",https://www.carrefour.es/supermercado/colines-integrales-carrefour-250-g/R-prod970952/p,https://static.carrefour.es/hd_350x_/img_pim_food/061663_00_1.jpg,Disponible
08-04-2025,19:54:33,La Despensa,Cuajada natural Carrefour Original pack de 4 unidades de 125 g.,"1,18 €","2,36 €/kg",https://www.carrefour.es/supermercado/cuajada-natural-carrefour-original-pack-de-4-unidades-de-125-g/R-VC4AECOMM-430494/p,https://static.carrefour.es/hd_350x_/img_pim_food/430494_00_1.jpg,Disponible
08-04-2025,19:54:33,La Despensa,Café latte descafeinado Carrefour Sensation sin gluten 250 ml.,"0,85 €","3,40 €/l",https://www.carrefour.es/supermercado/cafe-latte-descafeinado-carrefour-sensation-sin-gluten-250-ml/R-fprod1260223/p,https://static.carrefour.es/hd_350x_/img_pim_food/322802_00_1.jpg,Disponible
08-04-2025,19:54:33,La Despensa,Filetes de anchoa en aceite de oliva Classic Carrefour 30 g.,"1,26 €",42 €/kg,https://www.carrefour.es/supermercado/filetes-de-anchoa-en-aceite-de-oliva-classic-carrefour-30-g/R-521029304/p,https://static.carrefour.es/hd_350x_/img_pim_food/231483_00_1.jpg,Disponible
08-04-2025,19:54:33,La Despensa,Aceite de girasol Koipe Sol 1 l.,"2,69 €","2,69 €/l",https://www.carrefour.es/supermercado/aceite-de-girasol-koipe-sol-1-l/R-531704973/p,https://static.carrefour.es/hd_350x_/img_pim_food/000020_00_1.jpg,Disponible
08-04-2025,19:54:33,La Despensa,Aceite de oliva intenso 1º Carrefour 1 l.,"4,44 €","4,44 €/l",https://www.carrefour.es/supermercado/aceite-de-oliva-intenso-1-carrefour-1-l/R-526600670/p,https://static.carrefour.es/hd_350x_/img_pim_food/128222_00_1.jpg,Disponible
08-04-2025,19:54:33,La Despensa,Nachos sabor chilli Doritos 140 g.,"2,09 €","14,93 €/kg",https://www.carrefour.es/supermercado/nachos-sabor-chilli-doritos-140-g/R-VC4AECOMM-627397/p,https://static.carrefour.es/hd_350x_/img_pim_food/627397_00_1.jpg,Disponible
08-04-2025,19:54:33,La Despensa,Leche semidesnatada con calcio Movit Pascual brik 1 l.,,"1,39 €/l",https://www.carrefour.es/supermercado/leche-semidesnatada-con-calcio-movit-pascual-brik-1-l/R-521007006/p,https://static.carrefour.es/hd_350x_/img_pim_food/167541_00_1.jpg,Disponible
08-04-2025,19:54:33,La Despensa,Vinagre de manzana Carrefour 1 l.,"0,88 €","0,88 €/l",https://www.carrefour.es/supermercado/vinagre-de-manzana-carrefour-1-l/R-520660380/p,https://static.carrefour.es/hd_350x_/img_pim_food/607296_00_1.jpg,Disponible
08-04-2025,19:54:33,La Despensa,Huevos Ecológicos Carrefour Bio 10 ud.,"4,45 €","5,34 €/docena",https://www.carrefour.es/supermercado/huevos-ecologicos-carrefour-bio-10-ud/R-VC4AECOMM-497273/p,https://static.carrefour.es/hd_350x_/img_pim_food/497273_00_1.jpg,Disponible
08-04-2025,19:54:33,La Despensa,Nata para montar 35% materia grasa Classic´ Carrefour 500 ml.,"1,90 €","3,80 €/l",https://www.carrefour.es/supermercado/nata-para-montar-35-materia-grasa-classic-carrefour-500-ml/R-fprod1270052/p,https://static.carrefour.es/hd_350x_/img_pim_food/325036_00_1.jpg,Disponible
08-04-2025,19:54:33,La Despensa,Leche desnatada Lauki brik 1 l.,"1,05 €","1,05 €/l",https://www.carrefour.es/supermercado/leche-desnatada-lauki-brik-1-l/R-521012944/p,https://static.carrefour.es/hd_350x_/img_pim_food/047824_00_1.jpg,Disponible
08-04-2025,19:54:33,La Despensa,Lasaña boloñesa Carrefour Extra 500 g.,"2,69 €","5,38 €/kg",https://www.carrefour.es/supermercado/lasana-bolonesa-carrefour-extra-500-g/R-527031680/p,https://static.carrefour.es/hd_350x_/img_pim_food/797373_00_1.jpg,Disponible
08-04-2025,19:55:13,La Despensa,Cereales rellenos de leche Carrefour Sensation sin gluten 500 g.,"2,35 €","4,70 €/kg",https://www.carrefour.es/supermercado/cereales-rellenos-de-leche-carrefour-sensation-sin-gluten-500-g/R-VC4AECOMM-102329/p,https://static.carrefour.es/hd_350x_/img_pim_food/102329_00_1.jpg,Disponible
08-04-2025,19:55:13,La Despensa,Mix frutos rojos Carrefour 500 g.,"2,75 €","5,50 €/kg",https://www.carrefour.es/supermercado/mix-frutos-rojos-carrefour-500-g/R-VC4AECOMM-730917/p,https://static.carrefour.es/hd_350x_/img_pim_food/730917_00_1.jpg,Disponible
08-04-2025,19:55:13,La Despensa,Aceite de oliva virgen Carrefour Classic 1 l.,"4,74 €","4,74 €/l",https://www.carrefour.es/supermercado/aceite-de-oliva-virgen-carrefour-classic-1-l/R-639802050/p,https://static.carrefour.es/hd_350x_/img_pim_food/808633_00_1.jpg,Disponible
08-04-2025,19:55:13,La Despensa,Aceite de oliva virgen extra Carrefour Extra 1 l.,"5,54 €","5,54 €/l",https://www.carrefour.es/supermercado/aceite-de-oliva-virgen-extra-carrefour-extra-1-l/R-520660335/p,https://static.carrefour.es/hd_350x_/img_pim_food/471213_00_1.jpg,Disponible
08-04-2025,19:55:13,La Despensa,Kétchup Heinz envase 700 g.,"4,29 €","6,13 €/kg",https://www.carrefour.es/supermercado/ketchup-heinz-envase-700-g/R-520661027/p,https://static.carrefour.es/hd_350x_/img_pim_food/680150_00_1.jpg,Disponible
08-04-2025,19:55:13,La Despensa,Pimientos del Piquillo en tiras al ajillo Carrefour 225 g.,"1,15 €","5,11 €/kg",https://www.carrefour.es/supermercado/pimientos-del-piquillo-en-tiras-al-ajillo-carrefour-225-g/R-521008106/p,https://static.carrefour.es/hd_350x_/img_pim_food/231092_00_1.jpg,Disponible
08-04-2025,19:55:13,La Despensa,Pasta espaguetis cocción rápida Carrefour Classic 500 g.,"0,90 €","1,80 €/kg",https://www.carrefour.es/supermercado/pasta-espaguetis-coccion-rapida-carrefour-classic-500-g/R-prod380273/p,https://static.carrefour.es/hd_350x_/img_pim_food/446545_00_1.jpg,Disponible
08-04-2025,19:55:13,La Despensa,Palmeritas Carrefour Classic 270 g.,"1,42 €","5,26 €/kg",https://www.carrefour.es/supermercado/palmeritas-carrefour-classic-270-g/R-786081639/p,https://static.carrefour.es/hd_350x_/img_pim_food/877642_00_1.jpg,Disponible
08-04-2025,19:55:13,La Despensa,Galletas avena choco Digestive Gullón 425 g.,"2,55 €",6 €/kg,https://www.carrefour.es/supermercado/galletas-avena-choco-digestive-gullon-425-g/R-590204389/p,https://static.carrefour.es/hd_350x_/img_pim_food/150529_00_1.jpg,Disponible
08-04-2025,19:55:13,La Despensa,Ajo granulado Carrefour Classic 55 g.,"0,59 €","10,73 €/kg",https://www.carrefour.es/supermercado/ajo-granulado-carrefour-classic-55-g/R-prod710288/p,https://static.carrefour.es/hd_350x_/img_pim_food/851265_00_1.jpg,Disponible
08-04-2025,19:55:13,La Despensa,Panna cotta al caramelo Carrefour pack de 4 unidades de 90 g.,"0,99 €","2,75 €/kg",https://www.carrefour.es/supermercado/panna-cotta-al-caramelo-carrefour-pack-de-4-unidades-de-90-g/R-prod800126/p,https://static.carrefour.es/hd_350x_/img_pim_food/991332_00_1.jpg,Disponible
08-04-2025,19:55:13,La Despensa,Tortillas de trigo para fajitas Mexifoods 8 ud.,"1,75 €","5,47 €/kg",https://www.carrefour.es/supermercado/tortillas-de-trigo-para-fajitas-mexifoods-8-ud/R-prod61129/p,https://static.carrefour.es/hd_350x_/img_pim_food/053017_00_1.jpg,Disponible
08-04-2025,19:55:13,La Despensa,Aceite refinado de girasol especial para freír Carrefour 1 l.,"1,95 €","1,95 €/l",https://www.carrefour.es/supermercado/aceite-refinado-de-girasol-especial-para-freir-carrefour-1-l/R-819256246/p,https://static.carrefour.es/hd_350x_/img_pim_food/947831_00_1.jpg,Disponible
08-04-2025,19:55:13,La Despensa,Espárrago blanco Carrefour 205 g.,"1,91 €","9,32 €/kg",https://www.carrefour.es/supermercado/esparrago-blanco-carrefour-205-g/R-799397818/p,https://static.carrefour.es/hd_350x_/img_pim_food/898918_00_1.jpg,Disponible
08-04-2025,19:55:13,La Despensa,Margarina Carrefour 500 g.,"1,47 €","2,94 €/kg",https://www.carrefour.es/supermercado/margarina-carrefour-500-g/R-prod830327/p,https://static.carrefour.es/hd_350x_/img_pim_food/298516_00_1.jpg,Disponible
08-04-2025,19:55:13,La Despensa,"Leche desnatada Carrefour botella 1,5 l.","1,45 €","0,97 €/l",https://www.carrefour.es/supermercado/leche-desnatada-carrefour-botella-15-l/R-836924957/p,https://static.carrefour.es/hd_350x_/img_pim_food/971660_00_1.jpg,Disponible
08-04-2025,19:55:13,La Despensa,Yogur sabor macedonia Danone sin gluten pack de 4 unidades de 120 g.,"0,99 €","2,06 €/kg",https://www.carrefour.es/supermercado/yogur-sabor-macedonia-danone-sin-gluten-pack-de-4-unidades-de-120-g/R-521029424/p,https://static.carrefour.es/hd_350x_/img_pim_food/002911_00_1.jpg,Disponible
08-04-2025,19:55:14,La Despensa,Natillas de caramelo Carrefour pack de 4 unidades de 125 g.,"1,05 €","2,10 €/kg",https://www.carrefour.es/supermercado/natillas-de-caramelo-carrefour-pack-de-4-unidades-de-125-g/R-837832788/p,https://static.carrefour.es/hd_350x_/img_pim_food/971667_00_1.jpg,Disponible
08-04-2025,19:55:14,La Despensa,Conos con helado de nata y fresa con salsa de fresa Carrefour 4 ud.,"1,75 €","0,44 €/ud",https://www.carrefour.es/supermercado/conos-con-helado-de-nata-y-fresa-con-salsa-de-fresa-carrefour-4-ud/R-prod301649/p,https://static.carrefour.es/hd_350x_/img_pim_food/364620_00_1.jpg,Disponible
08-04-2025,19:55:14,La Despensa,Pizza barbacoa Ristorante Dr. Oetker 340 g,"3,75 €","11,03 €/kg",https://www.carrefour.es/supermercado/pizza-barbacoa-ristorante-dr-oetker-340-g/R-867800458/p,https://static.carrefour.es/hd_350x_/img_pim_food/169490_00_1.jpg,Disponible
08-04-2025,19:55:14,La Despensa,Ensaimada Carrefour Classic 220 g.,"1,07 €","4,86 €/kg",https://www.carrefour.es/supermercado/ensaimada-carrefour-classic-220-g/R-521007269/p,https://static.carrefour.es/hd_350x_/img_pim_food/752848_00_1.jpg,Disponible
08-04-2025,19:55:14,La Despensa,Nata montada azucarada Central Lechera Asturiana spray 250 ml.,"2,69 €","10,76 €/l",https://www.carrefour.es/supermercado/nata-montada-azucarada-central-lechera-asturiana-spray-250-ml/R-521032922/p,https://static.carrefour.es/hd_350x_/img_pim_food/047793_00_1.jpg,Disponible
08-04-2025,19:55:14,La Despensa,Palomitas saladas para microondas Carrefour pack de 3 unidades de 100 g.,"1,09 €","3,63 €/kg",https://www.carrefour.es/supermercado/palomitas-saladas-para-microondas-carrefour-pack-de-3-unidades-de-100-g/R-521003806/p,https://static.carrefour.es/hd_350x_/img_pim_food/569855_00_1.jpg,Disponible
08-04-2025,19:55:14,La Despensa,Aceite de oliva virgen extra intenso Coosur 1 l.,,"8,29 €/l",https://www.carrefour.es/supermercado/aceite-de-oliva-virgen-extra-intenso-coosur-1-l/R-520660317/p,https://static.carrefour.es/hd_350x_/img_pim_food/543813_00_1.jpg,Disponible
08-04-2025,19:55:55,La Despensa,Galletas Digestive Carrefour Sensation 800 g.,"1,57 €","1,96 €/kg",https://www.carrefour.es/supermercado/galletas-digestive-carrefour-sensation-800-g/R-596701895/p,https://static.carrefour.es/hd_350x_/img_pim_food/357073_00_1.jpg,Disponible
08-04-2025,19:55:55,La Despensa,Caramelos de goma surtidos Carrefour Classic sin gluten 200 g.,"1,05 €","5,25 €/kg",https://www.carrefour.es/supermercado/caramelos-de-goma-surtidos-carrefour-classic-sin-gluten-200-g/R-VC4AECOMM-614934/p,https://static.carrefour.es/hd_350x_/img_pim_food/614934_00_1.jpg,Disponible
08-04-2025,19:55:55,La Despensa,Almendras crudas sin piel Original Carrefour 200 g.,"3,25 €","16,25 €/kg",https://www.carrefour.es/supermercado/almendras-crudas-sin-piel-original-carrefour-200-g/R-791843028/p,https://static.carrefour.es/hd_350x_/img_pim_food/888128_00_1.jpg,Disponible
08-04-2025,19:55:55,La Despensa,Palitos de chocolate con leche Mikado Lu 75 g.,"2,31 €","30,80 €/kg",https://www.carrefour.es/supermercado/palitos-de-chocolate-con-leche-mikado-lu-75-g/R-521002880/p,https://static.carrefour.es/hd_350x_/img_pim_food/522962_00_1.jpg,Disponible
08-04-2025,19:55:55,La Despensa,Café molido natural Crema e Gusto Lavazza 250 g.,,"19,40 €/kg",https://www.carrefour.es/supermercado/cafe-molido-natural-crema-e-gusto-lavazza-250-g/R-777106392/p,https://static.carrefour.es/hd_350x_/img_pim_food/789086_00_1.jpg,Disponible
08-04-2025,19:55:55,La Despensa,Medio flautín con olivas 1 ud.,"0,43 €","0,43 €/ud",https://www.carrefour.es/supermercado/medio-flautin-con-olivas-1-ud/R-VC4AECOMM-220201/p,https://static.carrefour.es/hd_350x_/img_pim_food/220201_00_1.jpg,Disponible
08-04-2025,19:55:55,La Despensa,Galletas Dinosaurus Artiach 411 g.,"3,49 €","8,49 €/kg",https://www.carrefour.es/supermercado/galletas-dinosaurus-artiach-411-g/R-521002927/p,https://static.carrefour.es/hd_350x_/img_pim_food/080409_00_1.jpg,Disponible
08-04-2025,19:55:55,La Despensa,Pizza de pollo Carrefour Classic' 400 g.,"2,75 €","6,87 €/kg",https://www.carrefour.es/supermercado/pizza-de-pollo-carrefour-classic-400-g/R-819114640/p,https://static.carrefour.es/hd_350x_/img_pim_food/946632_00_1.jpg,Disponible
08-04-2025,19:55:55,La Despensa,Cereales chocos Kellogg's 420 g.,"4,39 €","10,45 €/kg",https://www.carrefour.es/supermercado/cereales-chocos-kelloggs-420-g/R-521003270/p,https://static.carrefour.es/hd_350x_/img_pim_food/020240_00_1.jpg,Disponible
08-04-2025,19:55:55,La Despensa,Caldo de cocido Carrefour sin gluten 1 l.,"0,90 €","0,90 €/l",https://www.carrefour.es/supermercado/caldo-de-cocido-carrefour-sin-gluten-1-l/R-521005788/p,https://static.carrefour.es/hd_350x_/img_pim_food/691841_00_1.jpg,Disponible
08-04-2025,19:55:55,La Despensa,Aceite de oliva virgen extra Maestros de Hojiblanca 5 l.,"34,69 €","6,94 €/l",https://www.carrefour.es/supermercado/aceite-de-oliva-virgen-extra-maestros-de-hojiblanca-5-l/R-521033469/p,https://static.carrefour.es/hd_350x_/img_pim_food/113506_00_1.jpg,Disponible
08-04-2025,19:55:55,La Despensa,Cracker's integrales Classic Carrefour 250 g.,"0,94 €","3,76 €/kg",https://www.carrefour.es/supermercado/crackers-integrales-classic-carrefour-250-g/R-521002661/p,https://static.carrefour.es/hd_350x_/img_pim_food/507870_00_1.jpg,Disponible
08-04-2025,19:55:55,La Despensa,Maíz dulce Classic Carrefour sin azúcar añadido 285 g.,"1,13 €","3,96 €/kg",https://www.carrefour.es/supermercado/maiz-dulce-classic-carrefour-sin-azucar-anadido-285-g/R-VC4AECOMM-304582/p,https://static.carrefour.es/hd_350x_/img_pim_food/304582_00_1.jpg,Disponible
08-04-2025,19:55:55,La Despensa,Bífidus desnatado natural Danone Activia pack de 8 unidades de 120 g.,"3,89 €","4,05 €/kg",https://www.carrefour.es/supermercado/bifidus-desnatado-natural-danone-activia-pack-de-8-unidades-de-120-g/R-521029594/p,https://static.carrefour.es/hd_350x_/img_pim_food/591346_00_1.jpg,Disponible
08-04-2025,19:55:55,La Despensa,Bebida de avena sin azúcar añadido YoSoy Barista brik 1 l.,"1,99 €","1,99 €/l",https://www.carrefour.es/supermercado/bebida-de-avena-sin-azucar-anadido-yosoy-barista-brik-1-l/R-VC4AECOMM-624223/p,https://static.carrefour.es/hd_350x_/img_pim_food/624223_00_1.jpg,Disponible
08-04-2025,19:55:55,La Despensa,Sardinillas en aceite de girasol Classic Carrefour pack de 2 unidades de 65 g.,"1,70 €","13,08 €/kg",https://www.carrefour.es/supermercado/sardinillas-en-aceite-de-girasol-classic-carrefour-pack-de-2-unidades-de-65-g/R-prod590535/p,https://static.carrefour.es/hd_350x_/img_pim_food/839318_00_1.jpg,Disponible
08-04-2025,19:55:55,La Despensa,Pan de molde sin corteza Carrefour Classic 820 g.,"2,25 €","2,74 €/kg",https://www.carrefour.es/supermercado/pan-de-molde-sin-corteza-carrefour-classic-820-g/R-VC4AECOMM-401035/p,https://static.carrefour.es/hd_350x_/img_pim_food/401035_00_1.jpg,Disponible
08-04-2025,19:55:55,La Despensa,Leche fermentada natural Carrefour Classic pack de 6 unidades de 125 g.,"0,99 €","1,32 €/kg",https://www.carrefour.es/supermercado/leche-fermentada-natural-carrefour-classic-pack-de-6-unidades-de-125-g/R-VC4AECOMM-351191/p,https://static.carrefour.es/hd_350x_/img_pim_food/351191_00_1.jpg,Disponible
08-04-2025,19:55:55,La Despensa,Aceitunas verdes rellenas de anchoa Carrefour pack de 3 unidades de 150 g.,"2,99 €","6,64 €/kg",https://www.carrefour.es/supermercado/aceitunas-verdes-rellenas-de-anchoa-carrefour-pack-de-3-unidades-de-150-g/R-VC4AECOMM-441977/p,https://static.carrefour.es/hd_350x_/img_pim_food/441977_00_1.jpg,Disponible
08-04-2025,19:55:55,La Despensa,Aceite de oliva virgen extra Coosur garrafa de 5 l.,"34,45 €","6,89 €/l",https://www.carrefour.es/supermercado/aceite-de-oliva-virgen-extra-coosur-garrafa-de-5-l/R-fprod1480043/p,https://static.carrefour.es/hd_350x_/img_pim_food/409782_00_1.jpg,Disponible
08-04-2025,19:55:55,La Despensa,Salteado verdura campestres Carrefour 600 g.,"1,48 €","2,47 €/kg",https://www.carrefour.es/supermercado/salteado-verdura-campestres-carrefour-600-g/R-640301895/p,https://static.carrefour.es/hd_350x_/img_pim_food/813451_00_1.jpg,Disponible
08-04-2025,19:55:55,La Despensa,Moras de goma Carrefour Classic sin gluten 200 g.,"1,08 €","5,40 €/kg",https://www.carrefour.es/supermercado/moras-de-goma-carrefour-classic-sin-gluten-200-g/R-VC4AECOMM-615092/p,https://static.carrefour.es/hd_350x_/img_pim_food/615092_00_1.jpg,Disponible
08-04-2025,19:55:55,La Despensa,Tortilla de patatas Carrefour Classic' sin gluten sin lactosa 600 g.,"2,49 €","4,15 €/kg",https://www.carrefour.es/supermercado/tortilla-de-patatas-carrefour-classic-sin-gluten-sin-lactosa-600-g/R-fprod1300009/p,https://static.carrefour.es/hd_350x_/img_pim_food/333438_00_1.jpg,Disponible
08-04-2025,19:55:55,La Despensa,Aperitivo de patata sabor ketchup Fantasmas Sensation Carrefour 100 g.,"1,07 €","10,70 €/kg",https://www.carrefour.es/supermercado/aperitivo-de-patata-sabor-ketchup-fantasmas-sensation-carrefour-100-g/R-VC4AECOMM-108100/p,https://static.carrefour.es/hd_350x_/img_pim_food/108100_00_1.jpg,Disponible
08-04-2025,19:56:38,La Despensa,Leche desnatada ultrafiltrada Central Lechera Asturiana sin lactosa brik 1 l.,"1,58 €","1,58 €/l",https://www.carrefour.es/supermercado/leche-desnatada-ultrafiltrada-central-lechera-asturiana-sin-lactosa-brik-1-l/R-prod730913/p,https://static.carrefour.es/hd_350x_/img_pim_food/855735_00_1.jpg,Disponible
08-04-2025,19:56:38,La Despensa,Sal marina refinada gruesa Carrefour 1 kg.,"0,40 €","0,40 €/kg",https://www.carrefour.es/supermercado/sal-marina-refinada-gruesa-carrefour-1-kg/R-521005136/p,https://static.carrefour.es/hd_350x_/img_pim_food/234950_00_1.jpg,Disponible
08-04-2025,19:56:38,La Despensa,Chapelas cacao Dulcesol 3 ud.,"0,99 €","7,33 €/kg",https://www.carrefour.es/supermercado/chapelas-cacao-dulcesol-3-ud/R-VC4AECOMM-144603/p,https://static.carrefour.es/hd_350x_/img_pim_food/144603_00_1.jpg,Disponible
08-04-2025,19:56:38,La Despensa,Gelatina sabor fresa jellies Carrefour sin gluten pack de 6 unidades de 100 g.,"0,99 €","1,65 €/kg",https://www.carrefour.es/supermercado/gelatina-sabor-fresa-jellies-carrefour-sin-gluten-pack-de-6-unidades-de-100-g/R-fprod1180024/p,https://static.carrefour.es/hd_350x_/img_pim_food/218451_00_1.jpg,Disponible
08-04-2025,19:56:38,La Despensa,Preparado de soja y coco Alpro sin gluten y sin lactosa 400 g.,"2,29 €","5,72 €/kg",https://www.carrefour.es/supermercado/preparado-de-soja-y-coco-alpro-sin-gluten-y-sin-lactosa-400-g/R-VC4AECOMM-014047/p,https://static.carrefour.es/hd_350x_/img_pim_food/014047_00_1.jpg,Disponible
08-04-2025,19:56:38,La Despensa,Napolitanas rellenas de chocolate Classic' Carrefour 320 g.,"1,55 €","4,84 €/kg",https://www.carrefour.es/supermercado/napolitanas-rellenas-de-chocolate-classic-carrefour-320-g/R-521007237/p,https://static.carrefour.es/hd_350x_/img_pim_food/752845_00_1.jpg,Disponible
08-04-2025,19:56:38,La Despensa,Patatas fritas al punto de sal Lay's sin gluten 160 g.,"1,75 €","10,94 €/kg",https://www.carrefour.es/supermercado/patatas-fritas-al-punto-de-sal-lays-sin-gluten-160-g/R-VC4AECOMM-593705/p,https://static.carrefour.es/hd_350x_/img_pim_food/593705_00_1.jpg,Disponible
08-04-2025,19:56:38,La Despensa,Lenteja pardina categoría extra Carrefour 1 kg.,"2,09 €","2,09 €/kg",https://www.carrefour.es/supermercado/lenteja-pardina-categoria-extra-carrefour-1-kg/R-616401946/p,https://static.carrefour.es/hd_350x_/img_pim_food/645734_00_1.jpg,Disponible
08-04-2025,19:56:38,La Despensa,Judías verdes planas cortadas Classic Carrefour 360 g.,"1,23 €","3,42 €/kg",https://www.carrefour.es/supermercado/judias-verdes-planas-cortadas-classic-carrefour-360-g/R-521005920/p,https://static.carrefour.es/hd_350x_/img_pim_food/357831_00_1.jpg,Disponible
08-04-2025,19:56:38,La Despensa,Atún claro en aceite de girasol Carrefour Classic pack de 3 latas de 52 g.,"2,35 €","15,06 €/kg",https://www.carrefour.es/supermercado/atun-claro-en-aceite-de-girasol-carrefour-classic-pack-de-3-latas-de-52-g/R-521006151/p,https://static.carrefour.es/hd_350x_/img_pim_food/402540_00_1.jpg,Disponible
08-04-2025,19:56:38,La Despensa,Pimiento del piquillo entero Carrefour 225 g.,"1,17 €","5,20 €/kg",https://www.carrefour.es/supermercado/pimiento-del-piquillo-entero-carrefour-225-g/R-526539373/p,https://static.carrefour.es/hd_350x_/img_pim_food/795124_00_1.jpg,Disponible
08-04-2025,19:56:38,La Despensa,Nata liquida para montar Carrefour pack de 3 unidades de 200 ml.,"2,19 €","3,65 €/l",https://www.carrefour.es/supermercado/nata-liquida-para-montar-carrefour-pack-de-3-unidades-de-200-ml/R-VC4AECOMM-465821/p,https://static.carrefour.es/hd_350x_/img_pim_food/465821_00_1.jpg,Disponible
08-04-2025,19:56:38,La Despensa,Galletas rellenas de crema con chocolate blanco Carrefour Classic 252 g.,"1,99 €","7,90 €/kg",https://www.carrefour.es/supermercado/galletas-rellenas-de-crema-con-chocolate-blanco-carrefour-classic-252-g/R-839100325/p,https://static.carrefour.es/hd_350x_/img_pim_food/973967_00_1.jpg,Disponible
08-04-2025,19:56:38,La Despensa,Café latte Starbucks 220 ml.,"2,09 €","9,50 €/l",https://www.carrefour.es/supermercado/cafe-latte-starbucks-220-ml/R-716101857/p,https://static.carrefour.es/hd_350x_/img_pim_food/492139_00_1.jpg,Disponible
08-04-2025,19:56:38,La Despensa,Arroz redondo integral para microondas Classic Carrefour sin gluten pack de 2 unidades de 125 g.,"1,08 €","4,32 €/kg",https://www.carrefour.es/supermercado/arroz-redondo-integral-para-microondas-classic-carrefour-sin-gluten-pack-de-2-unidades-de-125-g/R-VC4AECOMM-099187/p,https://static.carrefour.es/hd_350x_/img_pim_food/099187_00_1.jpg,Disponible
08-04-2025,19:56:38,La Despensa,Patatas fritas sabor york queso Ruffles 150 g.,"2,15 €","14,33 €/kg",https://www.carrefour.es/supermercado/patatas-fritas-sabor-york-queso-ruffles-150-g/R-VC4AECOMM-718771/p,https://static.carrefour.es/hd_350x_/img_pim_food/718771_00_1.jpg,Disponible
08-04-2025,19:56:38,La Despensa,Café cápsulas con leche Carrefour Extra compatible con Dolce Gusto 30 unidades de 10 g.,"6,65 €","0,22 €/ud",https://www.carrefour.es/supermercado/cafe-capsulas-con-leche-carrefour-extra-compatible-con-dolce-gusto-30-unidades-de-10-g/R-fprod1280763/p,https://static.carrefour.es/hd_350x_/img_pim_food/331365_00_1.jpg,Disponible
08-04-2025,19:56:38,La Despensa,Magdalenas redondas La Bella Easo 16 ud.,"2,99 €","6,44 €/kg",https://www.carrefour.es/supermercado/magdalenas-redondas-la-bella-easo-16-ud/R-701717791/p,https://static.carrefour.es/hd_350x_/img_pim_food/400811_00_1.jpg,Disponible
08-04-2025,19:56:38,La Despensa,"Leche semidesnatada Central Lechera Asturiana botella 2,2 l.","2,49 €","1,13 €/l",https://www.carrefour.es/supermercado/leche-semidesnatada-central-lechera-asturiana-botella-22-l/R-740504205/p,https://static.carrefour.es/hd_350x_/img_pim_food/713931_00_1.jpg,Disponible
08-04-2025,19:56:38,La Despensa,Hogaza de Pan 100% Integral Carrefour 500 g.,"1,76 €","3,52 €/kg",https://www.carrefour.es/supermercado/hogaza-de-pan-100-integral-carrefour-500-g/R-VC4AECOMM-436829/p,https://static.carrefour.es/hd_350x_/img_pim_food/436829_00_1.jpg,Disponible
08-04-2025,19:56:38,La Despensa,Batido de cacao Cacaolat sin gluten botella 1 l.,"2,69 €","2,69 €/l",https://www.carrefour.es/supermercado/batido-de-cacao-cacaolat-sin-gluten-botella-1-l/R-521034566/p,https://static.carrefour.es/hd_350x_/img_pim_food/044602_00_1.jpg,Disponible
08-04-2025,19:56:38,La Despensa,Nachos al natural Carrefour 200 g.,"0,89 €","4,45 €/kg",https://www.carrefour.es/supermercado/nachos-al-natural-carrefour-200-g/R-521029351/p,https://static.carrefour.es/hd_350x_/img_pim_food/484494_00_1.jpg,Disponible
08-04-2025,19:56:38,La Despensa,Sardinillas en aceite de oliva Classic Carrefour pack de 2 unidades de 65 g.,"1,99 €","15,31 €/kg",https://www.carrefour.es/supermercado/sardinillas-en-aceite-de-oliva-classic-carrefour-pack-de-2-unidades-de-65-g/R-prod590534/p,https://static.carrefour.es/hd_350x_/img_pim_food/839319_00_1.jpg,Disponible
08-04-2025,19:56:38,La Despensa,Mantequilla tradicional Central Lechera Asturiana 250 g.,"3,59 €","14,36 €/kg",https://www.carrefour.es/supermercado/mantequilla-tradicional-central-lechera-asturiana-250-g/R-521030137/p,https://static.carrefour.es/hd_350x_/img_pim_food/002890_00_1.jpg,Disponible
08-04-2025,19:57:19,La Despensa,Bebida de almendras zero Almond Breeze sin gluten sin lactosa brik 1 l.,"2,19 €","2,19 €/l",https://www.carrefour.es/supermercado/bebida-de-almendras-zero-almond-breeze-sin-gluten-sin-lactosa-brik-1-l/R-819256154/p,https://static.carrefour.es/hd_350x_/img_pim_food/947318_00_1.jpg,Disponible
08-04-2025,19:57:19,La Despensa,Yogur griego de lima limón Carrefour Extra pack de 6 unidades de 125 g.,"1,69 €","2,25 €/kg",https://www.carrefour.es/supermercado/yogur-griego-de-lima-limon-carrefour-extra-pack-de-6-unidades-de-125-g/R-VC4AECOMM-592429/p,https://static.carrefour.es/hd_350x_/img_pim_food/592429_00_1.jpg,Disponible
08-04-2025,19:57:19,La Despensa,Ladrillos de goma sabor fresa y pica pica Carrefour Classic sin gluten 200 g.,"1,34 €","6,70 €/kg",https://www.carrefour.es/supermercado/ladrillos-de-goma-sabor-fresa-y-pica-pica-carrefour-classic-sin-gluten-200-g/R-VC4AECOMM-614937/p,https://static.carrefour.es/hd_350x_/img_pim_food/614937_00_1.jpg,Disponible
08-04-2025,19:57:19,La Despensa,Piña en rodajas en su jugo Classic Carrefour pack de 3 unidades de 140 g.,"2,45 €","5,83 €/kg",https://www.carrefour.es/supermercado/pina-en-rodajas-en-su-jugo-classic-carrefour-pack-de-3-unidades-de-140-g/R-VC4AECOMM-152215/p,https://static.carrefour.es/hd_350x_/img_pim_food/152215_00_1.jpg,Disponible
08-04-2025,19:57:19,La Despensa,Yogur griego de stracciatella Danone sin gluten pack de 4 unidades de 110 g.,"1,59 €","3,61 €/kg",https://www.carrefour.es/supermercado/yogur-griego-de-stracciatella-danone-sin-gluten-pack-de-4-unidades-de-110-g/R-VC4AECOMM-154996/p,https://static.carrefour.es/hd_350x_/img_pim_food/154996_00_1.jpg,Disponible
08-04-2025,19:57:19,La Despensa,Mousse de chocolete con leche Carrefour Classic´ pack de 4 unidades de 60 g.,"1,10 €","4,58 €/kg",https://www.carrefour.es/supermercado/mousse-de-chocolete-con-leche-carrefour-classic-pack-de-4-unidades-de-60-g/R-521029902/p,https://static.carrefour.es/hd_350x_/img_pim_food/233189_00_1.jpg,Disponible
08-04-2025,19:57:19,La Despensa,Filetes de caballa del sur en aceite de oliva Classic Carrefour pack de 2 latas de 65 g.,"1,99 €","15,31 €/kg",https://www.carrefour.es/supermercado/filetes-de-caballa-del-sur-en-aceite-de-oliva-classic-carrefour-pack-de-2-latas-de-65-g/R-VC4AECOMM-488898/p,https://static.carrefour.es/hd_350x_/img_pim_food/488898_00_1.jpg,Disponible
08-04-2025,19:57:19,La Despensa,Snack fuego Takis 130 g.,"2,25 €","16,07 €/kg",https://www.carrefour.es/supermercado/snack-fuego-takis-130-g/R-837010552/p,https://static.carrefour.es/hd_350x_/img_pim_food/974636_00_1.jpg,Disponible
08-04-2025,19:57:19,La Despensa,Galletas relieve Carrefour Classic 735 g.,"1,74 €","2,37 €/kg",https://www.carrefour.es/supermercado/galletas-relieve-carrefour-classic-735-g/R-VC4AECOMM-525005/p,https://static.carrefour.es/hd_350x_/img_pim_food/525005_00_1.jpg,Disponible
08-04-2025,19:57:19,La Despensa,Pimiento del piquillo entero al ajillo Carrefour 225 g.,"1,17 €","5,20 €/kg",https://www.carrefour.es/supermercado/pimiento-del-piquillo-entero-al-ajillo-carrefour-225-g/R-526539375/p,https://static.carrefour.es/hd_350x_/img_pim_food/795134_00_1.jpg,Disponible
08-04-2025,19:57:19,La Despensa,Bífidus desnatado con muesli y cereales Classic´ Carrefour sin azúcar añadido pack de 4 unidades de 125 g.,"1,23 €","2,46 €/kg",https://www.carrefour.es/supermercado/bifidus-desnatado-con-muesli-y-cereales-classic-carrefour-sin-azucar-anadido-pack-de-4-unidades-de-125-g/R-521029598/p,https://static.carrefour.es/hd_350x_/img_pim_food/536237_00_1.jpg,Disponible
08-04-2025,19:57:19,La Despensa,Galletas de barquillo rellena sabor chocolate Carrefour 210 g.,"1,36 €","6,48 €/kg",https://www.carrefour.es/supermercado/galletas-de-barquillo-rellena-sabor-chocolate-carrefour-210-g/R-VC4AECOMM-513772/p,https://static.carrefour.es/hd_350x_/img_pim_food/513772_00_1.jpg,Disponible
08-04-2025,19:57:19,La Despensa,Gazpacho Carrefour sin gluten 1 l.,"1,70 €","1,70 €/l",https://www.carrefour.es/supermercado/gazpacho-carrefour-sin-gluten-1-l/R-805505583/p,https://static.carrefour.es/hd_350x_/img_pim_food/923810_00_1.jpg,Disponible
08-04-2025,19:57:19,La Despensa,Croquetas de jamón Carrefour Classic 500 g.,"1,25 €","2,50 €/kg",https://www.carrefour.es/supermercado/croquetas-de-jamon-carrefour-classic-500-g/R-VC4AECOMM-690584/p,https://static.carrefour.es/hd_350x_/img_pim_food/690584_00_1.jpg,Disponible
08-04-2025,19:57:19,La Despensa,Mayonesa Hellmann's sin gluten tarro 225 ml.,"2,15 €","9,56 €/l",https://www.carrefour.es/supermercado/mayonesa-hellmanns-sin-gluten-tarro-225-ml/R-799328590/p,https://static.carrefour.es/hd_350x_/img_pim_food/002247_00_1.jpg,Disponible
08-04-2025,19:57:19,La Despensa,L.Casei líquido sabor fresa-plátano y piña-coco Carrefour Classic pack de 12 unidades de 100 g.,"2,19 €","1,82 €/kg",https://www.carrefour.es/supermercado/lcasei-liquido-sabor-fresa-platano-y-pina-coco-carrefour-classic-pack-de-12-unidades-de-100-g/R-804987724/p,https://static.carrefour.es/hd_350x_/img_pim_food/909655_00_1.jpg,Disponible
08-04-2025,19:57:19,La Despensa,Café intenso en cápsulas Carrefour compatible con Dolce Gusto 30 unidades de 7 g.,"6,65 €","0,22 €/ud",https://www.carrefour.es/supermercado/cafe-intenso-en-capsulas-carrefour-compatible-con-dolce-gusto-30-unidades-de-7-g/R-fprod1280743/p,https://static.carrefour.es/hd_350x_/img_pim_food/331362_00_1.jpg,Disponible
08-04-2025,19:57:19,La Despensa,"Leche entera fresca Puleva botella 1,5 l.","2,59 €","1,73 €/l",https://www.carrefour.es/supermercado/leche-entera-fresca-puleva-botella-15-l/R-538001752/p,https://static.carrefour.es/hd_350x_/img_pim_food/047810_00_1.jpg,Disponible
08-04-2025,19:57:19,La Despensa,Palomitas Risi sin gluten 105 g.,"1,46 €","13,90 €/kg",https://www.carrefour.es/supermercado/palomitas-risi-sin-gluten-105-g/R-VC4AECOMM-205982/p,https://static.carrefour.es/hd_350x_/img_pim_food/205982_00_1.jpg,Disponible
08-04-2025,19:57:19,La Despensa,Cortezas de cerdo fritas Classic Carrefour sin gluten 75 g.,"1,05 €",14 €/kg,https://www.carrefour.es/supermercado/cortezas-de-cerdo-fritas-classic-carrefour-sin-gluten-75-g/R-VC4AECOMM-731168/p,https://static.carrefour.es/hd_350x_/img_pim_food/731168_00_1.jpg,Disponible
08-04-2025,19:57:19,La Despensa,Chocolate extrafino con leche y cereales crujientes 100 g.,"1,21 €","12,10 €/kg",https://www.carrefour.es/supermercado/chocolate-extrafino-con-leche-y-cereales-crujientes-100-g/R-522714303/p,https://static.carrefour.es/hd_350x_/img_pim_food/509229_00_1.jpg,Disponible
08-04-2025,19:57:19,La Despensa,Cacahuetes fritos Classic Carrefour sin sal añadida 200 g.,"1,13 €","5,65 €/kg",https://www.carrefour.es/supermercado/cacahuetes-fritos-classic-carrefour-sin-sal-anadida-200-g/R-VC4AECOMM-513752/p,https://static.carrefour.es/hd_350x_/img_pim_food/513752_00_1.jpg,Disponible
08-04-2025,19:57:19,La Despensa,Café espresso intenso en cápsulas Nescafé Dolce Gusto 30 ud.,"8,89 €","0,30 €/ud",https://www.carrefour.es/supermercado/cafe-espresso-intenso-en-capsulas-nescafe-dolce-gusto-30-ud/R-605701619/p,https://static.carrefour.es/hd_350x_/img_pim_food/379854_00_1.jpg,Disponible
08-04-2025,19:57:19,La Despensa,Aperitivo de maíz sabor queso Carrefour 100 g.,"0,75 €","7,50 €/kg",https://www.carrefour.es/supermercado/aperitivo-de-maiz-sabor-queso-carrefour-100-g/R-846300376/p,https://static.carrefour.es/hd_350x_/img_pim_food/017916_00_1.jpg,Disponible
08-04-2025,19:58:02,La Despensa,"Yogur sabor coco, fresa, frutos del bosque y macedonia Danone sin gluten pack de 8 unidades de 120 g.","1,83 €","1,91 €/kg",https://www.carrefour.es/supermercado/yogur-sabor-coco-fresa-frutos-del-bosque-y-macedonia-danone-sin-gluten-pack-de-8-unidades-de-120-g/R-521029418/p,https://static.carrefour.es/hd_350x_/img_pim_food/058825_00_1.jpg,Disponible
08-04-2025,19:58:02,La Despensa,Palomitas sabor mantequilla Carrefour Kids sin gluten 80 g.,"0,80 €",10 €/kg,https://www.carrefour.es/supermercado/palomitas-sabor-mantequilla-carrefour-kids-sin-gluten-80-g/R-804031851/p,https://static.carrefour.es/hd_350x_/img_pim_food/908921_00_1.jpg,Disponible
08-04-2025,19:58:02,La Despensa,Sticks sabor queso con ketchup Cheetos 96 g.,"1,99 €","20,73 €/kg",https://www.carrefour.es/supermercado/sticks-sabor-queso-con-ketchup-cheetos-96-g/R-521003705/p,https://static.carrefour.es/hd_350x_/img_pim_food/086384_00_1.jpg,Disponible
08-04-2025,19:58:02,La Despensa,Panecillos tostados integrales Carrefour Extra 300 g.,"1,11 €","3,70 €/kg",https://www.carrefour.es/supermercado/panecillos-tostados-integrales-carrefour-extra-300-g/R-VC4AECOMM-653634/p,https://static.carrefour.es/hd_350x_/img_pim_food/653634_00_1.jpg,Disponible
08-04-2025,19:58:02,La Despensa,Yogur griego natural Carrefour Extra pack de 6 unidades de 125 g.,"1,47 €","1,96 €/kg",https://www.carrefour.es/supermercado/yogur-griego-natural-carrefour-extra-pack-de-6-unidades-de-125-g/R-VC4AECOMM-475662/p,https://static.carrefour.es/hd_350x_/img_pim_food/475662_00_1.jpg,Disponible
08-04-2025,19:58:02,La Despensa,Yogur estilo griego natural con azucar de caña Carrefour 1 kg.,"2,39 €","2,39 €/kg",https://www.carrefour.es/supermercado/yogur-estilo-griego-natural-con-azucar-de-cana-carrefour-1-kg/R-VC4AECOMM-485696/p,https://static.carrefour.es/hd_350x_/img_pim_food/485696_00_1.jpg,Disponible
08-04-2025,19:58:02,La Despensa,Galletas con pepitas de chocolate Chips Ahoy 400 g.,"5,60 €",14 €/kg,https://www.carrefour.es/supermercado/galletas-con-pepitas-de-chocolate-chips-ahoy-400-g/R-521029020/p,https://static.carrefour.es/hd_350x_/img_pim_food/616870_00_1.jpg,Disponible
08-04-2025,19:58:02,La Despensa,Galletas Tosta Rica Cuétara 760 g.,"3,99 €","5,25 €/kg",https://www.carrefour.es/supermercado/galletas-tosta-rica-cuetara-760-g/R-740905726/p,https://static.carrefour.es/hd_350x_/img_pim_food/718507_00_1.jpg,Disponible
08-04-2025,19:58:02,La Despensa,Lenteja pardina categoría extra Luengo 1 kg.,"3,85 €","3,85 €/kg",https://www.carrefour.es/supermercado/lenteja-pardina-categoria-extra-luengo-1-kg/R-526538843/p,https://static.carrefour.es/hd_350x_/img_pim_food/097243_00_1.jpg,Disponible
08-04-2025,19:58:02,La Despensa,Tomate frito con aceite de oliva virgen extra Carrefour sin gluten pack de 3 briks de 215 g.,"1,40 €","2,17 €/kg",https://www.carrefour.es/supermercado/tomate-frito-con-aceite-de-oliva-virgen-extra-carrefour-sin-gluten-pack-de-3-briks-de-215-g/R-prod730719/p,https://static.carrefour.es/hd_350x_/img_pim_food/854879_00_1.jpg,Disponible
08-04-2025,19:58:02,La Despensa,"Leche entera Central Lechera Asturiana botella 2,2 l.","2,65 €","1,20 €/l",https://www.carrefour.es/supermercado/leche-entera-central-lechera-asturiana-botella-22-l/R-785113055/p,https://static.carrefour.es/hd_350x_/img_pim_food/874957_00_1.jpg,Disponible
08-04-2025,19:58:02,La Despensa,Arroz basmati para microondas Brillante pack de 2 unidades de 125 g.,"1,34 €","5,36 €/kg",https://www.carrefour.es/supermercado/arroz-basmati-para-microondas-brillante-pack-de-2-unidades-de-125-g/R-521005542/p,https://static.carrefour.es/hd_350x_/img_pim_food/449472_00_1.jpg,Disponible
08-04-2025,19:58:02,La Despensa,Cuajada natural azucarada Carrefour Original pack de 4 unidades de 125 g.,"1,18 €","2,36 €/kg",https://www.carrefour.es/supermercado/cuajada-natural-azucarada-carrefour-original-pack-de-4-unidades-de-125-g/R-VC4AECOMM-430591/p,https://static.carrefour.es/hd_350x_/img_pim_food/430591_00_1.jpg,Disponible
08-04-2025,19:58:02,La Despensa,Fabada asturiana Carrefour sin gluten 440 g.,"1,58 €","3,59 €/kg",https://www.carrefour.es/supermercado/fabada-asturiana-carrefour-sin-gluten-440-g/R-521006707/p,https://static.carrefour.es/hd_350x_/img_pim_food/228286_00_1.jpg,Disponible
08-04-2025,19:58:02,La Despensa,Caldo de carne Classic Carrefour sin gluten brik 1 l.,"0,67 €","0,67 €/l",https://www.carrefour.es/supermercado/caldo-de-carne-classic-carrefour-sin-gluten-brik-1-l/R-664305460/p,https://static.carrefour.es/hd_350x_/img_pim_food/317708_00_1.jpg,Disponible
08-04-2025,19:58:02,La Despensa,Bollo con pepitas de chocolate Carrefour Classic 6 ud.,"1,58 €","6,58 €/kg",https://www.carrefour.es/supermercado/bollo-con-pepitas-de-chocolate-carrefour-classic-6-ud/R-VC4AECOMM-581102/p,https://static.carrefour.es/hd_350x_/img_pim_food/581102_00_1.jpg,Disponible
08-04-2025,19:58:02,La Despensa,Café en grano natural Carrefour Classic 500 g.,"5,19 €","10,38 €/kg",https://www.carrefour.es/supermercado/cafe-en-grano-natural-carrefour-classic-500-g/R-521002948/p,https://static.carrefour.es/hd_350x_/img_pim_food/236777_00_1.jpg,Disponible
08-04-2025,19:58:02,La Despensa,Cocktail de picos Carrefour El Mercado 500 g,"2,54 €","5,08 €/kg",https://www.carrefour.es/supermercado/cocktail-de-picos-carrefour-el-mercado-500-g/R-604204035/p,https://static.carrefour.es/hd_350x_/img_pim_food/373588_00_1.jpg,Disponible
08-04-2025,19:58:02,La Despensa,Garbanzos cocidos al natural Classic Carrefour 210 g.,"0,70 €","3,33 €/kg",https://www.carrefour.es/supermercado/garbanzos-cocidos-al-natural-classic-carrefour-210-g/R-VC4AECOMM-551496/p,https://static.carrefour.es/hd_350x_/img_pim_food/551496_00_1.jpg,Disponible
08-04-2025,19:58:02,La Despensa,Cacahuetes tostados con miel Carrefour 125 g.,"0,99 €","7,92 €/kg",https://www.carrefour.es/supermercado/cacahuetes-tostados-con-miel-carrefour-125-g/R-530363438/p,https://static.carrefour.es/hd_350x_/img_pim_food/168011_00_1.jpg,Disponible
08-04-2025,19:58:02,La Despensa,Preparado lácteo crecimiento y desarrollo Puleva Max sin gluten sin lactosa brik 1 l.,"1,79 €","1,79 €/l",https://www.carrefour.es/supermercado/preparado-lacteo-crecimiento-y-desarrollo-puleva-max-sin-gluten-sin-lactosa-brik-1-l/R-521030178/p,https://static.carrefour.es/hd_350x_/img_pim_food/513189_00_1.jpg,Disponible
08-04-2025,19:58:02,La Despensa,Fideuá Carrefour 500 g.,"0,79 €","1,58 €/kg",https://www.carrefour.es/supermercado/fideua-carrefour-500-g/R-544101804/p,https://static.carrefour.es/hd_350x_/img_pim_food/229667_00_1.jpg,Disponible
08-04-2025,19:58:02,La Despensa,Tomate pelado troceado Classic Carrefour 390 g.,"0,74 €","1,90 €/kg",https://www.carrefour.es/supermercado/tomate-pelado-troceado-classic-carrefour-390-g/R-521005888/p,https://static.carrefour.es/hd_350x_/img_pim_food/470780_00_1.jpg,Disponible
08-04-2025,19:58:02,La Despensa,Bebida de almendras sin azúcar añadido ecológica Carrefour Bio sin gluten brik 1 l.,"1,73 €","1,73 €/l",https://www.carrefour.es/supermercado/bebida-de-almendras-sin-azucar-anadido-ecologica-carrefour-bio-sin-gluten-brik-1-l/R-VC4AECOMM-580529/p,https://static.carrefour.es/hd_350x_/img_pim_food/580529_00_1.jpg,Disponible
08-04-2025,19:58:44,La Despensa,Pasta fideo entrefino Carrefour Classic 500 g.,"0,79 €","1,58 €/kg",https://www.carrefour.es/supermercado/pasta-fideo-entrefino-carrefour-classic-500-g/R-544101820/p,https://static.carrefour.es/hd_350x_/img_pim_food/229805_00_1.jpg,Disponible
08-04-2025,19:58:44,La Despensa,Cono de golosinas Fini 70 g.,"1,59 €","22,71 €/kg",https://www.carrefour.es/supermercado/cono-de-golosinas-fini-70-g/R-prod731244/p,https://static.carrefour.es/hd_350x_/img_pim_food/856311_00_1.jpg,Disponible
08-04-2025,19:58:44,La Despensa,Tortillas de trigo y maíz Carrefour Sensation sin aceite de palma 10 ud.,"2,03 €","5,07 €/kg",https://www.carrefour.es/supermercado/tortillas-de-trigo-y-maiz-carrefour-sensation-sin-aceite-de-palma-10-ud/R-VC4AECOMM-696552/p,https://static.carrefour.es/hd_350x_/img_pim_food/696552_00_1.jpg,Disponible
08-04-2025,19:58:44,La Despensa,Yogur sabor fresa y plátano Carrefour Classic' pack de 8 unidades de 125 g.,"1,45 €","1,45 €/kg",https://www.carrefour.es/supermercado/yogur-sabor-fresa-y-platano-carrefour-classic-pack-de-8-unidades-de-125-g/R-VC4AECOMM-373057/p,https://static.carrefour.es/hd_350x_/img_pim_food/373057_00_1.jpg,Disponible
08-04-2025,19:58:44,La Despensa,Nachos sabor natural Carrefour Sensation 200 g.,"1,30 €","6,50 €/kg",https://www.carrefour.es/supermercado/nachos-sabor-natural-carrefour-sensation-200-g/R-VC4AECOMM-622703/p,https://static.carrefour.es/hd_350x_/img_pim_food/622703_00_1.jpg,Disponible
08-04-2025,19:58:44,La Despensa,Corazones de alcachofa 8/10 Carrefour 240 g.,"1,94 €","8,08 €/kg",https://www.carrefour.es/supermercado/corazones-de-alcachofa-8-10-carrefour-240-g/R-521016439/p,https://static.carrefour.es/hd_350x_/img_pim_food/045140_00_1.jpg,Disponible
08-04-2025,19:58:44,La Despensa,Pannini barbacoa Dr. Oetker 250 g.,"3,25 €",13 €/kg,https://www.carrefour.es/supermercado/pannini-barbacoa-dr-oetker-250-g/R-521035559/p,https://static.carrefour.es/hd_350x_/img_pim_food/685560_00_1.jpg,Disponible
08-04-2025,19:58:44,La Despensa,Yogur semidesnatado líquido de fresa Carrefour 1 kg.,"1,35 €","1,35 €/kg",https://www.carrefour.es/supermercado/yogur-semidesnatado-liquido-de-fresa-carrefour-1-kg/R-fprod1210091/p,https://static.carrefour.es/hd_350x_/img_pim_food/256883_00_1.jpg,Disponible
08-04-2025,19:58:44,La Despensa,Huevos de gallinas criadas en suelo Carrefour El Mercado 12 ud.,"2,75 €","2,75 €/docena",https://www.carrefour.es/supermercado/huevos-de-gallinas-criadas-en-suelo-carrefour-el-mercado-12-ud/R-VC4AECOMM-307935/p,https://static.carrefour.es/hd_350x_/img_pim_food/307935_00_1.jpg,Disponible
08-04-2025,19:58:44,La Despensa,Leche entera Rio brik 1 l.,"1,27 €","1,27 €/l",https://www.carrefour.es/supermercado/leche-entera-rio-brik-1-l/R-VC4AECOMM-314943/p,https://static.carrefour.es/hd_350x_/img_pim_food/314943_00_1.jpg,Disponible
08-04-2025,19:58:44,La Despensa,Picatostes fritos sabor clásico Carrefour 75 g.,"0,60 €",8 €/kg,https://www.carrefour.es/supermercado/picatostes-fritos-sabor-clasico-carrefour-75-g/R-780048332/p,https://static.carrefour.es/hd_350x_/img_pim_food/752085_00_1.jpg,Disponible
08-04-2025,19:58:44,La Despensa,Arroz categoría extra La Fallera 1 kg.,"1,58 €","1,58 €/kg",https://www.carrefour.es/supermercado/arroz-categoria-extra-la-fallera-1-kg/R-521005512/p,https://static.carrefour.es/hd_350x_/img_pim_food/013185_00_1.jpg,Disponible
08-04-2025,19:58:44,La Despensa,Patatas Fritas corte fino Lay's Gourmet 170 g.,"2,69 €","15,82 €/kg",https://www.carrefour.es/supermercado/patatas-fritas-corte-fino-lays-gourmet-170-g/R-VC4AECOMM-468384/p,https://static.carrefour.es/hd_350x_/img_pim_food/468384_00_1.jpg,Disponible
08-04-2025,19:58:44,La Despensa,Mini redondos de chocolate Carrefour 155 g.,"1,79 €","11,55 €/kg",https://www.carrefour.es/supermercado/mini-redondos-de-chocolate-carrefour-155-g/R-786081633/p,https://static.carrefour.es/hd_350x_/img_pim_food/877639_00_1.jpg,Disponible
08-04-2025,19:58:44,La Despensa,Salsa allioli ajo fresco morado Chovi sin gluten 180 g.,"1,45 €","8,06 €/kg",https://www.carrefour.es/supermercado/salsa-allioli-ajo-fresco-morado-chovi-sin-gluten-180-g/R-521030332/p,https://static.carrefour.es/hd_350x_/img_pim_food/069850_00_1.jpg,Disponible
08-04-2025,19:58:44,La Despensa,Arroz basmati Sensation Carrefour 1 kg.,"2,35 €","2,35 €/kg",https://www.carrefour.es/supermercado/arroz-basmati-sensation-carrefour-1-kg/R-VC4AECOMM-724474/p,https://static.carrefour.es/hd_350x_/img_pim_food/724474_00_1.jpg,Disponible
08-04-2025,19:58:44,La Despensa,Pan rallado de ajo y perejil Classic Carrefour 500 g.,"0,96 €","1,92 €/kg",https://www.carrefour.es/supermercado/pan-rallado-de-ajo-y-perejil-classic-carrefour-500-g/R-805763835/p,https://static.carrefour.es/hd_350x_/img_pim_food/924987_00_1.jpg,Disponible
08-04-2025,19:58:44,La Despensa,Berlina Bombon Donuts 6 ud.,"4,69 €","14,21 €/kg",https://www.carrefour.es/supermercado/berlina-bombon-donuts-6-ud/R-VC4AECOMM-249431/p,https://static.carrefour.es/hd_350x_/img_pim_food/249431_00_1.jpg,Disponible
08-04-2025,19:58:44,La Despensa,Tomate frito Orlando sin gluten brik 350 g.,"0,94 €","2,69 €/kg",https://www.carrefour.es/supermercado/tomate-frito-orlando-sin-gluten-brik-350-g/R-521005200/p,https://static.carrefour.es/hd_350x_/img_pim_food/002204_00_1.jpg,Disponible
08-04-2025,19:58:44,La Despensa,Berlina American Donuts 2 ud.,"2,25 €","14,42 €/kg",https://www.carrefour.es/supermercado/berlina-american-donuts-2-ud/R-VC4AECOMM-392538/p,https://static.carrefour.es/hd_350x_/img_pim_food/392538_00_1.jpg,Agotado temporalmente
08-04-2025,19:58:44,La Despensa,Palomitas sabor ketchup y mostaza Risi sin gluten 105 g.,"1,46 €","13,90 €/kg",https://www.carrefour.es/supermercado/palomitas-sabor-ketchup-y-mostaza-risi-sin-gluten-105-g/R-VC4AECOMM-203501/p,https://static.carrefour.es/hd_350x_/img_pim_food/203501_00_1.jpg,Disponible
08-04-2025,19:58:44,La Despensa,Aperitivo de patata sabor crema agria y cebolla Dipster Carrefour 175 g.,"1,99 €","11,71 €/kg",https://www.carrefour.es/supermercado/aperitivo-de-patata-sabor-crema-agria-y-cebolla-dipster-carrefour-175-g/R-529039562/p,https://static.carrefour.es/hd_350x_/img_pim_food/155960_00_1.jpg,Disponible
08-04-2025,19:58:44,La Despensa,Cocktail de aperitivo Sensation Carrefour 90 g.,"0,73 €","8,11 €/kg",https://www.carrefour.es/supermercado/cocktail-de-aperitivo-sensation-carrefour-90-g/R-521009859/p,https://static.carrefour.es/hd_350x_/img_pim_food/073509_00_1.jpg,Disponible
08-04-2025,19:58:44,La Despensa,Aceitunas manzanilla sin hueso Carrefour pack de 3 unidades de 75 g.,"1,75 €","7,78 €/kg",https://www.carrefour.es/supermercado/aceitunas-manzanilla-sin-hueso-carrefour-pack-de-3-unidades-de-75-g/R-VC4AECOMM-488053/p,https://static.carrefour.es/hd_350x_/img_pim_food/488053_00_1.jpg,Disponible
08-04-2025,19:59:27,La Despensa,Pizza carbonara Carrefour Classic' 400 g.,"2,65 €","6,62 €/kg",https://www.carrefour.es/supermercado/pizza-carbonara-carrefour-classic-400-g/R-521030208/p,https://static.carrefour.es/hd_350x_/img_pim_food/626196_00_1.jpg,Disponible
08-04-2025,19:59:27,La Despensa,Arroz redondo para microondas Brillante pack de 2 unidades de 125 g.,"1,25 €",5 €/kg,https://www.carrefour.es/supermercado/arroz-redondo-para-microondas-brillante-pack-de-2-unidades-de-125-g/R-521005546/p,https://static.carrefour.es/hd_350x_/img_pim_food/737039_00_1.jpg,Disponible
08-04-2025,19:59:27,La Despensa,Galletas con canela Carrefour Original 470 g.,"1,41 €",3 €/kg,https://www.carrefour.es/supermercado/galletas-con-canela-carrefour-original-470-g/R-823818698/p,https://static.carrefour.es/hd_350x_/img_pim_food/956274_00_1.jpg,Disponible
08-04-2025,19:59:27,La Despensa,Bífidus desnatado con frutas del bosque Carrefour sin gluten y sin azúcar añadido pack de 4 unidades de 125 g.,"1,23 €","2,46 €/kg",https://www.carrefour.es/supermercado/bifidus-desnatado-con-frutas-del-bosque-carrefour-sin-gluten-y-sin-azucar-anadido-pack-de-4-unidades-de-125-g/R-VC4AECOMM-550304/p,https://static.carrefour.es/hd_350x_/img_pim_food/550304_00_1.jpg,Disponible
08-04-2025,19:59:27,La Despensa,Leche fermentada líquida natural Danone Danacol sin gluten y sin azúcar añadido pack de 6 unidades de 100 g.,"3,45 €","5,75 €/kg",https://www.carrefour.es/supermercado/leche-fermentada-liquida-natural-danone-danacol-sin-gluten-y-sin-azucar-anadido-pack-de-6-unidades-de-100-g/R-521029683/p,https://static.carrefour.es/hd_350x_/img_pim_food/566916_00_1.jpg,Disponible
08-04-2025,19:59:27,La Despensa,Leche desnatada con vitaminas A+D Puleva brik 1 l.,"1,16 €","1,16 €/l",https://www.carrefour.es/supermercado/leche-desnatada-con-vitaminas-ad-puleva-brik-1-l/R-526715353/p,https://static.carrefour.es/hd_350x_/img_pim_food/046181_00_1.jpg,Disponible
08-04-2025,19:59:27,La Despensa,Salsa boloñesa Carrefour sin gluten tarro 300 g.,"1,33 €","4,43 €/kg",https://www.carrefour.es/supermercado/salsa-bolonesa-carrefour-sin-gluten-tarro-300-g/R-prod1161100/p,https://static.carrefour.es/hd_350x_/img_pim_food/212827_00_1.jpg,Disponible
08-04-2025,19:59:27,La Despensa,Batido de chocolate Puleva sin gluten pack de 9 brik de 200 ml.,,"2,22 €/l",https://www.carrefour.es/supermercado/batido-de-chocolate-puleva-sin-gluten-pack-de-9-brik-de-200-ml/R-VC4AECOMM-012363/p,https://static.carrefour.es/hd_350x_/img_pim_food/012363_00_1.jpg,Disponible
08-04-2025,19:59:27,La Despensa,Conos con helado de nata y chocolate con trozos de almendras tostadasCarrefour 4 ud.,"1,75 €","0,44 €/ud",https://www.carrefour.es/supermercado/conos-con-helado-de-nata-y-chocolate-con-trozos-de-almendras-tostadascarrefour-4-ud/R-prod301666/p,https://static.carrefour.es/hd_350x_/img_pim_food/364695_00_1.jpg,Disponible
08-04-2025,19:59:27,La Despensa,Leche semidesnatada Carrefour pack de 6 briks de 200 ml.,"1,59 €","1,33 €/l",https://www.carrefour.es/supermercado/leche-semidesnatada-carrefour-pack-de-6-briks-de-200-ml/R-prod870020/p,https://static.carrefour.es/hd_350x_/img_pim_food/004887_00_1.jpg,Disponible
08-04-2025,19:59:27,La Despensa,Preparado de soja de arándanos Alpro sin gluten sin lactosa 400 g.,"2,29 €","5,72 €/kg",https://www.carrefour.es/supermercado/preparado-de-soja-de-arandanos-alpro-sin-gluten-sin-lactosa-400-g/R-VC4AECOMM-014038/p,https://static.carrefour.es/hd_350x_/img_pim_food/014038_00_1.jpg,Disponible
08-04-2025,19:59:27,La Despensa,Ravioli de ricotta y espinacas al huevo Carrefour 250 g.,"1,80 €","7,20 €/kg",https://www.carrefour.es/supermercado/ravioli-de-ricotta-y-espinacas-al-huevo-carrefour-250-g/R-prod500137/p,https://static.carrefour.es/hd_350x_/img_pim_food/831739_00_1.jpg,Disponible
08-04-2025,19:59:27,La Despensa,Atún en aceite de girasol Calvo pack de 6 latas de 52 g.,"6,19 €","19,84 €/kg",https://www.carrefour.es/supermercado/atun-en-aceite-de-girasol-calvo-pack-de-6-latas-de-52-g/R-VC4AECOMM-511481/p,https://static.carrefour.es/hd_350x_/img_pim_food/511481_00_1.jpg,Disponible
08-04-2025,19:59:27,La Despensa,Aceite de oliva virgen extra arbequina Coosur 1 l.,,"8,29 €/l",https://www.carrefour.es/supermercado/aceite-de-oliva-virgen-extra-arbequina-coosur-1-l/R-520660331/p,https://static.carrefour.es/hd_350x_/img_pim_food/543829_00_1.jpg,Disponible
08-04-2025,19:59:27,La Despensa,Salsa pesto alla genovese Barilla tarro 190 g.,"2,99 €","15,74 €/kg",https://www.carrefour.es/supermercado/salsa-pesto-alla-genovese-barilla-tarro-190-g/R-522713802/p,https://static.carrefour.es/hd_350x_/img_pim_food/231082_00_1.jpg,Disponible
08-04-2025,19:59:27,La Despensa,Quinoa blanca y roja Classic Carrefour sin gluten pack 2 unidades de 125 g.,"1,41 €","5,64 €/kg",https://www.carrefour.es/supermercado/quinoa-blanca-y-roja-classic-carrefour-sin-gluten-pack-2-unidades-de-125-g/R-VC4AECOMM-113026/p,https://static.carrefour.es/hd_350x_/img_pim_food/113026_00_1.jpg,Disponible
08-04-2025,19:59:27,La Despensa,Bebida de avena Oatly Barista brik 1 l.,"2,65 €","2,65 €/l",https://www.carrefour.es/supermercado/bebida-de-avena-oatly-barista-brik-1-l/R-fprod1460236/p,https://static.carrefour.es/hd_350x_/img_pim_food/395288_00_1.jpg,Disponible
08-04-2025,19:59:27,La Despensa,Leche condensada Carrefour 450 g.,"2,49 €","5,53 €/kg",https://www.carrefour.es/supermercado/leche-condensada-carrefour-450-g/R-521003207/p,https://static.carrefour.es/hd_350x_/img_pim_food/635016_00_1.jpg,Disponible
08-04-2025,19:59:27,La Despensa,Pan Maxi Burger Bimbo 300 g.,"2,19 €","7,30 €/kg",https://www.carrefour.es/supermercado/pan-maxi-burger-bimbo-300-g/R-521007178/p,https://static.carrefour.es/hd_350x_/img_pim_food/018584_00_1.jpg,Disponible
08-04-2025,19:59:27,La Despensa,Tarta helada laminada de nata Carrefour 525 g.,"1,99 €","3,79 €/kg",https://www.carrefour.es/supermercado/tarta-helada-laminada-de-nata-carrefour-525-g/R-793104284/p,https://static.carrefour.es/hd_350x_/img_pim_food/891350_00_1.jpg,Disponible
08-04-2025,19:59:27,La Despensa,Espirales vegetales Carrefour 500 g.,"0,83 €","1,66 €/kg",https://www.carrefour.es/supermercado/espirales-vegetales-carrefour-500-g/R-521005645/p,https://static.carrefour.es/hd_350x_/img_pim_food/228697_00_1.jpg,Disponible
08-04-2025,19:59:27,La Despensa,Patatas fritas campesinas Lay's sin gluten 150 g.,"2,15 €","14,33 €/kg",https://www.carrefour.es/supermercado/patatas-fritas-campesinas-lays-sin-gluten-150-g/R-VC4AECOMM-718772/p,https://static.carrefour.es/hd_350x_/img_pim_food/718772_00_1.jpg,Disponible
08-04-2025,19:59:27,La Despensa,Yogur líquido de fresa Carrefour Classic' pack de 12 unidades de 100 g.,"1,90 €","1,58 €/kg",https://www.carrefour.es/supermercado/yogur-liquido-de-fresa-carrefour-classic-pack-de-12-unidades-de-100-g/R-VC4AECOMM-437957/p,https://static.carrefour.es/hd_350x_/img_pim_food/437957_00_1.jpg,Disponible
08-04-2025,19:59:27,La Despensa,Galletas bañadas con chocolate blanco Filipinos Artiach 128 g.,"1,95 €","15,23 €/kg",https://www.carrefour.es/supermercado/galletas-banadas-con-chocolate-blanco-filipinos-artiach-128-g/R-760106518/p,https://static.carrefour.es/hd_350x_/img_pim_food/768649_00_1.jpg,Disponible
08-04-2025,20:15:58,La Despensa,Café latte cappuccino Kaiku sin gluten 370 ml.,"2,69 €","7,27 €/l",https://www.carrefour.es/supermercado/cafe-latte-cappuccino-kaiku-sin-gluten-370-ml/R-prod100013/p,https://static.carrefour.es/hd_350x_/img_pim_food/224116_00_1.jpg,Disponible
08-04-2025,20:15:58,La Despensa,Yogur con fresa Nestlé La Lechera pack de 2 unidades de 125 g.,"1,37 €","5,48 €/kg",https://www.carrefour.es/supermercado/yogur-con-fresa-nestle-la-lechera-pack-de-2-unidades-de-125-g/R-521029807/p,https://static.carrefour.es/hd_350x_/img_pim_food/520946_00_1.jpg,Disponible
08-04-2025,20:15:58,La Despensa,Sandwich de nata Carrefour 6 ud.,"1,67 €","0,28 €/ud",https://www.carrefour.es/supermercado/sandwich-de-nata-carrefour-6-ud/R-538003234/p,https://static.carrefour.es/hd_350x_/img_pim_food/193777_00_1.jpg,Disponible
08-04-2025,20:15:58,La Despensa,Caldo de pollo Calnort sin gluten 12 pastillas,"0,48 €",4 €/kg,https://www.carrefour.es/supermercado/caldo-de-pollo-calnort-sin-gluten-12-pastillas/R-730118445/p,https://static.carrefour.es/hd_350x_/img_pim_food/312157_00_1.jpg,Disponible
08-04-2025,20:15:58,La Despensa,Arroz largo vaporizado Carrefour Classic´ 1 kg.,"1,67 €","1,67 €/kg",https://www.carrefour.es/supermercado/arroz-largo-vaporizado-carrefour-classic-1-kg/R-521005536/p,https://static.carrefour.es/hd_350x_/img_pim_food/523827_00_1.jpg,Disponible
08-04-2025,20:15:58,La Despensa,Bífidus desnatado edulcorado natural Danone Activia pack de 8 unidades de 120 g.,"3,89 €","4,05 €/kg",https://www.carrefour.es/supermercado/bifidus-desnatado-edulcorado-natural-danone-activia-pack-de-8-unidades-de-120-g/R-647801823/p,https://static.carrefour.es/hd_350x_/img_pim_food/817045_00_1.jpg,Disponible
08-04-2025,20:15:58,La Despensa,Cereales anillos de avena integral Cheerios Nestlé 300 g.,"3,99 €","13,30 €/kg",https://www.carrefour.es/supermercado/cereales-anillos-de-avena-integral-cheerios-nestle-300-g/R-VC4AECOMM-630638/p,https://static.carrefour.es/hd_350x_/img_pim_food/630638_00_1.jpg,Disponible
08-04-2025,20:15:58,La Despensa,Besos de goma sabor fresa nata Carrefour Classic sin gluten 250 g.,"1,10 €","4,40 €/kg",https://www.carrefour.es/supermercado/besos-de-goma-sabor-fresa-nata-carrefour-classic-sin-gluten-250-g/R-VC4AECOMM-614930/p,https://static.carrefour.es/hd_350x_/img_pim_food/614930_00_1.jpg,Disponible
08-04-2025,20:15:58,La Despensa,Regañás con sésamo y aceite de oliva virgen extra Classic Carrefour  250 g.,"1,04 €","4,16 €/kg",https://www.carrefour.es/supermercado/reganas-con-sesamo-y-aceite-de-oliva-virgen-extra-classic-carrefour-250-g/R-prod930222/p,https://static.carrefour.es/hd_350x_/img_pim_food/046201_00_1.jpg,Disponible
08-04-2025,20:15:58,La Despensa,Galletas rellenas de crema de chocolate Príncipe 300 g.,"2,25 €","7,50 €/kg",https://www.carrefour.es/supermercado/galletas-rellenas-de-crema-de-chocolate-principe-300-g/R-755505042/p,https://static.carrefour.es/hd_350x_/img_pim_food/764561_00_1.jpg,Disponible
08-04-2025,20:15:58,La Despensa,Palomitas de colores Frit Ravich sin gluten 130 g.,"1,50 €","13,64 €/kg",https://www.carrefour.es/supermercado/palomitas-de-colores-frit-ravich-sin-gluten-130-g/R-603504336/p,https://static.carrefour.es/hd_350x_/img_pim_food/372212_00_1.jpg,Disponible
08-04-2025,20:15:58,La Despensa,Café con leche en cápsulas Nescafé Dolce Gusto 30 ud.,"9,15 €","0,30 €/ud",https://www.carrefour.es/supermercado/cafe-con-leche-en-capsulas-nescafe-dolce-gusto-30-ud/R-729902592/p,https://static.carrefour.es/hd_350x_/img_pim_food/678656_00_1.jpg,Disponible
08-04-2025,20:15:58,La Despensa,Masa para empanada Carrefour 280 g.,"1,46 €","5,21 €/kg",https://www.carrefour.es/supermercado/masa-para-empanada-carrefour-280-g/R-832428387/p,https://static.carrefour.es/hd_350x_/img_pim_food/967914_00_1.jpg,Disponible
08-04-2025,20:15:58,La Despensa,Varitas de merluza Pescanova 450 g.,"3,75 €","8,33 €/kg",https://www.carrefour.es/supermercado/varitas-de-merluza-pescanova-450-g/R-521031291/p,https://static.carrefour.es/hd_350x_/img_pim_food/043129_00_1.jpg,Disponible
08-04-2025,20:15:58,La Despensa,Pepinillos sabor anchoa Sensation Carrefour 180 g.,"1,33 €","7,39 €/kg",https://www.carrefour.es/supermercado/pepinillos-sabor-anchoa-sensation-carrefour-180-g/R-VC4AECOMM-417867/p,https://static.carrefour.es/hd_350x_/img_pim_food/417867_00_1.jpg,Disponible
08-04-2025,20:15:58,La Despensa,Pizza boloñesa Carrefour 375 g.,"2,25 €",6 €/kg,https://www.carrefour.es/supermercado/pizza-bolonesa-carrefour-375-g/R-530363194/p,https://static.carrefour.es/hd_350x_/img_pim_food/162368_00_1.jpg,Disponible
08-04-2025,20:15:58,La Despensa,Patatas fritas onduladas Original Ruffles sin gluten 150 g.,"1,99 €","13,27 €/kg",https://www.carrefour.es/supermercado/patatas-fritas-onduladas-original-ruffles-sin-gluten-150-g/R-VC4AECOMM-593724/p,https://static.carrefour.es/hd_350x_/img_pim_food/593724_00_1.jpg,Disponible
08-04-2025,20:15:58,La Despensa,"Galletas chocolate blanco rellenas de crema Trío Carrefour Classic 235,8 g.","1,60 €","6,78 €/kg",https://www.carrefour.es/supermercado/galletas-chocolate-blanco-rellenas-de-crema-trio-carrefour-classic-2358-g/R-fprod1310004/p,https://static.carrefour.es/hd_350x_/img_pim_food/333575_00_1.jpg,Disponible
08-04-2025,20:15:58,La Despensa,Tortitas de arroz integrales con chocolate Carrefour 130 g.,"1,95 €",15 €/kg,https://www.carrefour.es/supermercado/tortitas-de-arroz-integrales-con-chocolate-carrefour-130-g/R-602801604/p,https://static.carrefour.es/hd_350x_/img_pim_food/371233_00_1.jpg,Disponible
08-04-2025,20:15:58,La Despensa,Berberechos al natural Dani sin gluten 63 g.,"3,75 €","59,52 €/kg",https://www.carrefour.es/supermercado/berberechos-al-natural-dani-sin-gluten-63-g/R-521006448/p,https://static.carrefour.es/hd_350x_/img_pim_food/039706_00_1.jpg,Disponible
08-04-2025,20:15:58,La Despensa,Leche desnatada Kaiku sin lactosa brik 1 l.,"1,39 €","1,39 €/l",https://www.carrefour.es/supermercado/leche-desnatada-kaiku-sin-lactosa-brik-1-l/R-521007032/p,https://static.carrefour.es/hd_350x_/img_pim_food/584074_00_1.jpg,Disponible
08-04-2025,20:15:58,La Despensa,Pan de molde sin corteza Natural 100% Bimbo 450 g.,"2,85 €","6,33 €/kg",https://www.carrefour.es/supermercado/pan-de-molde-sin-corteza-natural-100-bimbo-450-g/R-fprod1330003/p,https://static.carrefour.es/hd_350x_/img_pim_food/335649_00_1.jpg,Agotado temporalmente
08-04-2025,20:15:58,La Despensa,Lentejas cocidas categoría extra Carrefour 400 g.,"0,78 €","1,95 €/kg",https://www.carrefour.es/supermercado/lentejas-cocidas-categoria-extra-carrefour-400-g/R-521005501/p,https://static.carrefour.es/hd_350x_/img_pim_food/686242_00_1.jpg,Disponible
08-04-2025,20:15:58,La Despensa,Cuajada Danone sin gluten pack de 2 unidades de 135 g.,"1,47 €","5,44 €/kg",https://www.carrefour.es/supermercado/cuajada-danone-sin-gluten-pack-de-2-unidades-de-135-g/R-521029910/p,https://static.carrefour.es/hd_350x_/img_pim_food/295158_00_1.jpg,Disponible
08-04-2025,20:16:41,La Despensa,Cereales de maíz tostados y azucarados Frosties Kellogg's 450 g.,"4,39 €","10,97 €/kg",https://www.carrefour.es/supermercado/cereales-de-maiz-tostados-y-azucarados-frosties-kelloggs-450-g/R-521003363/p,https://static.carrefour.es/hd_350x_/img_pim_food/001788_00_1.jpg,Disponible
08-04-2025,20:16:41,La Despensa,Sobaos Carrefour Classic 480 g.,"1,99 €","4,15 €/kg",https://www.carrefour.es/supermercado/sobaos-carrefour-classic-480-g/R-VC4AECOMM-521101/p,https://static.carrefour.es/hd_350x_/img_pim_food/521101_00_1.jpg,Disponible
08-04-2025,20:16:41,La Despensa,Tagliatelle al huevo Carrefour Extra 250 g.,"1,21 €","4,84 €/kg",https://www.carrefour.es/supermercado/tagliatelle-al-huevo-carrefour-extra-250-g/R-prod590836/p,https://static.carrefour.es/hd_350x_/img_pim_food/840574_00_1.jpg,Disponible
08-04-2025,20:16:41,La Despensa,Espárragos blancos cortos medios 10/18 Carrefour 110 g.,"1,50 €","13,64 €/kg",https://www.carrefour.es/supermercado/esparragos-blancos-cortos-medios-10-18-carrefour-110-g/R-prod680019/p,https://static.carrefour.es/hd_350x_/img_pim_food/846475_00_1.jpg,Disponible
08-04-2025,20:16:41,La Despensa,Flaminguitos con leche Dulcesol 3 ud.,"0,99 €","6,60 €/kg",https://www.carrefour.es/supermercado/flaminguitos-con-leche-dulcesol-3-ud/R-VC4AECOMM-144622/p,https://static.carrefour.es/hd_350x_/img_pim_food/144622_00_1.jpg,Disponible
08-04-2025,20:16:41,La Despensa,"Aceite de oliva original 0,4º Carbonell 1 l.","6,99 €","6,99 €/l",https://www.carrefour.es/supermercado/aceite-de-oliva-original-04-carbonell-1-l/R-530904551/p,https://static.carrefour.es/hd_350x_/img_pim_food/000013_00_1.jpg,Disponible
08-04-2025,20:16:41,La Despensa,Tomate triturado Cidacos 400 g.,"1,41 €","3,52 €/kg",https://www.carrefour.es/supermercado/tomate-triturado-cidacos-400-g/R-521005898/p,https://static.carrefour.es/hd_350x_/img_pim_food/039210_00_1.jpg,Disponible
08-04-2025,20:16:41,La Despensa,Copa de chocolate con nata Danone La Copa pack de 2 unidades de 110 g.,"1,91 €","8,68 €/kg",https://www.carrefour.es/supermercado/copa-de-chocolate-con-nata-danone-la-copa-pack-de-2-unidades-de-110-g/R-710412212/p,https://static.carrefour.es/hd_350x_/img_pim_food/425386_00_1.jpg,Disponible
08-04-2025,20:16:41,La Despensa,Orégano Carrefour Classic 11 g.,"0,46 €","41,82 €/kg",https://www.carrefour.es/supermercado/oregano-carrefour-classic-11-g/R-prod710293/p,https://static.carrefour.es/hd_350x_/img_pim_food/851271_00_1.jpg,Disponible
08-04-2025,20:16:41,La Despensa,Chocolate negro 80% cacao Selección Carrefour 80 g.,"2,39 €","23,90 €/kg",https://www.carrefour.es/supermercado/chocolate-negro-80-cacao-seleccion-carrefour-80-g/R-521004082/p,https://static.carrefour.es/hd_350x_/img_pim_food/793196_00_1.jpg,Disponible
08-04-2025,20:16:41,La Despensa,Yogur griego stracciatella Danone Oikos pack de 4 unidades de 110 g.,"2,85 €","6,48 €/kg",https://www.carrefour.es/supermercado/yogur-griego-stracciatella-danone-oikos-pack-de-4-unidades-de-110-g/R-VC4AECOMM-460102/p,https://static.carrefour.es/hd_350x_/img_pim_food/460102_00_1.jpg,Disponible
08-04-2025,20:16:41,La Despensa,Atún en aceite de girasol Isabel sin gluten 600 g.,"10,75 €","17,92 €/kg",https://www.carrefour.es/supermercado/atun-en-aceite-de-girasol-isabel-sin-gluten-600-g/R-521029262/p,https://static.carrefour.es/hd_350x_/img_pim_food/002558_00_1.jpg,Disponible
08-04-2025,20:16:41,La Despensa,Aperitivos de maíz sabor barbacoa Doritos Bits 115 g.,"1,34 €","11,65 €/kg",https://www.carrefour.es/supermercado/aperitivos-de-maiz-sabor-barbacoa-doritos-bits-115-g/R-799715356/p,https://static.carrefour.es/hd_350x_/img_pim_food/903516_00_1.jpg,Disponible
08-04-2025,20:16:41,La Despensa,Rollitos primavera Carrefour 225 g.,"1,17 €","5,20 €/kg",https://www.carrefour.es/supermercado/rollitos-primavera-carrefour-225-g/R-600804476/p,https://static.carrefour.es/hd_350x_/img_pim_food/363485_00_1.jpg,Disponible
08-04-2025,20:16:41,La Despensa,Preparado lácteo Omega 3 Puleva sin gluten sin lactosa brik 1 l.,,"1,69 €/l",https://www.carrefour.es/supermercado/preparado-lacteo-omega-3-puleva-sin-gluten-sin-lactosa-brik-1-l/R-836808347/p,https://static.carrefour.es/hd_350x_/img_pim_food/973938_00_1.jpg,Disponible
08-04-2025,20:16:41,La Despensa,Colines con aceite de olive virgen extra Carrefour 250 g.,"0,80 €","3,20 €/kg",https://www.carrefour.es/supermercado/colines-con-aceite-de-olive-virgen-extra-carrefour-250-g/R-prod970953/p,https://static.carrefour.es/hd_350x_/img_pim_food/061667_00_1.jpg,Disponible
08-04-2025,20:16:41,La Despensa,Rizos sabor queso Cheetos 100 g.,"1,80 €",18 €/kg,https://www.carrefour.es/supermercado/rizos-sabor-queso-cheetos-100-g/R-521012672/p,https://static.carrefour.es/hd_350x_/img_pim_food/190957_00_1.jpg,Disponible
08-04-2025,20:16:41,La Despensa,Alubia cocida categoría extra Classic Carrefour sin sal añadida 400 g.,"0,80 €",2 €/kg,https://www.carrefour.es/supermercado/alubia-cocida-categoria-extra-classic-carrefour-sin-sal-anadida-400-g/R-521005481/p,https://static.carrefour.es/hd_350x_/img_pim_food/709406_00_1.jpg,Disponible
08-04-2025,20:16:41,La Despensa,Corazones de alcachofas 9/12 unidades Carrefour sin lactosa 175 g.,"1,90 €","10,86 €/kg",https://www.carrefour.es/supermercado/corazones-de-alcachofas-9-12-unidades-carrefour-sin-lactosa-175-g/R-671301822/p,https://static.carrefour.es/hd_350x_/img_pim_food/335846_00_1.jpg,Disponible
08-04-2025,20:16:41,La Despensa,Café latte light Kaiku sin gluten y sin lactosa 230 ml.,"1,88 €","8,17 €/l",https://www.carrefour.es/supermercado/cafe-latte-light-kaiku-sin-gluten-y-sin-lactosa-230-ml/R-544101834/p,https://static.carrefour.es/hd_350x_/img_pim_food/231047_00_1.jpg,Disponible
08-04-2025,20:16:41,La Despensa,Manzanilla en bolsitas Carrefour 50 ud.,"1,31 €","20,15 €/kg",https://www.carrefour.es/supermercado/manzanilla-en-bolsitas-carrefour-50-ud/R-prod690024/p,https://static.carrefour.es/hd_350x_/img_pim_food/847118_00_1.jpg,Disponible
08-04-2025,20:16:41,La Despensa,Arándanos Carrefour Classic 650 g.,"4,45 €","6,85 €/kg",https://www.carrefour.es/supermercado/arandanos-carrefour-classic-650-g/R-prod1161199/p,https://static.carrefour.es/hd_350x_/img_pim_food/212983_00_1.jpg,Disponible
08-04-2025,20:16:41,La Despensa,Pizza Mozzarella Ristorante Dr. Oetker 355 g,"3,75 €","11,19 €/kg",https://www.carrefour.es/supermercado/pizza-mozzarella-ristorante-dr-oetker-355-g/R-594814564/p,https://static.carrefour.es/hd_350x_/img_pim_food/349655_00_1.jpg,Disponible
08-04-2025,20:16:41,La Despensa,Yogur sabor coco Danone sin gluten pack de 4 unidades de 120 g.,"0,99 €","2,06 €/kg",https://www.carrefour.es/supermercado/yogur-sabor-coco-danone-sin-gluten-pack-de-4-unidades-de-120-g/R-521029426/p,https://static.carrefour.es/hd_350x_/img_pim_food/002912_00_1.jpg,Disponible
08-04-2025,20:17:23,La Despensa,Preparado de soja sabor mango sin azúcar añadido Alpro Más Fruta sin gluten sin lactosa 400 g.,"2,59 €","6,47 €/kg",https://www.carrefour.es/supermercado/preparado-de-soja-sabor-mango-sin-azucar-anadido-alpro-mas-fruta-sin-gluten-sin-lactosa-400-g/R-fprod1200058/p,https://static.carrefour.es/hd_350x_/img_pim_food/253534_00_1.jpg,Disponible
08-04-2025,20:17:23,La Despensa,Biscottes integrales Classic Carrefour 540 g.,"1,72 €","3,19 €/kg",https://www.carrefour.es/supermercado/biscottes-integrales-classic-carrefour-540-g/R-VC4AECOMM-517697/p,https://static.carrefour.es/hd_350x_/img_pim_food/517697_00_1.jpg,Disponible
08-04-2025,20:17:23,La Despensa,Queso fresco desnatado con arándanos sin azúcar añadido proteína plus Carrefour Sensation sin gluten pack de 4 unidades de 100 g.,"1,22 €","3,05 €/kg",https://www.carrefour.es/supermercado/queso-fresco-desnatado-con-arandanos-sin-azucar-anadido-proteina-plus-carrefour-sensation-sin-gluten-pack-de-4-unidades-de-100-g/R-VC4AECOMM-097578/p,https://static.carrefour.es/hd_350x_/img_pim_food/097578_00_1.jpg,Agotado temporalmente
08-04-2025,20:17:23,La Despensa,Queso fresco desnatado con fresa sin azúcar añadido proteínas plus Carrefour Sensation sin gluten pack de 4 unidades e 100 g.,"1,22 €","3,05 €/kg",https://www.carrefour.es/supermercado/queso-fresco-desnatado-con-fresa-sin-azucar-anadido-proteinas-plus-carrefour-sensation-sin-gluten-pack-de-4-unidades-e-100-g/R-VC4AECOMM-097569/p,https://static.carrefour.es/hd_350x_/img_pim_food/097569_00_1.jpg,Disponible
08-04-2025,20:17:23,La Despensa,Pan de molde con cereales y semillas Carrefour 675 g.,"1,81 €","2,68 €/kg",https://www.carrefour.es/supermercado/pan-de-molde-con-cereales-y-semillas-carrefour-675-g/R-VC4AECOMM-455780/p,https://static.carrefour.es/hd_350x_/img_pim_food/455780_00_1.jpg,Disponible
08-04-2025,20:17:23,La Despensa,Cereales rellenos de crema de avellana Crocks Sensation Carrefour sin gluten 500 g.,"2,09 €","4,18 €/kg",https://www.carrefour.es/supermercado/cereales-rellenos-de-crema-de-avellana-crocks-sensation-carrefour-sin-gluten-500-g/R-VC4AECOMM-098993/p,https://static.carrefour.es/hd_350x_/img_pim_food/098993_00_1.jpg,Agotado temporalmente
08-04-2025,20:17:23,La Despensa,Tortitas de maíz Carrefour pack de 4 unidades de 33 g.,"1,19 €","9,02 €/kg",https://www.carrefour.es/supermercado/tortitas-de-maiz-carrefour-pack-de-4-unidades-de-33-g/R-prod1000692/p,https://static.carrefour.es/hd_350x_/img_pim_food/086221_00_1.jpg,Disponible
08-04-2025,20:17:23,La Despensa,Tomate frito Hida sin gluten lata 340 g.,"1,51 €","4,31 €/kg",https://www.carrefour.es/supermercado/tomate-frito-hida-sin-gluten-lata-340-g/R-521005178/p,https://static.carrefour.es/hd_350x_/img_pim_food/686918_00_1.jpg,Disponible
08-04-2025,20:17:23,La Despensa,Lentejas cocidas categoría extra Classic Carrefour sin sal añadida 400 g.,"0,78 €","1,95 €/kg",https://www.carrefour.es/supermercado/lentejas-cocidas-categoria-extra-classic-carrefour-sin-sal-anadida-400-g/R-521005483/p,https://static.carrefour.es/hd_350x_/img_pim_food/709624_00_1.jpg,Disponible
08-04-2025,20:17:23,La Despensa,Churros crujientes y tiernos ultracongelados Carrefour Original 500 g.,"1,37 €","2,74 €/kg",https://www.carrefour.es/supermercado/churros-crujientes-y-tiernos-ultracongelados-carrefour-original-500-g/R-521031462/p,https://static.carrefour.es/hd_350x_/img_pim_food/796734_00_1.jpg,Disponible
08-04-2025,20:17:23,La Despensa,Arroz con leche Danone pack de 2 unidades de 130 g.,"2,15 €","8,27 €/kg",https://www.carrefour.es/supermercado/arroz-con-leche-danone-pack-de-2-unidades-de-130-g/R-712515123/p,https://static.carrefour.es/hd_350x_/img_pim_food/425379_00_1.jpg,Agotado temporalmente
08-04-2025,20:17:23,La Despensa,Masa hojaldre rectangular Buitoni sin lactosa 230 g.,"2,09 €","9,09 €/kg",https://www.carrefour.es/supermercado/masa-hojaldre-rectangular-buitoni-sin-lactosa-230-g/R-745416204/p,https://static.carrefour.es/hd_350x_/img_pim_food/742010_00_1.jpg,Disponible
08-04-2025,20:17:23,La Despensa,Leche fermentada de fresa sin azúcar añadido Danone Danacol sin gluten pack de 6 unidades de 100 g.,"3,45 €","5,75 €/kg",https://www.carrefour.es/supermercado/leche-fermentada-de-fresa-sin-azucar-anadido-danone-danacol-sin-gluten-pack-de-6-unidades-de-100-g/R-521029704/p,https://static.carrefour.es/hd_350x_/img_pim_food/566921_00_1.jpg,Disponible
08-04-2025,20:17:23,La Despensa,Barrita de barquillo cubierta de chocolate Huesitos Valor 12 ud.,"3,09 €","12,87 €/kg",https://www.carrefour.es/supermercado/barrita-de-barquillo-cubierta-de-chocolate-huesitos-valor-12-ud/R-521029136/p,https://static.carrefour.es/hd_350x_/img_pim_food/560308_00_1.jpg,Disponible
08-04-2025,20:17:23,La Despensa,Yogur estilo griego con vainilla Carrefour Extra sin gluten pack de 6 unidades de 125 g.,"1,69 €","2,25 €/kg",https://www.carrefour.es/supermercado/yogur-estilo-griego-con-vainilla-carrefour-extra-sin-gluten-pack-de-6-unidades-de-125-g/R-VC4AECOMM-628237/p,https://static.carrefour.es/hd_350x_/img_pim_food/628237_00_1.jpg,Disponible
08-04-2025,20:17:23,La Despensa,Tortitas de maíz Sentation Carrefour 130 g.,"1,40 €","10,77 €/kg",https://www.carrefour.es/supermercado/tortitas-de-maiz-sentation-carrefour-130-g/R-VC4AECOMM-137350/p,https://static.carrefour.es/hd_350x_/img_pim_food/137350_00_1.jpg,Disponible
08-04-2025,20:17:23,La Despensa,Yogur desnatado líquido de fresa sin azúcar añadido Carrefour sin gluten 1 kg.,"1,35 €","1,35 €/kg",https://www.carrefour.es/supermercado/yogur-desnatado-liquido-de-fresa-sin-azucar-anadido-carrefour-sin-gluten-1-kg/R-fprod1210033/p,https://static.carrefour.es/hd_350x_/img_pim_food/256986_00_1.jpg,Disponible
08-04-2025,20:17:23,La Despensa,Pasta fideo cabellín Classic Carrefour 1 kg.,"1,56 €","1,56 €/kg",https://www.carrefour.es/supermercado/pasta-fideo-cabellin-classic-carrefour-1-kg/R-544501831/p,https://static.carrefour.es/hd_350x_/img_pim_food/226581_00_1.jpg,Disponible
08-04-2025,20:17:23,La Despensa,Atún claro en aceite de oliva Calvo pack de 3 unidades de 52 g.,,"27,50 €/kg",https://www.carrefour.es/supermercado/atun-claro-en-aceite-de-oliva-calvo-pack-de-3-unidades-de-52-g/R-VC4AECOMM-625258/p,https://static.carrefour.es/hd_350x_/img_pim_food/625258_00_1.jpg,Disponible
08-04-2025,20:17:23,La Despensa,Pizza de jamón y queso Casa Tarradellas pack de 2 unidades de 220 g.,"3,29 €","7,48 €/kg",https://www.carrefour.es/supermercado/pizza-de-jamon-y-queso-casa-tarradellas-pack-de-2-unidades-de-220-g/R-521030221/p,https://static.carrefour.es/hd_350x_/img_pim_food/345839_00_1.jpg,Disponible
08-04-2025,20:17:23,La Despensa,Yogur liquido desnatado sabor fresa proteína plus Carrefour Sensation sin gluten y sin azúcar añadido 400 g.,"1,64 €","4,10 €/kg",https://www.carrefour.es/supermercado/yogur-liquido-desnatado-sabor-fresa-proteina-plus-carrefour-sensation-sin-gluten-y-sin-azucar-anadido-400-g/R-VC4AECOMM-178673/p,https://static.carrefour.es/hd_350x_/img_pim_food/178673_00_1.jpg,Disponible
08-04-2025,20:17:23,La Despensa,Leche entera Vita Calcio Puleva brik 1 l.,,"1,29 €/l",https://www.carrefour.es/supermercado/leche-entera-vita-calcio-puleva-brik-1-l/R-521007010/p,https://static.carrefour.es/hd_350x_/img_pim_food/108000_00_1.jpg,Agotado temporalmente
08-04-2025,20:17:23,La Despensa,Arroz basmati Tilda 1 kg.,"3,49 €","3,49 €/kg",https://www.carrefour.es/supermercado/arroz-basmati-tilda-1-kg/R-809105957/p,https://static.carrefour.es/hd_350x_/img_pim_food/935338_00_1.jpg,Disponible
08-04-2025,20:17:23,La Despensa,Tortillas de trigo integral Carrefour Sensation sin aceite de palma 10 ud.,"1,73 €","4,32 €/kg",https://www.carrefour.es/supermercado/tortillas-de-trigo-integral-carrefour-sensation-sin-aceite-de-palma-10-ud/R-VC4AECOMM-696543/p,https://static.carrefour.es/hd_350x_/img_pim_food/696543_00_1.jpg,Disponible
08-04-2025,20:18:06,La Despensa,Mayonesa Ybarra sin gluten y sin lactosa envase 400 ml.,"1,99 €","4,97 €/l",https://www.carrefour.es/supermercado/mayonesa-ybarra-sin-gluten-y-sin-lactosa-envase-400-ml/R-526517459/p,https://static.carrefour.es/hd_350x_/img_pim_food/107782_00_1.jpg,Disponible
08-04-2025,20:18:06,La Despensa,Nata para montar Central Lechera Asturiana 500 ml.,"3,67 €","7,34 €/l",https://www.carrefour.es/supermercado/nata-para-montar-central-lechera-asturiana-500-ml/R-521030079/p,https://static.carrefour.es/hd_350x_/img_pim_food/049374_00_1.jpg,Disponible
08-04-2025,20:18:06,La Despensa,Yogur azucarado natural Danone sin gluten pack de 8 unidades de 120 g.,"1,89 €","1,97 €/kg",https://www.carrefour.es/supermercado/yogur-azucarado-natural-danone-sin-gluten-pack-de-8-unidades-de-120-g/R-521029403/p,https://static.carrefour.es/hd_350x_/img_pim_food/002904_00_1.jpg,Disponible
08-04-2025,20:18:06,La Despensa,Mayonesa Hellmann's sin gluten tarro 490 g.,"3,19 €","6,51 €/kg",https://www.carrefour.es/supermercado/mayonesa-hellmanns-sin-gluten-tarro-490-g/R-VC4AECOMM-620195/p,https://static.carrefour.es/hd_350x_/img_pim_food/620195_00_1.jpg,Disponible
08-04-2025,20:18:06,La Despensa,Bebida de soja original Vivesoy 1 l.,"2,09 €","2,09 €/l",https://www.carrefour.es/supermercado/bebida-de-soja-original-vivesoy-1-l/R-VC4AECOMM-342121/p,https://static.carrefour.es/hd_350x_/img_pim_food/342121_00_1.jpg,Disponible
08-04-2025,20:18:06,La Despensa,Chocolate con leche y avellanas troceadas Carrefour Classic sin gluten 150 g.,"1,50 €",10 €/kg,https://www.carrefour.es/supermercado/chocolate-con-leche-y-avellanas-troceadas-carrefour-classic-sin-gluten-150-g/R-521004264/p,https://static.carrefour.es/hd_350x_/img_pim_food/231572_00_1.jpg,Disponible
08-04-2025,20:18:06,La Despensa,Preparado de soja y lima-limón Alpro sin gluten y sin lactosa 400 g.,"2,29 €","5,72 €/kg",https://www.carrefour.es/supermercado/preparado-de-soja-y-lima-limon-alpro-sin-gluten-y-sin-lactosa-400-g/R-VC4AECOMM-004276/p,https://static.carrefour.es/hd_350x_/img_pim_food/004276_00_1.jpg,Disponible
08-04-2025,20:18:06,La Despensa,Pasta estrellas Carrefour Classic 500 g.,"0,79 €","1,58 €/kg",https://www.carrefour.es/supermercado/pasta-estrellas-carrefour-classic-500-g/R-786165654/p,https://static.carrefour.es/hd_350x_/img_pim_food/879182_00_1.jpg,Disponible
08-04-2025,20:18:06,La Despensa,Empanadillas de atún Carrefour 500 g.,"1,99 €","3,98 €/kg",https://www.carrefour.es/supermercado/empanadillas-de-atun-carrefour-500-g/R-521031328/p,https://static.carrefour.es/hd_350x_/img_pim_food/230966_00_1.jpg,Disponible
08-04-2025,20:18:06,La Despensa,Filetes de caballa del sur en aceite de girasol Classic Carrefour pack de 2 latas de 65 g.,"1,93 €","14,85 €/kg",https://www.carrefour.es/supermercado/filetes-de-caballa-del-sur-en-aceite-de-girasol-classic-carrefour-pack-de-2-latas-de-65-g/R-VC4AECOMM-488907/p,https://static.carrefour.es/hd_350x_/img_pim_food/488907_00_1.jpg,Disponible
08-04-2025,20:18:06,La Despensa,Pizza de atún y bacon Carrefour Classic' 400 g.,"2,75 €","6,87 €/kg",https://www.carrefour.es/supermercado/pizza-de-atun-y-bacon-carrefour-classic-400-g/R-521030215/p,https://static.carrefour.es/hd_350x_/img_pim_food/266918_00_1.jpg,Disponible
08-04-2025,20:18:06,La Despensa,Flan de clara de huevo Proteína Plus 0% materia grasa sin azúcares añadidos Carrefour sin gluten pack de 2 unidades de 160 g.,"1,57 €","4,91 €/kg",https://www.carrefour.es/supermercado/flan-de-clara-de-huevo-proteina-plus-0-materia-grasa-sin-azucares-anadidos-carrefour-sin-gluten-pack-de-2-unidades-de-160-g/R-fprod1460253/p,https://static.carrefour.es/hd_350x_/img_pim_food/394634_00_1.jpg,Disponible
08-04-2025,20:18:06,La Despensa,Chocolate con leche Lindt 100 g.,"2,99 €","29,90 €/kg",https://www.carrefour.es/supermercado/chocolate-con-leche-lindt-100-g/R-VC4AECOMM-423722/p,https://static.carrefour.es/hd_350x_/img_pim_food/423722_00_1.jpg,Disponible
08-04-2025,20:18:06,La Despensa,Regaliz de goma Torcidas Fini 170 g.,"1,14 €","7,60 €/kg",https://www.carrefour.es/supermercado/regaliz-de-goma-torcidas-fini-170-g/R-839900520/p,https://static.carrefour.es/hd_350x_/img_pim_food/977268_00_1.jpg,Disponible
08-04-2025,20:18:06,La Despensa,Croquetas de cocido Carrefour Extra 350 g.,"1,99 €","5,69 €/kg",https://www.carrefour.es/supermercado/croquetas-de-cocido-carrefour-extra-350-g/R-VC4AECOMM-690609/p,https://static.carrefour.es/hd_350x_/img_pim_food/690609_00_1.jpg,Disponible
08-04-2025,20:18:06,La Despensa,Bebida láctea semidesnatada fibra Central Lechera Asturiana sin gluten brik 1 l.,"1,64 €","1,64 €/l",https://www.carrefour.es/supermercado/bebida-lactea-semidesnatada-fibra-central-lechera-asturiana-sin-gluten-brik-1-l/R-521007026/p,https://static.carrefour.es/hd_350x_/img_pim_food/345826_00_1.jpg,Disponible
08-04-2025,20:18:06,La Despensa,Nata montada azucarada ligera Carrefour spray 250 g.,"1,88 €","7,52 €/kg",https://www.carrefour.es/supermercado/nata-montada-azucarada-ligera-carrefour-spray-250-g/R-787879747/p,https://static.carrefour.es/hd_350x_/img_pim_food/881965_00_1.jpg,Disponible
08-04-2025,20:18:06,La Despensa,Preparado lácteo con cereales crecimiento y desarrollo Puleva Max brik 1 l.,"1,69 €","1,69 €/l",https://www.carrefour.es/supermercado/preparado-lacteo-con-cereales-crecimiento-y-desarrollo-puleva-max-brik-1-l/R-521007038/p,https://static.carrefour.es/hd_350x_/img_pim_food/790781_00_1.jpg,Disponible
08-04-2025,20:18:06,La Despensa,Fingers de queso mozzarella Carrefour 400 g.,"3,15 €","7,87 €/kg",https://www.carrefour.es/supermercado/fingers-de-queso-mozzarella-carrefour-400-g/R-521031474/p,https://static.carrefour.es/hd_350x_/img_pim_food/573382_00_1.jpg,Disponible
08-04-2025,20:18:06,La Despensa,Phoskitos Original 4 ud.,"2,99 €","18,69 €/kg",https://www.carrefour.es/supermercado/phoskitos-original-4-ud/R-521007303/p,https://static.carrefour.es/hd_350x_/img_pim_food/020388_00_1.jpg,Disponible
08-04-2025,20:18:06,La Despensa,Maíz dulce sin sal Classic´ Carrefour sin azúcar añadido pack de 3 latas de 140 g.,"2,49 €","5,93 €/kg",https://www.carrefour.es/supermercado/maiz-dulce-sin-sal-classic-carrefour-sin-azucar-anadido-pack-de-3-latas-de-140-g/R-VC4AECOMM-304596/p,https://static.carrefour.es/hd_350x_/img_pim_food/304596_00_1.jpg,Disponible
08-04-2025,20:18:06,La Despensa,Champiñón en trozos Classic Carrefour 230 g.,"1,23 €","5,35 €/kg",https://www.carrefour.es/supermercado/champinon-en-trozos-classic-carrefour-230-g/R-521005926/p,https://static.carrefour.es/hd_350x_/img_pim_food/679117_00_1.jpg,Disponible
08-04-2025,20:18:06,La Despensa,Berberechos al natural 60/100 Classic Carrefour 63 g.,"2,79 €","44,29 €/kg",https://www.carrefour.es/supermercado/berberechos-al-natural-60-100-classic-carrefour-63-g/R-VC4AECOMM-509317/p,https://static.carrefour.es/hd_350x_/img_pim_food/509317_00_1.jpg,Disponible
08-04-2025,20:18:06,La Despensa,Pizza de jamón y bacon con salsa de cebolla caramelizada Pizza & Salsa Campofrío 360 g.,"3,05 €","8,47 €/kg",https://www.carrefour.es/supermercado/pizza-de-jamon-y-bacon-con-salsa-de-cebolla-caramelizada-pizza-salsa-campofrio-360-g/R-prod221960/p,https://static.carrefour.es/hd_350x_/img_pim_food/275238_00_1.jpg,Disponible
08-04-2025,20:18:49,La Despensa,Yemas de esparragos blancos medios Classic Carrefour 110 g.,"1,51 €","13,73 €/kg",https://www.carrefour.es/supermercado/yemas-de-esparragos-blancos-medios-classic-carrefour-110-g/R-871005018/p,https://static.carrefour.es/hd_350x_/img_pim_food/182322_00_1.jpg,Disponible
08-04-2025,20:18:49,La Despensa,Yogur natural azucarado Carrefour Classic' pack de 8 unidades de 125 g.,"1,33 €","1,33 €/kg",https://www.carrefour.es/supermercado/yogur-natural-azucarado-carrefour-classic-pack-de-8-unidades-de-125-g/R-VC4AECOMM-440996/p,https://static.carrefour.es/hd_350x_/img_pim_food/440996_00_1.jpg,Disponible
08-04-2025,20:18:49,La Despensa,Biscottes Classic Carrefour 540 g.,"1,64 €","3,04 €/kg",https://www.carrefour.es/supermercado/biscottes-classic-carrefour-540-g/R-VC4AECOMM-517695/p,https://static.carrefour.es/hd_350x_/img_pim_food/517695_00_1.jpg,Disponible
08-04-2025,20:18:49,La Despensa,Margarina con sal Carrefour 500 g.,"1,47 €","2,94 €/kg",https://www.carrefour.es/supermercado/margarina-con-sal-carrefour-500-g/R-prod830388/p,https://static.carrefour.es/hd_350x_/img_pim_food/298250_00_1.jpg,Disponible
08-04-2025,20:18:49,La Despensa,Picos de pan con aceite de oliva Classic Carrefour sin gluten y sin lactosa 100 g.,"1,42 €","14,20 €/kg",https://www.carrefour.es/supermercado/picos-de-pan-con-aceite-de-oliva-classic-carrefour-sin-gluten-y-sin-lactosa-100-g/R-prod1022832/p,https://static.carrefour.es/hd_350x_/img_pim_food/102766_00_1.jpg,Disponible
08-04-2025,20:18:49,La Despensa,Chocolate con leche y almendras Carrefour Extra sin gluten 200 g.,"1,95 €","9,75 €/kg",https://www.carrefour.es/supermercado/chocolate-con-leche-y-almendras-carrefour-extra-sin-gluten-200-g/R-VC4AECOMM-482765/p,https://static.carrefour.es/hd_350x_/img_pim_food/482765_00_1.jpg,Disponible
08-04-2025,20:18:49,La Despensa,Palomitas al punto de sal para microondas Popitas sin gluten pack de 3 unidades de 100 g.,"3,02 €","10,07 €/kg",https://www.carrefour.es/supermercado/palomitas-al-punto-de-sal-para-microondas-popitas-sin-gluten-pack-de-3-unidades-de-100-g/R-521003804/p,https://static.carrefour.es/hd_350x_/img_pim_food/001849_00_1.jpg,Disponible
08-04-2025,20:18:49,La Despensa,Tomate frito sin azúcares añadidos contenido reducido en sal Carrefour tarro 550 g.,"1,06 €","1,93 €/kg",https://www.carrefour.es/supermercado/tomate-frito-sin-azucares-anadidos-contenido-reducido-en-sal-carrefour-tarro-550-g/R-prod730714/p,https://static.carrefour.es/hd_350x_/img_pim_food/854872_00_1.jpg,Disponible
08-04-2025,20:18:49,La Despensa,Fideos orientales de pollo Sensation Carrefour 65 g.,"0,90 €","13,85 €/kg",https://www.carrefour.es/supermercado/fideos-orientales-de-pollo-sensation-carrefour-65-g/R-VC4AECOMM-637227/p,https://static.carrefour.es/hd_350x_/img_pim_food/637227_00_1.jpg,Disponible
08-04-2025,20:18:49,La Despensa,Pizza de peperoni ahumado Carrefour 320 g.,"2,25 €","7,03 €/kg",https://www.carrefour.es/supermercado/pizza-de-peperoni-ahumado-carrefour-320-g/R-prod600096/p,https://static.carrefour.es/hd_350x_/img_pim_food/841124_00_1.jpg,Agotado temporalmente
08-04-2025,20:18:49,La Despensa,Petit sabor fresa Danone Danonino sin gluten pack de 6 unidades de 50 g.,"1,45 €","4,83 €/kg",https://www.carrefour.es/supermercado/petit-sabor-fresa-danone-danonino-sin-gluten-pack-de-6-unidades-de-50-g/R-702201871/p,https://static.carrefour.es/hd_350x_/img_pim_food/402191_00_1.jpg,Disponible
08-04-2025,20:18:49,La Despensa,Yogur liquido de piña y coco Carrefour Classic´ sin gluten 1000 g.,"1,35 €","1,35 €/kg",https://www.carrefour.es/supermercado/yogur-liquido-de-pina-y-coco-carrefour-classic-sin-gluten-1000-g/R-fprod1210088/p,https://static.carrefour.es/hd_350x_/img_pim_food/256888_00_1.jpg,Disponible
08-04-2025,20:18:49,La Despensa,Atún claro en aceite de girasol Calvo pack de 6 latas de 52 g.,"6,95 €","22,28 €/kg",https://www.carrefour.es/supermercado/atun-claro-en-aceite-de-girasol-calvo-pack-de-6-latas-de-52-g/R-VC4AECOMM-363071/p,https://static.carrefour.es/hd_350x_/img_pim_food/363071_00_1.jpg,Disponible
08-04-2025,20:18:49,La Despensa,Mostaza Orlando sin gluten envase 290 g.,"1,62 €","5,59 €/kg",https://www.carrefour.es/supermercado/mostaza-orlando-sin-gluten-envase-290-g/R-520661029/p,https://static.carrefour.es/hd_350x_/img_pim_food/002259_00_1.jpg,Disponible
08-04-2025,20:18:49,La Despensa,Leche fermentada líquida sabor fresa y plátano Danone - Actimel kids sin gluten pack de 6 unidades de 100 g.,"3,89 €","6,48 €/kg",https://www.carrefour.es/supermercado/leche-fermentada-liquida-sabor-fresa-y-platano-danone-actimel-kids-sin-gluten-pack-de-6-unidades-de-100-g/R-VC4AECOMM-100508/p,https://static.carrefour.es/hd_350x_/img_pim_food/100508_00_1.jpg,Agotado temporalmente
08-04-2025,20:18:49,La Despensa,Galletas horneadas Carrefour Original 500 g.,"1,78 €","3,56 €/kg",https://www.carrefour.es/supermercado/galletas-horneadas-carrefour-original-500-g/R-521002680/p,https://static.carrefour.es/hd_350x_/img_pim_food/228290_00_1.jpg,Disponible
08-04-2025,20:18:49,La Despensa,Cereales de maíz sin azúcar añadido Corn Flakes Carrefour 500 g.,"1,45 €","2,90 €/kg",https://www.carrefour.es/supermercado/cereales-de-maiz-sin-azucar-anadido-corn-flakes-carrefour-500-g/R-527030608/p,https://static.carrefour.es/hd_350x_/img_pim_food/114094_00_1.jpg,Disponible
08-04-2025,20:18:49,La Despensa,Sopa de pollo con fideos Calnort 66 g.,"0,34 €","5,15 €/kg",https://www.carrefour.es/supermercado/sopa-de-pollo-con-fideos-calnort-66-g/R-766005425/p,https://static.carrefour.es/hd_350x_/img_pim_food/764045_00_1.jpg,Disponible
08-04-2025,20:18:49,La Despensa,Pasta fideo nº0 Gallo 450 g.,"1,45 €","3,22 €/kg",https://www.carrefour.es/supermercado/pasta-fideo-n0-gallo-450-g/R-VC4AECOMM-556012/p,https://static.carrefour.es/hd_350x_/img_pim_food/556012_00_1.jpg,Disponible
08-04-2025,20:18:49,La Despensa,Bebida de soja ligera Alpro sin gluten y sin lactosa brik 1 l.,"2,15 €","2,15 €/l",https://www.carrefour.es/supermercado/bebida-de-soja-ligera-alpro-sin-gluten-y-sin-lactosa-brik-1-l/R-VC4AECOMM-732751/p,https://static.carrefour.es/hd_350x_/img_pim_food/732751_00_1.jpg,Disponible
08-04-2025,20:18:49,La Despensa,Café molido mezcla Gran Aroma Marcilla 500 g.,"8,89 €","17,78 €/kg",https://www.carrefour.es/supermercado/cafe-molido-mezcla-gran-aroma-marcilla-500-g/R-804323774/p,https://static.carrefour.es/hd_350x_/img_pim_food/912132_00_1.jpg,Disponible
08-04-2025,20:18:49,La Despensa,Yogur griego bicapa de fresa Carrefour Extra pack de 4 unidades de 125 g.,"1,61 €","3,22 €/kg",https://www.carrefour.es/supermercado/yogur-griego-bicapa-de-fresa-carrefour-extra-pack-de-4-unidades-de-125-g/R-641302318/p,https://static.carrefour.es/hd_350x_/img_pim_food/813606_00_1.jpg,Disponible
08-04-2025,20:18:49,La Despensa,Yogur griego natural Danone pack de 4 unidades de 110 g.,"1,39 €","3,16 €/kg",https://www.carrefour.es/supermercado/yogur-griego-natural-danone-pack-de-4-unidades-de-110-g/R-VC4AECOMM-155029/p,https://static.carrefour.es/hd_350x_/img_pim_food/155029_00_1.jpg,Disponible
08-04-2025,20:18:49,La Despensa,Aceitunas verdes rellenas de anchoa Serpis sin gluten y sin lactosa 150 g.,"2,55 €",17 €/kg,https://www.carrefour.es/supermercado/aceitunas-verdes-rellenas-de-anchoa-serpis-sin-gluten-y-sin-lactosa-150-g/R-521003875/p,https://static.carrefour.es/hd_350x_/img_pim_food/447233_00_1.jpg,Disponible
08-04-2025,20:19:33,La Despensa,Bífidus desnatado con trozos de melocotón Danone Activia sin azúcar añadido pack de 4 unidades de 120 g.,"2,89 €","6,02 €/kg",https://www.carrefour.es/supermercado/bifidus-desnatado-con-trozos-de-melocoton-danone-activia-sin-azucar-anadido-pack-de-4-unidades-de-120-g/R-521029606/p,https://static.carrefour.es/hd_350x_/img_pim_food/756018_00_1.jpg,Disponible
08-04-2025,20:19:33,La Despensa,Nata para cocinar Central Lechera Asturiana 500 ml.,"3,67 €","7,34 €/l",https://www.carrefour.es/supermercado/nata-para-cocinar-central-lechera-asturiana-500-ml/R-521030089/p,https://static.carrefour.es/hd_350x_/img_pim_food/437397_00_1.jpg,Disponible
08-04-2025,20:19:33,La Despensa,Bagels semillas Bimbo 4 ud.,"2,69 €","8,97 €/kg",https://www.carrefour.es/supermercado/bagels-semillas-bimbo-4-ud/R-VC4AECOMM-479585/p,https://static.carrefour.es/hd_350x_/img_pim_food/479585_00_1.jpg,Disponible
08-04-2025,20:19:33,La Despensa,Croquetas de pollo Carrefour Extra 500 g.,"1,52 €","3,04 €/kg",https://www.carrefour.es/supermercado/croquetas-de-pollo-carrefour-extra-500-g/R-VC4AECOMM-693840/p,https://static.carrefour.es/hd_350x_/img_pim_food/693840_00_1.jpg,Disponible
08-04-2025,20:19:33,La Despensa,Sardinas en aceite de oliva Cuca 120 g.,"2,79 €","32,82 €/kg",https://www.carrefour.es/supermercado/sardinas-en-aceite-de-oliva-cuca-120-g/R-521006308/p,https://static.carrefour.es/hd_350x_/img_pim_food/027667_00_1.jpg,Disponible
08-04-2025,20:19:33,La Despensa,Bocaditos Carrefour 370 g.,"2,15 €","5,81 €/kg",https://www.carrefour.es/supermercado/bocaditos-carrefour-370-g/R-682401711/p,https://static.carrefour.es/hd_350x_/img_pim_food/068990_00_1.jpg,Disponible
08-04-2025,20:19:33,La Despensa,Café molido natural intenso Carrefour Classic 250 g.,"2,19 €","8,76 €/kg",https://www.carrefour.es/supermercado/cafe-molido-natural-intenso-carrefour-classic-250-g/R-VC4AECOMM-598247/p,https://static.carrefour.es/hd_350x_/img_pim_food/598247_00_1.jpg,Disponible
08-04-2025,20:19:33,La Despensa,Mousse de chocolate crujiente Nestlé Gold pack de 4 unidades de 57 g.,"2,95 €","12,94 €/kg",https://www.carrefour.es/supermercado/mousse-de-chocolate-crujiente-nestle-gold-pack-de-4-unidades-de-57-g/R-737516123/p,https://static.carrefour.es/hd_350x_/img_pim_food/706751_00_1.jpg,Disponible
08-04-2025,20:19:33,La Despensa,Bombones de chocolate y avellana Ferrero Rocher estuche 16 ud.,"5,95 €","29,75 €/kg",https://www.carrefour.es/supermercado/bombones-de-chocolate-y-avellana-ferrero-rocher-estuche-16-ud/R-521012489/p,https://static.carrefour.es/hd_350x_/img_pim_food/001988_00_1.jpg,Agotado temporalmente
08-04-2025,20:19:33,La Despensa,Harina de maíz Randimpak 1 kg.,"2,69 €","2,69 €/kg",https://www.carrefour.es/supermercado/harina-de-maiz-randimpak-1-kg/R-590212127/p,https://static.carrefour.es/hd_350x_/img_pim_food/385434_00_1.jpg,Disponible
08-04-2025,20:19:33,La Despensa,Leche entera Puleva sin gluten sin lactosa botella 1 l.,"1,46 €","1,46 €/l",https://www.carrefour.es/supermercado/leche-entera-puleva-sin-gluten-sin-lactosa-botella-1-l/R-712515361/p,https://static.carrefour.es/hd_350x_/img_pim_food/435573_00_1.jpg,Disponible
08-04-2025,20:19:33,La Despensa,Lentejas con verduras Classic Carrefour 430 g.,"1,15 €","2,67 €/kg",https://www.carrefour.es/supermercado/lentejas-con-verduras-classic-carrefour-430-g/R-VC4AECOMM-128393/p,https://static.carrefour.es/hd_350x_/img_pim_food/128393_00_1.jpg,Disponible
08-04-2025,20:19:33,La Despensa,Leche desnatada Central Lechera Asturiana brik 1 l.,"1,09 €","1,09 €/l",https://www.carrefour.es/supermercado/leche-desnatada-central-lechera-asturiana-brik-1-l/R-826601290/p,https://static.carrefour.es/hd_350x_/img_pim_food/960840_00_1.jpg,Disponible
08-04-2025,20:19:33,La Despensa,Café latte macchiatto con alto contenido de proteínas Carrefour Sensation sin gluten 250 ml.,"1,54 €","6,16 €/l",https://www.carrefour.es/supermercado/cafe-latte-macchiatto-con-alto-contenido-de-proteinas-carrefour-sensation-sin-gluten-250-ml/R-VC4AECOMM-482511/p,https://static.carrefour.es/hd_350x_/img_pim_food/482511_00_1.jpg,Disponible
08-04-2025,20:19:33,La Despensa,Galletas Tostada Carrefour Classic 180 g.,"1,54 €","8,56 €/kg",https://www.carrefour.es/supermercado/galletas-tostada-carrefour-classic-180-g/R-VC4AECOMM-544304/p,https://static.carrefour.es/hd_350x_/img_pim_food/544304_00_1.jpg,Disponible
08-04-2025,20:19:33,La Despensa,Chicles sabor hierbabuena Orbit sin azúcar 64,"3,69 €","57,66 €/kg",https://www.carrefour.es/supermercado/chicles-sabor-hierbabuena-orbit-sin-azucar-64/R-VC4AECOMM-388293/p,https://static.carrefour.es/hd_350x_/img_pim_food/388293_00_1.jpg,Disponible
08-04-2025,20:19:33,La Despensa,Arroz redondo Brillante Sabroz 1 kg.,"2,79 €","2,79 €/kg",https://www.carrefour.es/supermercado/arroz-redondo-brillante-sabroz-1-kg/R-624601818/p,https://static.carrefour.es/hd_350x_/img_pim_food/698871_00_1.jpg,Disponible
08-04-2025,20:19:33,La Despensa,Ensalada de cangrejo con piña Carrefour 200 g.,"1,44 €","7,20 €/kg",https://www.carrefour.es/supermercado/ensalada-de-cangrejo-con-pina-carrefour-200-g/R-prod224749/p,https://static.carrefour.es/hd_350x_/img_pim_food/277345_00_1.jpg,Disponible
08-04-2025,20:19:33,La Despensa,Salsa de tomate De la Abuela Carrefour tarro 300 g.,"1,47 €","4,90 €/kg",https://www.carrefour.es/supermercado/salsa-de-tomate-de-la-abuela-carrefour-tarro-300-g/R-805525899/p,https://static.carrefour.es/hd_350x_/img_pim_food/924292_00_1.jpg,Disponible
08-04-2025,20:19:33,La Despensa,Patatas paja con aceite de girasol Clasic Carrefour 200 g.,"1,50 €","7,50 €/kg",https://www.carrefour.es/supermercado/patatas-paja-con-aceite-de-girasol-clasic-carrefour-200-g/R-VC4AECOMM-815583/p,https://static.carrefour.es/hd_350x_/img_pim_food/815583_00_1.jpg,Disponible
08-04-2025,20:19:33,La Despensa,Miel de flores Carrefour Classic' 500 g.,"3,20 €","6,40 €/kg",https://www.carrefour.es/supermercado/miel-de-flores-carrefour-classic-500-g/R-521003512/p,https://static.carrefour.es/hd_350x_/img_pim_food/632345_00_1.jpg,Disponible
08-04-2025,20:19:33,La Despensa,Cortezas de trigo Bocabits Matutano 75 g.,"1,65 €",22 €/kg,https://www.carrefour.es/supermercado/cortezas-de-trigo-bocabits-matutano-75-g/R-521003802/p,https://static.carrefour.es/hd_350x_/img_pim_food/001829_00_1.jpg,Disponible
08-04-2025,20:19:33,La Despensa,Arroz vaporizado largo Brillante 1 kg.,"1,99 €","1,99 €/kg",https://www.carrefour.es/supermercado/arroz-vaporizado-largo-brillante-1-kg/R-521005540/p,https://static.carrefour.es/hd_350x_/img_pim_food/002279_00_1.jpg,Disponible
08-04-2025,20:19:33,La Despensa,Postre lácteo al cacao Proteína Plus Sensation Carrefour sin gluten y sin azúcar añadido 200 g.,"1,34 €","6,70 €/kg",https://www.carrefour.es/supermercado/postre-lacteo-al-cacao-proteina-plus-sensation-carrefour-sin-gluten-y-sin-azucar-anadido-200-g/R-VC4AECOMM-431401/p,https://static.carrefour.es/hd_350x_/img_pim_food/431401_00_1.jpg,Disponible
08-04-2025,20:20:16,La Despensa,Masa para pizza rectangular Buitoni 260 g.,"1,99 €","7,65 €/kg",https://www.carrefour.es/supermercado/masa-para-pizza-rectangular-buitoni-260-g/R-521030344/p,https://static.carrefour.es/hd_350x_/img_pim_food/059670_00_1.jpg,Disponible
08-04-2025,20:20:16,La Despensa,Pizza de pollo asado con salsa de miel y mostaza Pizza & Salsa Campofrío 355 g.,"3,05 €","8,59 €/kg",https://www.carrefour.es/supermercado/pizza-de-pollo-asado-con-salsa-de-miel-y-mostaza-pizza-salsa-campofrio-355-g/R-prod810321/p,https://static.carrefour.es/hd_350x_/img_pim_food/066873_00_1.jpg,Disponible
08-04-2025,20:20:16,La Despensa,Bebida de soja plus ligera sin azúcar Vivesoy 1 l.,"2,19 €","2,19 €/l",https://www.carrefour.es/supermercado/bebida-de-soja-plus-ligera-sin-azucar-vivesoy-1-l/R-VC4AECOMM-342130/p,https://static.carrefour.es/hd_350x_/img_pim_food/342130_00_1.jpg,Disponible
08-04-2025,20:20:16,La Despensa,Aceite de oliva virgen extra Carrefour Extra 200 ml.,"2,80 €",14 €/l,https://www.carrefour.es/supermercado/aceite-de-oliva-virgen-extra-carrefour-extra-200-ml/R-prod1130339/p,https://static.carrefour.es/hd_350x_/img_pim_food/179213_00_1.jpg,Disponible
08-04-2025,20:20:16,La Despensa,Biscottes mini normales Carrefour 120 g.,"0,74 €","6,17 €/kg",https://www.carrefour.es/supermercado/biscottes-mini-normales-carrefour-120-g/R-521008642/p,https://static.carrefour.es/hd_350x_/img_pim_food/646038_00_1.jpg,Disponible
08-04-2025,20:20:16,La Despensa,Espaguetis Garofalo 500 g.,"1,86 €","3,72 €/kg",https://www.carrefour.es/supermercado/espaguetis-garofalo-500-g/R-793104330/p,https://static.carrefour.es/hd_350x_/img_pim_food/891485_00_1.jpg,Disponible
08-04-2025,20:20:16,La Despensa,Bagels clásico Bimbo 4 ud.,"2,25 €","7,50 €/kg",https://www.carrefour.es/supermercado/bagels-clasico-bimbo-4-ud/R-VC4AECOMM-479584/p,https://static.carrefour.es/hd_350x_/img_pim_food/479584_00_1.jpg,Disponible
08-04-2025,20:20:16,La Despensa,Chocolate negro con flor de sal Selection Carrefour 100 g.,"1,85 €","18,50 €/kg",https://www.carrefour.es/supermercado/chocolate-negro-con-flor-de-sal-selection-carrefour-100-g/R-752014346/p,https://static.carrefour.es/hd_350x_/img_pim_food/761751_00_1.jpg,Disponible
08-04-2025,20:20:16,La Despensa,Yogur griego azucarado natural Danone Oikos sin gluten pack de 4 unidades de 110 g.,"2,85 €","6,48 €/kg",https://www.carrefour.es/supermercado/yogur-griego-azucarado-natural-danone-oikos-sin-gluten-pack-de-4-unidades-de-110-g/R-712703641/p,https://static.carrefour.es/hd_350x_/img_pim_food/439291_00_1.jpg,Disponible
08-04-2025,20:20:16,La Despensa,Clara de huevo pasteurizada Carrefour Classic' 1 l.,"2,49 €","2,49 €/l",https://www.carrefour.es/supermercado/clara-de-huevo-pasteurizada-carrefour-classic-1-l/R-VC4AECOMM-497495/p,https://static.carrefour.es/hd_350x_/img_pim_food/497495_00_1.jpg,Disponible
08-04-2025,20:20:16,La Despensa,Botellitas de goma sabor cola Carrefour Classic sin gluten 250 g.,"1,28 €","5,12 €/kg",https://www.carrefour.es/supermercado/botellitas-de-goma-sabor-cola-carrefour-classic-sin-gluten-250-g/R-VC4AECOMM-614936/p,https://static.carrefour.es/hd_350x_/img_pim_food/614936_00_1.jpg,Disponible
08-04-2025,20:20:16,La Despensa,Garbanzo pedrosillano Classic Carrefour 400 g.,"0,99 €","2,47 €/kg",https://www.carrefour.es/supermercado/garbanzo-pedrosillano-classic-carrefour-400-g/R-VC4AECOMM-128412/p,https://static.carrefour.es/hd_350x_/img_pim_food/128412_00_1.jpg,Disponible
08-04-2025,20:20:16,La Despensa,Nata montada Puleva spray 250 g.,"2,79 €","11,16 €/l",https://www.carrefour.es/supermercado/nata-montada-puleva-spray-250-g/R-521015585/p,https://static.carrefour.es/hd_350x_/img_pim_food/056377_00_1.jpg,Disponible
08-04-2025,20:20:16,La Despensa,Caramelos de goma tajadas sandía Carrefour Classic sin gluten 200 g.,"1,57 €","7,85 €/kg",https://www.carrefour.es/supermercado/caramelos-de-goma-tajadas-sandia-carrefour-classic-sin-gluten-200-g/R-VC4AECOMM-614956/p,https://static.carrefour.es/hd_350x_/img_pim_food/614956_00_1.jpg,Disponible
08-04-2025,20:20:16,La Despensa,Yogur sabor coco Carrefour Classic' pack de 4 unidades de 125 g.,"0,74 €","1,48 €/kg",https://www.carrefour.es/supermercado/yogur-sabor-coco-carrefour-classic-pack-de-4-unidades-de-125-g/R-VC4AECOMM-372878/p,https://static.carrefour.es/hd_350x_/img_pim_food/372878_00_1.jpg,Disponible
08-04-2025,20:20:16,La Despensa,Caldo de pescado Classic Carrefour sin gluten 1 l.,"0,98 €","0,98 €/l",https://www.carrefour.es/supermercado/caldo-de-pescado-classic-carrefour-sin-gluten-1-l/R-521005793/p,https://static.carrefour.es/hd_350x_/img_pim_food/691851_00_1.jpg,Disponible
08-04-2025,20:20:16,La Despensa,Aderezo de limón exprimido Carrefour 250 ml.,"0,87 €","3,48 €/l",https://www.carrefour.es/supermercado/aderezo-de-limon-exprimido-carrefour-250-ml/R-fprod1280602/p,https://static.carrefour.es/hd_350x_/img_pim_food/331242_00_1.jpg,Disponible
08-04-2025,20:20:16,La Despensa,Cocktail de frutos secos al natural Carrefour Original doy pack 180 g.,"2,69 €","14,94 €/kg",https://www.carrefour.es/supermercado/cocktail-de-frutos-secos-al-natural-carrefour-original-doy-pack-180-g/R-VC4AECOMM-369723/p,https://static.carrefour.es/hd_350x_/img_pim_food/369723_00_1.jpg,Disponible
08-04-2025,20:20:16,La Despensa,Bonito del norte en aceite de oliva Consorcio 195 g.,"8,29 €","42,51 €/kg",https://www.carrefour.es/supermercado/bonito-del-norte-en-aceite-de-oliva-consorcio-195-g/R-827614047/p,https://static.carrefour.es/hd_350x_/img_pim_food/935732_00_1.jpg,Disponible
08-04-2025,20:20:16,La Despensa,Pizza de espinacas Ristorante Dr. Oetker 390 g,"3,75 €","9,62 €/kg",https://www.carrefour.es/supermercado/pizza-de-espinacas-ristorante-dr-oetker-390-g/R-521035315/p,https://static.carrefour.es/hd_350x_/img_pim_food/626467_00_1.jpg,Disponible
08-04-2025,20:20:16,La Despensa,Copos de cereales chocolateados  Carrefour Kids 500 g.,"1,94 €","3,88 €/kg",https://www.carrefour.es/supermercado/copos-de-cereales-chocolateados-carrefour-kids-500-g/R-521003282/p,https://static.carrefour.es/hd_350x_/img_pim_food/098378_00_1.jpg,Disponible
08-04-2025,20:20:16,La Despensa,Anacardos fritos y salados Classic Carrefour 200 g.,"2,15 €","10,75 €/kg",https://www.carrefour.es/supermercado/anacardos-fritos-y-salados-classic-carrefour-200-g/R-521015286/p,https://static.carrefour.es/hd_350x_/img_pim_food/603812_00_1.jpg,Disponible
08-04-2025,20:20:16,La Despensa,Azúcar moreno de caña integral Azucarera 800 g.,"1,95 €","2,44 €/kg",https://www.carrefour.es/supermercado/azucar-moreno-de-cana-integral-azucarera-800-g/R-521004632/p,https://static.carrefour.es/hd_350x_/img_pim_food/652272_00_1.jpg,Disponible
08-04-2025,20:20:16,La Despensa,Tortitas de maíz Bicentury sin gluten 130 g.,"1,94 €","14,92 €/kg",https://www.carrefour.es/supermercado/tortitas-de-maiz-bicentury-sin-gluten-130-g/R-521003881/p,https://static.carrefour.es/hd_350x_/img_pim_food/682018_00_1.jpg,Disponible
08-04-2025,20:20:59,La Despensa,Salmorejo fresco García Millán 1 l.,"4,05 €","4,05 €/l",https://www.carrefour.es/supermercado/salmorejo-fresco-garcia-millan-1-l/R-prod1170073/p,https://static.carrefour.es/hd_350x_/img_pim_food/214148_00_1.jpg,Disponible
08-04-2025,20:20:59,La Despensa,Kétchup light Carrefour envase 540 g.,"1,52 €","2,81 €/kg",https://www.carrefour.es/supermercado/ketchup-light-carrefour-envase-540-g/R-712515963/p,https://static.carrefour.es/hd_350x_/img_pim_food/438868_00_1.jpg,Disponible
08-04-2025,20:20:59,La Despensa,Kéfir líquido natural Nestlé 500 g.,"1,95 €","3,90 €/kg",https://www.carrefour.es/supermercado/kefir-liquido-natural-nestle-500-g/R-prod630059/p,https://static.carrefour.es/hd_350x_/img_pim_food/843289_00_1.jpg,Disponible
08-04-2025,20:20:59,La Despensa,Gelatina de sabores Carrefour sin gluten pack de 6 unidades de 100 g.,"0,99 €","1,65 €/kg",https://www.carrefour.es/supermercado/gelatina-de-sabores-carrefour-sin-gluten-pack-de-6-unidades-de-100-g/R-857400428/p,https://static.carrefour.es/hd_350x_/img_pim_food/103327_00_1.jpg,Disponible
08-04-2025,20:20:59,La Despensa,Kéfir sabor mango Carrefour Sensation 500 g.,"1,42 €","2,84 €/kg",https://www.carrefour.es/supermercado/kefir-sabor-mango-carrefour-sensation-500-g/R-VC4AECOMM-485728/p,https://static.carrefour.es/hd_350x_/img_pim_food/485728_00_1.jpg,Disponible
08-04-2025,20:20:59,La Despensa,Yogur líquido sabor fresa Danone Danonino pack de 4 bolsitas de 70 g.,"2,55 €","9,11 €/kg",https://www.carrefour.es/supermercado/yogur-liquido-sabor-fresa-danone-danonino-pack-de-4-bolsitas-de-70-g/R-653701722/p,https://static.carrefour.es/hd_350x_/img_pim_food/189727_00_1.jpg,Disponible
08-04-2025,20:20:59,La Despensa,Garbanzo categoría extra Carrefour 1 kg.,"2,19 €","2,19 €/kg",https://www.carrefour.es/supermercado/garbanzo-categoria-extra-carrefour-1-kg/R-536500289/p,https://static.carrefour.es/hd_350x_/img_pim_food/201578_00_1.jpg,Disponible
08-04-2025,20:20:59,La Despensa,Bombón chocolate con leche almendras y vainilla Carefour 8 ud.,"4,25 €","0,53 €/ud",https://www.carrefour.es/supermercado/bombon-chocolate-con-leche-almendras-y-vainilla-carefour-8-ud/R-VC4AECOMM-501523/p,https://static.carrefour.es/hd_350x_/img_pim_food/501523_00_1.jpg,Disponible
08-04-2025,20:20:59,La Despensa,Ciruelas sin hueso Carrefour 200 g.,"1,68 €","8,40 €/kg",https://www.carrefour.es/supermercado/ciruelas-sin-hueso-carrefour-200-g/R-521008609/p,https://static.carrefour.es/hd_350x_/img_pim_food/622907_00_1.jpg,Disponible
08-04-2025,20:20:59,La Despensa,Aperitivo de maíz sabor original Triskys Risi sin gluten 135 g.,"1,39 €","10,30 €/kg",https://www.carrefour.es/supermercado/aperitivo-de-maiz-sabor-original-triskys-risi-sin-gluten-135-g/R-VC4AECOMM-203597/p,https://static.carrefour.es/hd_350x_/img_pim_food/203597_00_1.jpg,Disponible
08-04-2025,20:20:59,La Despensa,Pipas gigantes aguasal Classic Carrefour 400 g.,"2,39 €","5,97 €/kg",https://www.carrefour.es/supermercado/pipas-gigantes-aguasal-classic-carrefour-400-g/R-VC4AECOMM-617342/p,https://static.carrefour.es/hd_350x_/img_pim_food/617342_00_1.jpg,Disponible
08-04-2025,20:20:59,La Despensa,Hot dog Bimbo 4 ud.,"1,82 €","8,27 €/kg",https://www.carrefour.es/supermercado/hot-dog-bimbo-4-ud/R-prod1023531/p,https://static.carrefour.es/hd_350x_/img_pim_food/312832_00_1.jpg,Disponible
08-04-2025,20:20:59,La Despensa,"Yogur sabor limón, galleta, fresa y macedonia Danone sin gluten pack de 8 unidades de 120 g.","1,83 €","1,91 €/kg",https://www.carrefour.es/supermercado/yogur-sabor-limon-galleta-fresa-y-macedonia-danone-sin-gluten-pack-de-8-unidades-de-120-g/R-521029416/p,https://static.carrefour.es/hd_350x_/img_pim_food/681665_00_1.jpg,Disponible
08-04-2025,20:20:59,La Despensa,Chocolate negro 72% con pepitas de cacao tostadas caramelizadas Carrefour Original 100 g.,"2,35 €","23,50 €/kg",https://www.carrefour.es/supermercado/chocolate-negro-72-con-pepitas-de-cacao-tostadas-caramelizadas-carrefour-original-100-g/R-521004098/p,https://static.carrefour.es/hd_350x_/img_pim_food/556020_00_1.jpg,Disponible
08-04-2025,20:20:59,La Despensa,Helado de vainilla y macadamia con salsa de caramelo Carrefour Sensation 900 ml.,"3,15 €","6,51 €/kg",https://www.carrefour.es/supermercado/helado-de-vainilla-y-macadamia-con-salsa-de-caramelo-carrefour-sensation-900-ml/R-804031461/p,https://static.carrefour.es/hd_350x_/img_pim_food/899551_00_1.jpg,Disponible
08-04-2025,20:20:59,La Despensa,Mejillones en escabeche 16/20 Classic Carrefour sin gluten pack de 3 unidades de 43 g.,"2,79 €","21,63 €/kg",https://www.carrefour.es/supermercado/mejillones-en-escabeche-16-20-classic-carrefour-sin-gluten-pack-de-3-unidades-de-43-g/R-618405050/p,https://static.carrefour.es/hd_350x_/img_pim_food/370329_00_1.jpg,Disponible
08-04-2025,20:20:59,La Despensa,Yogur sabor fresa Carrefour Classic' pack de 4 unidades de 125 g.,"0,74 €","1,48 €/kg",https://www.carrefour.es/supermercado/yogur-sabor-fresa-carrefour-classic-pack-de-4-unidades-de-125-g/R-VC4AECOMM-372922/p,https://static.carrefour.es/hd_350x_/img_pim_food/372922_00_1.jpg,Disponible
08-04-2025,20:20:59,La Despensa,Gazpacho fresco García Millán 1 l.,"3,85 €","3,85 €/l",https://www.carrefour.es/supermercado/gazpacho-fresco-garcia-millan-1-l/R-prod1170071/p,https://static.carrefour.es/hd_350x_/img_pim_food/214150_00_1.jpg,Disponible
08-04-2025,20:20:59,La Despensa,Margarina original Tulipán sin gluten y sin lactosa 400 g.,"2,65 €","6,62 €/kg",https://www.carrefour.es/supermercado/margarina-original-tulipan-sin-gluten-y-sin-lactosa-400-g/R-VC4AECOMM-057261/p,https://static.carrefour.es/hd_350x_/img_pim_food/057261_00_1.jpg,Disponible
08-04-2025,20:20:59,La Despensa,Leche semidesnatada Rio brik 1 l.,"1,27 €","1,27 €/l",https://www.carrefour.es/supermercado/leche-semidesnatada-rio-brik-1-l/R-VC4AECOMM-314957/p,https://static.carrefour.es/hd_350x_/img_pim_food/314957_00_1.jpg,Disponible
08-04-2025,20:20:59,La Despensa,"Galletas rellenas de crema Trío Carrefour Classic 235,8 g.","1,90 €","8,05 €/kg",https://www.carrefour.es/supermercado/galletas-rellenas-de-crema-trio-carrefour-classic-2358-g/R-fprod1310024/p,https://static.carrefour.es/hd_350x_/img_pim_food/333563_00_1.jpg,Disponible
08-04-2025,20:20:59,La Despensa,Caldo casero de pollo Gallina Blanca sin gluten pack de 4 brik de 1 l.,"8,15 €","2,04 €/l",https://www.carrefour.es/supermercado/caldo-casero-de-pollo-gallina-blanca-sin-gluten-pack-de-4-brik-de-1-l/R-682801675/p,https://static.carrefour.es/hd_350x_/img_pim_food/069358_00_1.jpg,Disponible
08-04-2025,20:20:59,La Despensa,Pan burger con semillas de sésamo Classic´ Carrefour 4 ud.,"0,99 €","4,50 €/kg",https://www.carrefour.es/supermercado/pan-burger-con-semillas-de-sesamo-classic-carrefour-4-ud/R-521007176/p,https://static.carrefour.es/hd_350x_/img_pim_food/230242_00_1.jpg,Disponible
08-04-2025,20:20:59,La Despensa,Fresas de goma Carrefour Classic sin gluten 200 g.,"1,50 €","7,50 €/kg",https://www.carrefour.es/supermercado/fresas-de-goma-carrefour-classic-sin-gluten-200-g/R-VC4AECOMM-614963/p,https://static.carrefour.es/hd_350x_/img_pim_food/614963_00_1.jpg,Disponible
08-04-2025,20:21:42,La Despensa,Nachos al toque de sal Dippas Doritos 150 g.,"2,15 €","14,33 €/kg",https://www.carrefour.es/supermercado/nachos-al-toque-de-sal-dippas-doritos-150-g/R-VC4AECOMM-627399/p,https://static.carrefour.es/hd_350x_/img_pim_food/627399_00_1.jpg,Disponible
08-04-2025,20:21:42,La Despensa,Galletas con chocolate Choco Biscuits Milka 150 g.,"3,59 €","23,93 €/kg",https://www.carrefour.es/supermercado/galletas-con-chocolate-choco-biscuits-milka-150-g/R-521002891/p,https://static.carrefour.es/hd_350x_/img_pim_food/051235_00_1.jpg,Disponible
08-04-2025,20:21:42,La Despensa,Filetes de caballa de Andalucía en aceite de girasol Tejero 80 g.,"1,75 €","21,87 €/kg",https://www.carrefour.es/supermercado/filetes-de-caballa-de-andalucia-en-aceite-de-girasol-tejero-80-g/R-797608338/p,https://static.carrefour.es/hd_350x_/img_pim_food/897892_00_1.jpg,Disponible
08-04-2025,20:21:42,La Despensa,Petit sabor fresa y plátano Danone Danonino sin gluten pack de 6 unidades de 50 g.,"1,45 €","4,83 €/kg",https://www.carrefour.es/supermercado/petit-sabor-fresa-y-platano-danone-danonino-sin-gluten-pack-de-6-unidades-de-50-g/R-702201839/p,https://static.carrefour.es/hd_350x_/img_pim_food/402094_00_1.jpg,Disponible
08-04-2025,20:21:42,La Despensa,Surtido de picos y regañás con aceite de oliva virgen extra Carrefour 450 g.,"1,94 €","4,31 €/kg",https://www.carrefour.es/supermercado/surtido-de-picos-y-reganas-con-aceite-de-oliva-virgen-extra-carrefour-450-g/R-prod930292/p,https://static.carrefour.es/hd_350x_/img_pim_food/046138_00_1.jpg,Disponible
08-04-2025,20:21:42,La Despensa,Boquerones Carrefour sin gluten 80 g.,"1,65 €","20,62 €/kg",https://www.carrefour.es/supermercado/boquerones-carrefour-sin-gluten-80-g/R-VC4AECOMM-497214/p,https://static.carrefour.es/hd_350x_/img_pim_food/497214_00_1.jpg,Disponible
08-04-2025,20:21:42,La Despensa,Pizza fresca bianca 4 quesos de lenta fermentación Casa Tarradellas 400 g.,"4,25 €","10,62 €/kg",https://www.carrefour.es/supermercado/pizza-fresca-bianca-4-quesos-de-lenta-fermentacion-casa-tarradellas-400-g/R-VC4AECOMM-625158/p,https://static.carrefour.es/hd_350x_/img_pim_food/625158_00_1.jpg,Disponible
08-04-2025,20:21:42,La Despensa,Aceite de oliva virgen extra hojiblanca Carbonell 1 l.,"8,29 €","8,29 €/l",https://www.carrefour.es/supermercado/aceite-de-oliva-virgen-extra-hojiblanca-carbonell-1-l/R-551303199/p,https://static.carrefour.es/hd_350x_/img_pim_food/243940_00_1.jpg,Disponible
08-04-2025,20:21:42,La Despensa,Pan de molde integral con corteza Bimbo 360 g.,"2,89 €","8,03 €/kg",https://www.carrefour.es/supermercado/pan-de-molde-integral-con-corteza-bimbo-360-g/R-VC4AECOMM-418046/p,https://static.carrefour.es/hd_350x_/img_pim_food/418046_00_1.jpg,Disponible
08-04-2025,20:21:42,La Despensa,Gofre de chocolate negro Carrefour Classic pack de 6 unidades de 60 g.,"2,45 €","6,81 €/kg",https://www.carrefour.es/supermercado/gofre-de-chocolate-negro-carrefour-classic-pack-de-6-unidades-de-60-g/R-544101778/p,https://static.carrefour.es/hd_350x_/img_pim_food/225673_00_1.jpg,Disponible
08-04-2025,20:21:42,La Despensa,Lenteja cocida categoría extra Luengo 400 g.,"1,31 €","3,27 €/kg",https://www.carrefour.es/supermercado/lenteja-cocida-categoria-extra-luengo-400-g/R-546305862/p,https://static.carrefour.es/hd_350x_/img_pim_food/032626_00_1.jpg,Disponible
08-04-2025,20:21:42,La Despensa,Patatas fritas sabor vinagreta Lay's 150 g.,"2,15 €","14,33 €/kg",https://www.carrefour.es/supermercado/patatas-fritas-sabor-vinagreta-lays-150-g/R-VC4AECOMM-718770/p,https://static.carrefour.es/hd_350x_/img_pim_food/718770_00_1.jpg,Disponible
08-04-2025,20:21:42,La Despensa,Café soluble descafeinado Carrefour Classic 200 g.,"4,25 €","21,25 €/kg",https://www.carrefour.es/supermercado/cafe-soluble-descafeinado-carrefour-classic-200-g/R-521003069/p,https://static.carrefour.es/hd_350x_/img_pim_food/230412_00_1.jpg,Disponible
08-04-2025,20:21:42,La Despensa,Bebida de avena original Vivesoy 1 l.,"2,09 €","2,09 €/l",https://www.carrefour.es/supermercado/bebida-de-avena-original-vivesoy-1-l/R-VC4AECOMM-314222/p,https://static.carrefour.es/hd_350x_/img_pim_food/314222_00_1.jpg,Disponible
08-04-2025,20:21:42,La Despensa,Galletas saladas peces Carrefour Classic 350 g.,"1,33 €","3,80 €/kg",https://www.carrefour.es/supermercado/galletas-saladas-peces-carrefour-classic-350-g/R-844000766/p,https://static.carrefour.es/hd_350x_/img_pim_food/986930_00_1.jpg,Disponible
08-04-2025,20:21:42,La Despensa,Patatas fritas sabor chili y lima Classic Carrefour 130 g.,"0,99 €","7,62 €/kg",https://www.carrefour.es/supermercado/patatas-fritas-sabor-chili-y-lima-classic-carrefour-130-g/R-VC4AECOMM-088644/p,https://static.carrefour.es/hd_350x_/img_pim_food/088644_00_1.jpg,Disponible
08-04-2025,20:21:42,La Despensa,Margarina con sal Tulipán sin gluten y sin lactosa 400 g.,"2,85 €","7,12 €/kg",https://www.carrefour.es/supermercado/margarina-con-sal-tulipan-sin-gluten-y-sin-lactosa-400-g/R-VC4AECOMM-057215/p,https://static.carrefour.es/hd_350x_/img_pim_food/057215_00_1.jpg,Disponible
08-04-2025,20:21:42,La Despensa,Tarta de queso Carrefour Original sin gluten 180 g.,"1,76 €","9,78 €/kg",https://www.carrefour.es/supermercado/tarta-de-queso-carrefour-original-sin-gluten-180-g/R-VC4AECOMM-675896/p,https://static.carrefour.es/hd_350x_/img_pim_food/675896_00_1.jpg,Disponible
08-04-2025,20:21:42,La Despensa,Berlinas al cacao Carrefour Classic 180 g.,"1,58 €","8,78 €/kg",https://www.carrefour.es/supermercado/berlinas-al-cacao-carrefour-classic-180-g/R-693401731/p,https://static.carrefour.es/hd_350x_/img_pim_food/090049_00_1.jpg,Disponible
08-04-2025,20:21:42,La Despensa,Barritas de chocolate con relleno de crema de leche Kinder Chocolate 100 g.,"1,99 €","19,90 €/kg",https://www.carrefour.es/supermercado/barritas-de-chocolate-con-relleno-de-crema-de-leche-kinder-chocolate-100-g/R-521008072/p,https://static.carrefour.es/hd_350x_/img_pim_food/001974_00_1.jpg,Disponible
08-04-2025,20:21:42,La Despensa,Natilla de chocolate alta en proteínas Valio Profeel Protein  sin lactosa 180 g.,"1,79 €","9,94 €/kg",https://www.carrefour.es/supermercado/natilla-de-chocolate-alta-en-proteinas-valio-profeel-protein-sin-lactosa-180-g/R-fprod1460473/p,https://static.carrefour.es/hd_350x_/img_pim_food/401839_00_1.jpg,Disponible
08-04-2025,20:21:42,La Despensa,Pizza de pepperoni Casa Tarradellas 405 g,"3,29 €","8,12 €/kg",https://www.carrefour.es/supermercado/pizza-de-pepperoni-casa-tarradellas-405-g/R-766604849/p,https://static.carrefour.es/hd_350x_/img_pim_food/219977_00_1.jpg,Disponible
08-04-2025,20:21:42,La Despensa,Mayonesa Ybarra sin gluten y sin lactosa tarro 450 ml.,"2,35 €","5,22 €/l",https://www.carrefour.es/supermercado/mayonesa-ybarra-sin-gluten-y-sin-lactosa-tarro-450-ml/R-521005162/p,https://static.carrefour.es/hd_350x_/img_pim_food/028952_00_1.jpg,Disponible
08-04-2025,20:21:42,La Despensa,Yogur sabor macedonia Carrefour Classic' pack de 4 unidades de 125 g.,"0,74 €","1,48 €/kg",https://www.carrefour.es/supermercado/yogur-sabor-macedonia-carrefour-classic-pack-de-4-unidades-de-125-g/R-VC4AECOMM-373116/p,https://static.carrefour.es/hd_350x_/img_pim_food/373116_00_1.jpg,Disponible
08-04-2025,20:22:27,La Despensa,Bífidus desnatado con trozos de melocotón y maracuyá sin azúcar añadido Carrefour pack de 4 unidades de 125 g.,"1,23 €","2,46 €/kg",https://www.carrefour.es/supermercado/bifidus-desnatado-con-trozos-de-melocoton-y-maracuya-sin-azucar-anadido-carrefour-pack-de-4-unidades-de-125-g/R-819115341/p,https://static.carrefour.es/hd_350x_/img_pim_food/953662_00_1.jpg,Disponible
08-04-2025,20:22:27,La Despensa,Yogur sabor galleta Danone pack de 4 unidades de 120 g.,"0,94 €","1,96 €/kg",https://www.carrefour.es/supermercado/yogur-sabor-galleta-danone-pack-de-4-unidades-de-120-g/R-VC4AECOMM-050634/p,https://static.carrefour.es/hd_350x_/img_pim_food/050634_00_1.jpg,Disponible
08-04-2025,20:22:27,La Despensa,Pasta elicoidale Garofalo 500 g.,"1,86 €","3,72 €/kg",https://www.carrefour.es/supermercado/pasta-elicoidale-garofalo-500-g/R-814300423/p,https://static.carrefour.es/hd_350x_/img_pim_food/937006_00_1.jpg,Disponible
08-04-2025,20:22:27,La Despensa,Regaliz de goma sabor fresa rellenos con zumo de fruta Fini 125 g.,"1,14 €","9,12 €/kg",https://www.carrefour.es/supermercado/regaliz-de-goma-sabor-fresa-rellenos-con-zumo-de-fruta-fini-125-g/R-prod211445/p,https://static.carrefour.es/hd_350x_/img_pim_food/122897_00_1.jpg,Disponible
08-04-2025,20:22:27,La Despensa,Salsa de miel y mostaza Carrefour Classic sin gluten envase 300 g.,"1,16 €","3,87 €/kg",https://www.carrefour.es/supermercado/salsa-de-miel-y-mostaza-carrefour-classic-sin-gluten-envase-300-g/R-824405633/p,https://static.carrefour.es/hd_350x_/img_pim_food/958862_00_1.jpg,Disponible
08-04-2025,20:22:27,La Despensa,Atún claro sin aceite al natural Calvo pack de 3 latas de 56 g.,"3,69 €","21,96 €/kg",https://www.carrefour.es/supermercado/atun-claro-sin-aceite-al-natural-calvo-pack-de-3-latas-de-56-g/R-530014269/p,https://static.carrefour.es/hd_350x_/img_pim_food/002569_00_1.jpg,Disponible
08-04-2025,20:22:27,La Despensa,Galletas María Carrefour Classic 800 g.,"1,57 €","1,96 €/kg",https://www.carrefour.es/supermercado/galletas-maria-carrefour-classic-800-g/R-VC4AECOMM-544311/p,https://static.carrefour.es/hd_350x_/img_pim_food/544311_00_1.jpg,Disponible
08-04-2025,20:22:27,La Despensa,Masa fresca para pizza fina Casa Tarradellas 260 g.,"1,52 €","5,85 €/kg",https://www.carrefour.es/supermercado/masa-fresca-para-pizza-fina-casa-tarradellas-260-g/R-551901736/p,https://static.carrefour.es/hd_350x_/img_pim_food/244934_00_1.jpg,Agotado temporalmente
08-04-2025,20:22:27,La Despensa,Café latte Carrefour Sensation No Lactosa sin gluten y sin lactosa 250 ml.,"0,85 €","3,40 €/l",https://www.carrefour.es/supermercado/cafe-latte-carrefour-sensation-no-lactosa-sin-gluten-y-sin-lactosa-250-ml/R-fprod1260225/p,https://static.carrefour.es/hd_350x_/img_pim_food/322803_00_1.jpg,Disponible
08-04-2025,20:22:27,La Despensa,Tiras de maíz BBQ orginal Fritos sin gluten 146 g.,"1,68 €","11,51 €/kg",https://www.carrefour.es/supermercado/tiras-de-maiz-bbq-orginal-fritos-sin-gluten-146-g/R-VC4AECOMM-468372/p,https://static.carrefour.es/hd_350x_/img_pim_food/468372_00_1.jpg,Disponible
08-04-2025,20:22:27,La Despensa,Pizza prosciutto Ristorante Dr. Oetker sin gluten sin lactosa 345 g.,"4,79 €","13,88 €/kg",https://www.carrefour.es/supermercado/pizza-prosciutto-ristorante-dr-oetker-sin-gluten-sin-lactosa-345-g/R-855700432/p,https://static.carrefour.es/hd_350x_/img_pim_food/088324_00_1.jpg,Disponible
08-04-2025,20:22:27,La Despensa,Mermelada de fresa categoría extra Carrefour 410 g.,"1,49 €","3,63 €/kg",https://www.carrefour.es/supermercado/mermelada-de-fresa-categoria-extra-carrefour-410-g/R-521003422/p,https://static.carrefour.es/hd_350x_/img_pim_food/228272_00_1.jpg,Disponible
08-04-2025,20:22:27,La Despensa,L.Casei líquido sabor fresa Carrefour Classic' pack de 12 unidades de 100 g.,"2,19 €","1,82 €/kg",https://www.carrefour.es/supermercado/lcasei-liquido-sabor-fresa-carrefour-classic-pack-de-12-unidades-de-100-g/R-799715474/p,https://static.carrefour.es/hd_350x_/img_pim_food/904623_00_1.jpg,Disponible
08-04-2025,20:22:27,La Despensa,Salsa ligera con aceite de girasol Carrefour 500 ml.,"1,52 €","3,04 €/kg",https://www.carrefour.es/supermercado/salsa-ligera-con-aceite-de-girasol-carrefour-500-ml/R-VC4AECOMM-013497/p,https://static.carrefour.es/hd_350x_/img_pim_food/013497_00_1.jpg,Disponible
08-04-2025,20:22:27,La Despensa,Aperitivo de maiz sabor queso Chitos Sensation Carrefour 115 g.,"0,98 €","8,52 €/kg",https://www.carrefour.es/supermercado/aperitivo-de-maiz-sabor-queso-chitos-sensation-carrefour-115-g/R-prod1070123/p,https://static.carrefour.es/hd_350x_/img_pim_food/130116_00_1.jpg,Disponible
08-04-2025,20:22:27,La Despensa,Aperitivo de maíz sabor queso Gustosines Cheetos 75 g.,"1,70 €","22,67 €/kg",https://www.carrefour.es/supermercado/aperitivo-de-maiz-sabor-queso-gustosines-cheetos-75-g/R-VC4AECOMM-549136/p,https://static.carrefour.es/hd_350x_/img_pim_food/549136_00_1.jpg,Disponible
08-04-2025,20:22:27,La Despensa,Cacahuetes tostados con cáscara Original Carrefour 400 g.,"1,52 €","3,80 €/kg",https://www.carrefour.es/supermercado/cacahuetes-tostados-con-cascara-original-carrefour-400-g/R-680501911/p,https://static.carrefour.es/hd_350x_/img_pim_food/062975_00_1.jpg,Disponible
08-04-2025,20:22:27,La Despensa,Pipas de calabaza tostadas y saladas Carrefour 125 g.,"1,55 €","12,40 €/kg",https://www.carrefour.es/supermercado/pipas-de-calabaza-tostadas-y-saladas-carrefour-125-g/R-530363448/p,https://static.carrefour.es/hd_350x_/img_pim_food/168094_00_1.jpg,Disponible
08-04-2025,20:22:27,La Despensa,Tortitas de arroz integrales Sensation Carrefour sin gluten 130 g.,"1,16 €","8,92 €/kg",https://www.carrefour.es/supermercado/tortitas-de-arroz-integrales-sensation-carrefour-sin-gluten-130-g/R-521004537/p,https://static.carrefour.es/hd_350x_/img_pim_food/795907_00_1.jpg,Disponible
08-04-2025,20:22:27,La Despensa,Masa para empanadillas estilo argentino Buitoni 350 g,"2,35 €","6,71 €/kg",https://www.carrefour.es/supermercado/masa-para-empanadillas-estilo-argentino-buitoni-350-g/R-VC4AECOMM-462631/p,https://static.carrefour.es/hd_350x_/img_pim_food/462631_00_1.jpg,Disponible
08-04-2025,20:22:27,La Despensa,Tiburón vegetal Carrefour 500 g.,"0,79 €","1,58 €/kg",https://www.carrefour.es/supermercado/tiburon-vegetal-carrefour-500-g/R-521005651/p,https://static.carrefour.es/hd_350x_/img_pim_food/507045_00_1.jpg,Disponible
08-04-2025,20:22:27,La Despensa,Bífidus natural Danone Activia pack de 8 unidades de 120 g.,"3,89 €","4,05 €/kg",https://www.carrefour.es/supermercado/bifidus-natural-danone-activia-pack-de-8-unidades-de-120-g/R-521029549/p,https://static.carrefour.es/hd_350x_/img_pim_food/534069_00_1.jpg,Disponible
08-04-2025,20:22:27,La Despensa,Ravioli de carne con verduras Carrefour Extra 250 g.,"1,80 €","7,20 €/kg",https://www.carrefour.es/supermercado/ravioli-de-carne-con-verduras-carrefour-extra-250-g/R-prod500129/p,https://static.carrefour.es/hd_350x_/img_pim_food/831744_00_1.jpg,Disponible
08-04-2025,20:22:27,La Despensa,Lentejas a la riojana Original Carrefour 430 g.,"1,35 €","3,14 €/kg",https://www.carrefour.es/supermercado/lentejas-a-la-riojana-original-carrefour-430-g/R-521006729/p,https://static.carrefour.es/hd_350x_/img_pim_food/228296_00_1.jpg,Disponible
08-04-2025,20:23:09,La Despensa,Tallarines Carrefour 1 kg.,"1,24 €","1,24 €/kg",https://www.carrefour.es/supermercado/tallarines-carrefour-1-kg/R-fprod1270190/p,https://static.carrefour.es/hd_350x_/img_pim_food/325856_00_1.jpg,Disponible
08-04-2025,20:23:09,La Despensa,Galletas de mantequillas con tabletas de chocolate negro Carrefour Classic 150 g.,"1,40 €","9,33 €/kg",https://www.carrefour.es/supermercado/galletas-de-mantequillas-con-tabletas-de-chocolate-negro-carrefour-classic-150-g/R-680901948/p,https://static.carrefour.es/hd_350x_/img_pim_food/065534_00_1.jpg,Disponible
08-04-2025,20:23:09,La Despensa,Mayonesa Hellmann's sin gluten tarro 650 ml.,"4,19 €","6,45 €/l",https://www.carrefour.es/supermercado/mayonesa-hellmanns-sin-gluten-tarro-650-ml/R-521029207/p,https://static.carrefour.es/hd_350x_/img_pim_food/598659_00_1.jpg,Disponible
08-04-2025,20:23:09,La Despensa,Flan de huevo sin azúcar añadido Carrefour sin gluten pack de 4 unidades de 100 g.,"1,75 €","4,37 €/kg",https://www.carrefour.es/supermercado/flan-de-huevo-sin-azucar-anadido-carrefour-sin-gluten-pack-de-4-unidades-de-100-g/R-fprod1420215/p,https://static.carrefour.es/hd_350x_/img_pim_food/368627_00_1.jpg,Disponible
08-04-2025,20:23:09,La Despensa,Bífidus con trozos de fresa Danone Activia pack de 4 unidades de 120 g.,"2,89 €","6,02 €/kg",https://www.carrefour.es/supermercado/bifidus-con-trozos-de-fresa-danone-activia-pack-de-4-unidades-de-120-g/R-521029570/p,https://static.carrefour.es/hd_350x_/img_pim_food/018609_00_1.jpg,Disponible
08-04-2025,20:23:09,La Despensa,Café molido Crema e Gusto Lavazza pack de 2 unidades de 250 g.,"9,65 €","19,30 €/kg",https://www.carrefour.es/supermercado/cafe-molido-crema-e-gusto-lavazza-pack-de-2-unidades-de-250-g/R-VC4AECOMM-077317/p,https://static.carrefour.es/hd_350x_/img_pim_food/077317_00_1.jpg,Disponible
08-04-2025,20:23:09,La Despensa,Patatas fritas sabor vinagreta Classic Carrefour 150 g.,"1,10 €","7,33 €/kg",https://www.carrefour.es/supermercado/patatas-fritas-sabor-vinagreta-classic-carrefour-150-g/R-prod1070119/p,https://static.carrefour.es/hd_350x_/img_pim_food/130128_00_1.jpg,Disponible
08-04-2025,20:23:09,La Despensa,Cereales smacks Kellogg's 400 g.,"4,39 €","10,97 €/kg",https://www.carrefour.es/supermercado/cereales-smacks-kelloggs-400-g/R-521003339/p,https://static.carrefour.es/hd_350x_/img_pim_food/001782_00_1.jpg,Disponible
08-04-2025,20:23:09,La Despensa,Pipas peladas y fritas Classic Carrefour 200 g.,"1,08 €","5,40 €/kg",https://www.carrefour.es/supermercado/pipas-peladas-y-fritas-classic-carrefour-200-g/R-VC4AECOMM-729556/p,https://static.carrefour.es/hd_350x_/img_pim_food/729556_00_1.jpg,Disponible
08-04-2025,20:23:09,La Despensa,Regañá El Antequerano 150 g,"1,99 €","13,27 €/kg",https://www.carrefour.es/supermercado/regana-el-antequerano-150-g/R-794720608/p,https://static.carrefour.es/hd_350x_/img_pim_food/895333_00_1.jpg,Disponible
08-04-2025,20:23:09,La Despensa,Chocolate con leche extrafino Carrefour Classic sin gluten pack de 3 tabletas de 150 g.,"4,99 €","11,09 €/kg",https://www.carrefour.es/supermercado/chocolate-con-leche-extrafino-carrefour-classic-sin-gluten-pack-de-3-tabletas-de-150-g/R-521029132/p,https://static.carrefour.es/hd_350x_/img_pim_food/231568_00_1.jpg,Disponible
08-04-2025,20:23:09,La Despensa,Yogur griego con fresas Danone Oikos pack de 4 unidades de 110 g.,"2,85 €","6,48 €/kg",https://www.carrefour.es/supermercado/yogur-griego-con-fresas-danone-oikos-pack-de-4-unidades-de-110-g/R-VC4AECOMM-460092/p,https://static.carrefour.es/hd_350x_/img_pim_food/460092_00_1.jpg,Disponible
08-04-2025,20:23:09,La Despensa,Bizcocho recubierto de frambuesa y chocolate Pims Fontaneda 150 g.,"3,29 €","21,93 €/kg",https://www.carrefour.es/supermercado/bizcocho-recubierto-de-frambuesa-y-chocolate-pims-fontaneda-150-g/R-521002872/p,https://static.carrefour.es/hd_350x_/img_pim_food/498779_00_1.jpg,Disponible
08-04-2025,20:23:09,La Despensa,Maravilla Carrefour 500 g.,"0,79 €","1,58 €/kg",https://www.carrefour.es/supermercado/maravilla-carrefour-500-g/R-544101806/p,https://static.carrefour.es/hd_350x_/img_pim_food/229681_00_1.jpg,Disponible
08-04-2025,20:23:09,La Despensa,Yogur natural Carrefour Classic' pack de 4 unidades de 125 g.,"0,85 €","1,70 €/kg",https://www.carrefour.es/supermercado/yogur-natural-carrefour-classic-pack-de-4-unidades-de-125-g/R-VC4AECOMM-737854/p,https://static.carrefour.es/hd_350x_/img_pim_food/737854_00_1.jpg,Disponible
08-04-2025,20:23:09,La Despensa,Tacos de potón al ajillo Classic Carrefour 65 g.,"1,49 €","22,92 €/kg",https://www.carrefour.es/supermercado/tacos-de-poton-al-ajillo-classic-carrefour-65-g/R-600804508/p,https://static.carrefour.es/hd_350x_/img_pim_food/364397_00_1.jpg,Disponible
08-04-2025,20:23:09,La Despensa,Leche fermentada líquida de lima-limón sin azúcar añadido Danone Danacol sin gluten pack de 6 unidades de 100 g.,"3,45 €","5,75 €/kg",https://www.carrefour.es/supermercado/leche-fermentada-liquida-de-lima-limon-sin-azucar-anadido-danone-danacol-sin-gluten-pack-de-6-unidades-de-100-g/R-839100531/p,https://static.carrefour.es/hd_350x_/img_pim_food/976336_00_1.jpg,Disponible
08-04-2025,20:23:09,La Despensa,Baguettes de jamón y queso Carrefour 250 g.,"1,99 €","7,96 €/kg",https://www.carrefour.es/supermercado/baguettes-de-jamon-y-queso-carrefour-250-g/R-VC4AECOMM-494212/p,https://static.carrefour.es/hd_350x_/img_pim_food/494212_00_1.jpg,Disponible
08-04-2025,20:23:09,La Despensa,Huevos Frescos Carrefour El Mercado 12 ud.,"3,86 €","3,86 €/docena",https://www.carrefour.es/supermercado/huevos-frescos-carrefour-el-mercado-12-ud/R-VC4AECOMM-307925/p,https://static.carrefour.es/hd_350x_/img_pim_food/307925_00_1.jpg,Disponible
08-04-2025,20:23:09,La Despensa,Atún claro al natural Calvo pack de 6 unidades de 56 g.,"7,09 €","21,10 €/kg",https://www.carrefour.es/supermercado/atun-claro-al-natural-calvo-pack-de-6-unidades-de-56-g/R-fprod1370011/p,https://static.carrefour.es/hd_350x_/img_pim_food/345248_00_1.jpg,Disponible
08-04-2025,20:23:09,La Despensa,Café molido natural descafeinado Carrefour Classic 250 g.,"2,55 €","10,20 €/kg",https://www.carrefour.es/supermercado/cafe-molido-natural-descafeinado-carrefour-classic-250-g/R-521003002/p,https://static.carrefour.es/hd_350x_/img_pim_food/236781_00_1.jpg,Disponible
08-04-2025,20:23:09,La Despensa,Corazones de goma sabor a melocotón Carrefour Classic sin gluten 200 g.,"1,62 €","8,10 €/kg",https://www.carrefour.es/supermercado/corazones-de-goma-sabor-a-melocoton-carrefour-classic-sin-gluten-200-g/R-VC4AECOMM-614932/p,https://static.carrefour.es/hd_350x_/img_pim_food/614932_00_1.jpg,Disponible
08-04-2025,20:23:09,La Despensa,Galletas de avena y naranja Digestive Gullón 425 g.,"2,15 €","5,06 €/kg",https://www.carrefour.es/supermercado/galletas-de-avena-y-naranja-digestive-gullon-425-g/R-871400648/p,https://static.carrefour.es/hd_350x_/img_pim_food/182693_00_1.jpg,Disponible
08-04-2025,20:23:09,La Despensa,Postre delicias de trufa Nestlé La Lechera pack de 2 unidades de 125 g.,"1,79 €","7,16 €/kg",https://www.carrefour.es/supermercado/postre-delicias-de-trufa-nestle-la-lechera-pack-de-2-unidades-de-125-g/R-772505553/p,https://static.carrefour.es/hd_350x_/img_pim_food/780199_00_1.jpg,Disponible
08-04-2025,20:23:49,La Despensa,Bífidus con frutos del bosque Danone Activia pack de 4 unidades de 120 g.,"2,89 €","6,02 €/kg",https://www.carrefour.es/supermercado/bifidus-con-frutos-del-bosque-danone-activia-pack-de-4-unidades-de-120-g/R-521029568/p,https://static.carrefour.es/hd_350x_/img_pim_food/002943_00_1.jpg,Disponible
08-04-2025,20:23:49,La Despensa,Palomitas sabor mantequilla para microondas Carrefour pack de 3 bolsas de 100 g.,"1,29 €","4,30 €/kg",https://www.carrefour.es/supermercado/palomitas-sabor-mantequilla-para-microondas-carrefour-pack-de-3-bolsas-de-100-g/R-521003812/p,https://static.carrefour.es/hd_350x_/img_pim_food/794754_00_1.jpg,Disponible
08-04-2025,20:23:49,La Despensa,Masa para empanadillas y postres Buitoni 280 g.,"1,99 €","7,11 €/kg",https://www.carrefour.es/supermercado/masa-para-empanadillas-y-postres-buitoni-280-g/R-521030336/p,https://static.carrefour.es/hd_350x_/img_pim_food/041508_00_1.jpg,Disponible
08-04-2025,20:23:49,La Despensa,Leche desnatada ecológica Carrefour Bio brik 1 l.,"1,19 €","1,19 €/l",https://www.carrefour.es/supermercado/leche-desnatada-ecologica-carrefour-bio-brik-1-l/R-851400476/p,https://static.carrefour.es/hd_350x_/img_pim_food/055885_00_1.jpg,Disponible
08-04-2025,20:23:49,La Despensa,Galletas Digestive Zero Gullón sin azúcar 300 g.,"2,19 €","7,30 €/kg",https://www.carrefour.es/supermercado/galletas-digestive-zero-gullon-sin-azucar-300-g/R-prod1150130/p,https://static.carrefour.es/hd_350x_/img_pim_food/395089_00_1.jpg,Disponible
08-04-2025,20:23:49,La Despensa,Anchoas en aceite de oliva Consorcio 50 g.,"3,25 €","112,07 €/kg",https://www.carrefour.es/supermercado/anchoas-en-aceite-de-oliva-consorcio-50-g/R-521029288/p,https://static.carrefour.es/hd_350x_/img_pim_food/167164_00_1.jpg,Disponible
08-04-2025,20:23:49,La Despensa,Café molido natural Gran Aroma Marcilla 500 g.,"8,89 €","17,78 €/kg",https://www.carrefour.es/supermercado/cafe-molido-natural-gran-aroma-marcilla-500-g/R-804323778/p,https://static.carrefour.es/hd_350x_/img_pim_food/912144_00_1.jpg,Disponible
08-04-2025,20:23:49,La Despensa,Picos Gourmet Carrefour 130 g,"1,47 €","11,31 €/kg",https://www.carrefour.es/supermercado/picos-gourmet-carrefour-130-g/R-fprod1460427/p,https://static.carrefour.es/hd_350x_/img_pim_food/399651_00_1.jpg,Disponible
08-04-2025,20:23:49,La Despensa,Leche fermentada natural Carrefour No Lactosa sin lactosa pack de 4 unidades de 125 g.,"1,42 €","2,84 €/kg",https://www.carrefour.es/supermercado/leche-fermentada-natural-carrefour-no-lactosa-sin-lactosa-pack-de-4-unidades-de-125-g/R-849000342/p,https://static.carrefour.es/hd_350x_/img_pim_food/012956_00_1.jpg,Disponible
08-04-2025,20:23:49,La Despensa,Batido de cacao Carrefour sin gluten botella 1 l.,"1,25 €","1,25 €/l",https://www.carrefour.es/supermercado/batido-de-cacao-carrefour-sin-gluten-botella-1-l/R-819256512/p,https://static.carrefour.es/hd_350x_/img_pim_food/949064_00_1.jpg,Disponible
08-04-2025,20:23:49,La Despensa,Patatas fritas al punto de sal Horno Lay's 150 g.,"2,25 €",15 €/kg,https://www.carrefour.es/supermercado/patatas-fritas-al-punto-de-sal-horno-lays-150-g/R-521009468/p,https://static.carrefour.es/hd_350x_/img_pim_food/799985_00_1.jpg,Disponible
08-04-2025,20:23:49,La Despensa,Bífidus con trozos de frutos rojos Carrefour pack de 4 unidades de 125 g.,"1,29 €","2,58 €/kg",https://www.carrefour.es/supermercado/bifidus-con-trozos-de-frutos-rojos-carrefour-pack-de-4-unidades-de-125-g/R-521029566/p,https://static.carrefour.es/hd_350x_/img_pim_food/233193_00_1.jpg,Disponible
08-04-2025,20:23:49,La Despensa,Bizcochos chocolate con leche Cake&Choc Milka 175 g.,"3,39 €","19,37 €/kg",https://www.carrefour.es/supermercado/bizcochos-chocolate-con-leche-cakechoc-milka-175-g/R-VC4AECOMM-246106/p,https://static.carrefour.es/hd_350x_/img_pim_food/246106_00_1.jpg,Disponible
08-04-2025,20:23:49,La Despensa,Pasas sultanas Carrefour 350 g.,"2,45 €",7 €/kg,https://www.carrefour.es/supermercado/pasas-sultanas-carrefour-350-g/R-VC4AECOMM-594762/p,https://static.carrefour.es/hd_350x_/img_pim_food/594762_00_1.jpg,Disponible
08-04-2025,20:23:49,La Despensa,Tortitas de maíz sabor jamón ibérico Bicentury 70 g.,"1,78 €","25,43 €/kg",https://www.carrefour.es/supermercado/tortitas-de-maiz-sabor-jamon-iberico-bicentury-70-g/R-698809885/p,https://static.carrefour.es/hd_350x_/img_pim_food/327527_00_1.jpg,Disponible
08-04-2025,20:23:49,La Despensa,Bebida de almendra plus sin azúcar Vivesoy 1 l.,"2,19 €","2,19 €/l",https://www.carrefour.es/supermercado/bebida-de-almendra-plus-sin-azucar-vivesoy-1-l/R-VC4AECOMM-314218/p,https://static.carrefour.es/hd_350x_/img_pim_food/314218_00_1.jpg,Disponible
08-04-2025,20:23:49,La Despensa,Harina de maíz fina Maizena sin gluten 400 g.,"3,25 €","8,12 €/kg",https://www.carrefour.es/supermercado/harina-de-maiz-fina-maizena-sin-gluten-400-g/R-791104630/p,https://static.carrefour.es/hd_350x_/img_pim_food/886576_00_1.jpg,Disponible
08-04-2025,20:23:49,La Despensa,Napolitanas rellenas de crema Carrefour Classic 320 g.,"1,55 €","4,84 €/kg",https://www.carrefour.es/supermercado/napolitanas-rellenas-de-crema-carrefour-classic-320-g/R-522714945/p,https://static.carrefour.es/hd_350x_/img_pim_food/752846_00_1.jpg,Disponible
08-04-2025,20:23:49,La Despensa,Chocolate a la taza listo para tomar Ram sin gluten brik 1 l.,"2,69 €","2,69 €/l",https://www.carrefour.es/supermercado/chocolate-a-la-taza-listo-para-tomar-ram-sin-gluten-brik-1-l/R-521007105/p,https://static.carrefour.es/hd_350x_/img_pim_food/003268_00_1.jpg,Disponible
08-04-2025,20:23:49,La Despensa,Xuxo bombón relleno sabor crema Don Bimbo 3 ud.,"3,85 €","16,04 €/kg",https://www.carrefour.es/supermercado/xuxo-bombon-relleno-sabor-crema-don-bimbo-3-ud/R-VC4AECOMM-673580/p,https://static.carrefour.es/hd_350x_/img_pim_food/673580_00_1.jpg,Disponible
08-04-2025,20:23:49,La Despensa,Pan de molde centeno Original Carrefour si lactosa 675 g.,"2,29 €","3,39 €/kg",https://www.carrefour.es/supermercado/pan-de-molde-centeno-original-carrefour-si-lactosa-675-g/R-VC4AECOMM-744293/p,https://static.carrefour.es/hd_350x_/img_pim_food/744293_00_1.jpg,Disponible
08-04-2025,20:23:49,La Despensa,Arroz integral para microondas Brillante pack de 2 unidades de 125 g.,"1,25 €",5 €/kg,https://www.carrefour.es/supermercado/arroz-integral-para-microondas-brillante-pack-de-2-unidades-de-125-g/R-521005544/p,https://static.carrefour.es/hd_350x_/img_pim_food/580798_00_1.jpg,Disponible
08-04-2025,20:23:49,La Despensa,Fingers Recetas Crujientes La Cocinera 320 g.,"5,55 €","17,34 €/kg",https://www.carrefour.es/supermercado/fingers-recetas-crujientes-la-cocinera-320-g/R-679501813/p,https://static.carrefour.es/hd_350x_/img_pim_food/057683_00_1.jpg,Disponible
08-04-2025,20:23:49,La Despensa,Aceite de oliva virgen serie oro Coosur 1 l.,"7,69 €","7,69 €/l",https://www.carrefour.es/supermercado/aceite-de-oliva-virgen-serie-oro-coosur-1-l/R-VC4AECOMM-484256/p,https://static.carrefour.es/hd_350x_/img_pim_food/484256_00_1.jpg,Disponible
08-04-2025,20:24:31,La Despensa,Picatostes fritos sabor a ajo Carrefour 75 g.,"0,60 €",8 €/kg,https://www.carrefour.es/supermercado/picatostes-fritos-sabor-a-ajo-carrefour-75-g/R-760342171/p,https://static.carrefour.es/hd_350x_/img_pim_food/752118_00_1.jpg,Disponible
08-04-2025,20:24:31,La Despensa,Bífidus cremoso de lima y limón Danone Activia pack de 4 unidades de 115 g.,"2,39 €","5,20 €/kg",https://www.carrefour.es/supermercado/bifidus-cremoso-de-lima-y-limon-danone-activia-pack-de-4-unidades-de-115-g/R-759609169/p,https://static.carrefour.es/hd_350x_/img_pim_food/768139_00_1.jpg,Disponible
08-04-2025,20:24:31,La Despensa,Salsa barbacoa Carrefour envase 400 g.,"1,28 €","3,20 €/kg",https://www.carrefour.es/supermercado/salsa-barbacoa-carrefour-envase-400-g/R-prod860523/p,https://static.carrefour.es/hd_350x_/img_pim_food/389941_00_1.jpg,Disponible
08-04-2025,20:24:31,La Despensa,Crackers original Tuc 100 g.,"1,22 €","12,20 €/kg",https://www.carrefour.es/supermercado/crackers-original-tuc-100-g/R-521003838/p,https://static.carrefour.es/hd_350x_/img_pim_food/002723_00_1.jpg,Disponible
08-04-2025,20:24:31,La Despensa,Pan de molde rebanada estilo artesano brioche sabor a mantequilla Bimbo 500 g.,"3,05 €","6,10 €/kg",https://www.carrefour.es/supermercado/pan-de-molde-rebanada-estilo-artesano-brioche-sabor-a-mantequilla-bimbo-500-g/R-VC4AECOMM-556161/p,https://static.carrefour.es/hd_350x_/img_pim_food/556161_00_1.jpg,Disponible
08-04-2025,20:24:31,La Despensa,Bonito del norte en aceite de oliva Consorcio 82 g.,"3,35 €","41,87 €/kg",https://www.carrefour.es/supermercado/bonito-del-norte-en-aceite-de-oliva-consorcio-82-g/R-618801595/p,https://static.carrefour.es/hd_350x_/img_pim_food/097201_00_1.jpg,Disponible
08-04-2025,20:24:31,La Despensa,Almendras tostada y salada con piel Carrefour 200 g.,"3,15 €","15,75 €/kg",https://www.carrefour.es/supermercado/almendras-tostada-y-salada-con-piel-carrefour-200-g/R-521008644/p,https://static.carrefour.es/hd_350x_/img_pim_food/646297_00_1.jpg,Disponible
08-04-2025,20:24:31,La Despensa,Pimientos de piquillo asados Carrefour 350 g.,"1,82 €","5,20 €/kg",https://www.carrefour.es/supermercado/pimientos-de-piquillo-asados-carrefour-350-g/R-prod270250/p,https://static.carrefour.es/hd_350x_/img_pim_food/090367_00_1.jpg,Disponible
08-04-2025,20:24:31,La Despensa,Pan de molde con cereales y semillas Carrefour Classic sin gluten 350 g.,"2,03 €","5,80 €/kg",https://www.carrefour.es/supermercado/pan-de-molde-con-cereales-y-semillas-carrefour-classic-sin-gluten-350-g/R-VC4AECOMM-178467/p,https://static.carrefour.es/hd_350x_/img_pim_food/178467_00_1.jpg,Disponible
08-04-2025,20:24:31,La Despensa,Pannini 4 quesos Dr. Oetker 250 g.,"3,25 €",13 €/kg,https://www.carrefour.es/supermercado/pannini-4-quesos-dr-oetker-250-g/R-521034377/p,https://static.carrefour.es/hd_350x_/img_pim_food/481058_00_1.jpg,Disponible
08-04-2025,20:24:31,La Despensa,Pizza de atún y bacon Casa Tarradellas 405 g.,"3,29 €","8,12 €/kg",https://www.carrefour.es/supermercado/pizza-de-atun-y-bacon-casa-tarradellas-405-g/R-521030235/p,https://static.carrefour.es/hd_350x_/img_pim_food/051246_00_1.jpg,Disponible
08-04-2025,20:24:31,La Despensa,Berberechos al natural Dani 90 g.,"4,39 €","48,78 €/kg",https://www.carrefour.es/supermercado/berberechos-al-natural-dani-90-g/R-521006454/p,https://static.carrefour.es/hd_350x_/img_pim_food/606984_00_1.jpg,Disponible
08-04-2025,20:24:31,La Despensa,Salsa Cesar para ensaladas Carrefour Classic sin gluten envase 300 g.,"1,16 €","3,87 €/kg",https://www.carrefour.es/supermercado/salsa-cesar-para-ensaladas-carrefour-classic-sin-gluten-envase-300-g/R-551802051/p,https://static.carrefour.es/hd_350x_/img_pim_food/247396_00_1.jpg,Disponible
08-04-2025,20:24:31,La Despensa,Galletas mini campurrianas Cuétara 260 g.,"1,20 €",4 €/kg,https://www.carrefour.es/supermercado/galletas-mini-campurrianas-cuetara-260-g/R-768101405/p,https://static.carrefour.es/hd_350x_/img_pim_food/776186_00_1.jpg,Disponible
08-04-2025,20:24:31,La Despensa,Pizza carbonara Pizza & Salsa Campofrío 360 g.,"3,05 €","8,47 €/kg",https://www.carrefour.es/supermercado/pizza-carbonara-pizza-salsa-campofrio-360-g/R-675801637/p,https://static.carrefour.es/hd_350x_/img_pim_food/032229_00_1.jpg,Disponible
08-04-2025,20:24:31,La Despensa,Yogur con melocotón Nestlé La Lechera pack de 2 unidades de 125 g.,"1,37 €","5,48 €/kg",https://www.carrefour.es/supermercado/yogur-con-melocoton-nestle-la-lechera-pack-de-2-unidades-de-125-g/R-521029809/p,https://static.carrefour.es/hd_350x_/img_pim_food/520947_00_1.jpg,Disponible
08-04-2025,20:24:31,La Despensa,Muesli crujiente Carrefour Sensation sin azúcar añadido 500 g.,"1,99 €","3,98 €/kg",https://www.carrefour.es/supermercado/muesli-crujiente-carrefour-sensation-sin-azucar-anadido-500-g/R-VC4AECOMM-108107/p,https://static.carrefour.es/hd_350x_/img_pim_food/108107_00_1.jpg,Disponible
08-04-2025,20:24:31,La Despensa,Café latte cappuccino Nescafé sin gluten 205 ml.,"1,61 €","7,85 €/l",https://www.carrefour.es/supermercado/cafe-latte-cappuccino-nescafe-sin-gluten-205-ml/R-773908272/p,https://static.carrefour.es/hd_350x_/img_pim_food/781233_00_1.jpg,Disponible
08-04-2025,20:24:31,La Despensa,Petit Nestlé Nesquik sin gluten pack de 6 unidades de 60 g.,"1,81 €","5,03 €/kg",https://www.carrefour.es/supermercado/petit-nestle-nesquik-sin-gluten-pack-de-6-unidades-de-60-g/R-521029742/p,https://static.carrefour.es/hd_350x_/img_pim_food/041288_00_1.jpg,Disponible
08-04-2025,20:24:31,La Despensa,Galletas María dorada Gullón pack de 3 unidades de 200 g.,"2,19 €","3,65 €/kg",https://www.carrefour.es/supermercado/galletas-maria-dorada-gullon-pack-de-3-unidades-de-200-g/R-521002690/p,https://static.carrefour.es/hd_350x_/img_pim_food/483190_00_1.jpg,Agotado temporalmente
08-04-2025,20:24:31,La Despensa,Pipas Tijuana Grefusa 175 g.,"2,25 €","12,86 €/kg",https://www.carrefour.es/supermercado/pipas-tijuana-grefusa-175-g/R-VC4AECOMM-302466/p,https://static.carrefour.es/hd_350x_/img_pim_food/302466_00_1.jpg,Disponible
08-04-2025,20:24:31,La Despensa,Tortita de pollo y quesos fundidos Aldelís 270 g.,"3,09 €","11,44 €/kg",https://www.carrefour.es/supermercado/tortita-de-pollo-y-quesos-fundidos-aldelis-270-g/R-VC4AECOMM-252488/p,https://static.carrefour.es/hd_350x_/img_pim_food/252488_00_1.jpg,Disponible
08-04-2025,20:24:31,La Despensa,Leche entera Pascual sin lactosa brik 1 l.,,"1,39 €/l",https://www.carrefour.es/supermercado/leche-entera-pascual-sin-lactosa-brik-1-l/R-666301781/p,https://static.carrefour.es/hd_350x_/img_pim_food/323816_00_1.jpg,Disponible
08-04-2025,20:24:31,La Despensa,Croquetas mini de jamón Carrefour Classic 500 g.,"1,35 €","2,70 €/kg",https://www.carrefour.es/supermercado/croquetas-mini-de-jamon-carrefour-classic-500-g/R-VC4AECOMM-690567/p,https://static.carrefour.es/hd_350x_/img_pim_food/690567_00_1.jpg,Disponible
08-04-2025,20:25:13,La Despensa,Pan de molde Carrefour Classic sin gluten 350 g.,"1,94 €","5,54 €/kg",https://www.carrefour.es/supermercado/pan-de-molde-carrefour-classic-sin-gluten-350-g/R-870200674/p,https://static.carrefour.es/hd_350x_/img_pim_food/178452_00_1.jpg,Disponible
08-04-2025,20:25:13,La Despensa,Porciones vegetarianas a base de proteína de soja y gluten de trigo Garden Gourmet 180 g.,"3,55 €","19,72 €/kg",https://www.carrefour.es/supermercado/porciones-vegetarianas-a-base-de-proteina-de-soja-y-gluten-de-trigo-garden-gourmet-180-g/R-prod850215/p,https://static.carrefour.es/hd_350x_/img_pim_food/377301_00_1.jpg,Disponible
08-04-2025,20:25:13,La Despensa,"Ajetes, Trigueros, Gambas Carrefour 450 g.","2,89 €","6,42 €/kg",https://www.carrefour.es/supermercado/ajetes-trigueros-gambas-carrefour-450-g/R-521031697/p,https://static.carrefour.es/hd_350x_/img_pim_food/796218_00_1.jpg,Disponible
08-04-2025,20:25:13,La Despensa,Leche semidesnatada Vita Calcio Puleva sin lactosa brik 1 l.,,"1,29 €/l",https://www.carrefour.es/supermercado/leche-semidesnatada-vita-calcio-puleva-sin-lactosa-brik-1-l/R-prod420051/p,https://static.carrefour.es/hd_350x_/img_pim_food/822411_00_1.jpg,Disponible
08-04-2025,20:25:13,La Despensa,"Leche entera Pascual botella 1,5 l.","1,99 €","1,33 €/l",https://www.carrefour.es/supermercado/leche-entera-pascual-botella-15-l/R-VC4AECOMM-481198/p,https://static.carrefour.es/hd_350x_/img_pim_food/481198_00_1.jpg,Disponible
08-04-2025,20:25:13,La Despensa,Galletas María Gullón Zero sin azúcar 400 g.,"2,65 €","6,62 €/kg",https://www.carrefour.es/supermercado/galletas-maria-gullon-zero-sin-azucar-400-g/R-521002757/p,https://static.carrefour.es/hd_350x_/img_pim_food/442035_00_1.jpg,Disponible
08-04-2025,20:25:13,La Despensa,Nuez cascara Carrefour granel 500 g aprox,"2,84 €","5,69 €/kg",https://www.carrefour.es/supermercado/nuez-cascara-carrefour-granel-500-g-aprox/R-prod1130668/p,https://static.carrefour.es/hd_350x_/img_pim_food/190776_00_1.jpg,Disponible
08-04-2025,20:25:13,La Despensa,Yogur sabor  limón Carrefour Classic' pack de 4 unidades de 125 g.,"0,74 €","1,48 €/kg",https://www.carrefour.es/supermercado/yogur-sabor-limon-carrefour-classic-pack-de-4-unidades-de-125-g/R-VC4AECOMM-373215/p,https://static.carrefour.es/hd_350x_/img_pim_food/373215_00_1.jpg,Disponible
08-04-2025,20:25:13,La Despensa,Pan de molde 100% integral de trigo sin corteza Carrefour Classic´ sin lactosa y sin azúcar añadido 450 g.,"1,21 €","2,69 €/kg",https://www.carrefour.es/supermercado/pan-de-molde-100-integral-de-trigo-sin-corteza-carrefour-classic-sin-lactosa-y-sin-azucar-anadido-450-g/R-VC4AECOMM-302205/p,https://static.carrefour.es/hd_350x_/img_pim_food/302205_00_1.jpg,Disponible
08-04-2025,20:25:13,La Despensa,Bebida de soja sin azúcar añadido ecológica Carrefour Bio sin gluten Brik 1 l.,"1,21 €","1,21 €/l",https://www.carrefour.es/supermercado/bebida-de-soja-sin-azucar-anadido-ecologica-carrefour-bio-sin-gluten-brik-1-l/R-VC4AECOMM-580537/p,https://static.carrefour.es/hd_350x_/img_pim_food/580537_00_1.jpg,Disponible
08-04-2025,20:25:13,La Despensa,Galletas de cereales con chocolate con leche Dinosaurus Artiach 255 g.,"3,85 €","15,10 €/kg",https://www.carrefour.es/supermercado/galletas-de-cereales-con-chocolate-con-leche-dinosaurus-artiach-255-g/R-VC4AECOMM-246667/p,https://static.carrefour.es/hd_350x_/img_pim_food/246667_00_1.jpg,Disponible
08-04-2025,20:25:13,La Despensa,Macedonia de verduras sin sal añadida Classic Carrefour 320 g.,"0,88 €","2,75 €/kg",https://www.carrefour.es/supermercado/macedonia-de-verduras-sin-sal-anadida-classic-carrefour-320-g/R-fprod1190238/p,https://static.carrefour.es/hd_350x_/img_pim_food/238492_00_1.jpg,Disponible
08-04-2025,20:25:13,La Despensa,Aros de chocolate negro Carrefour 128 g.,"1,15 €","8,98 €/kg",https://www.carrefour.es/supermercado/aros-de-chocolate-negro-carrefour-128-g/R-521002820/p,https://static.carrefour.es/hd_350x_/img_pim_food/228285_00_1.jpg,Disponible
08-04-2025,20:25:13,La Despensa,Almejones al natural Carrefour 63 g.,"1,18 €","18,73 €/kg",https://www.carrefour.es/supermercado/almejones-al-natural-carrefour-63-g/R-VC4AECOMM-420489/p,https://static.carrefour.es/hd_350x_/img_pim_food/420489_00_1.jpg,Disponible
08-04-2025,20:25:13,La Despensa,Cañas rellenas de crema al cacao Carrefour Classic 380 g.,"2,15 €","5,66 €/kg",https://www.carrefour.es/supermercado/canas-rellenas-de-crema-al-cacao-carrefour-classic-380-g/R-786081637/p,https://static.carrefour.es/hd_350x_/img_pim_food/877641_00_1.jpg,Disponible
08-04-2025,20:25:13,La Despensa,Fideo nº4 Gallo 450 g.,"1,45 €","3,22 €/kg",https://www.carrefour.es/supermercado/fideo-n4-gallo-450-g/R-VC4AECOMM-556415/p,https://static.carrefour.es/hd_350x_/img_pim_food/556415_00_1.jpg,Disponible
08-04-2025,20:25:13,La Despensa,Guisantes extrafinos Classic Carrefour 230 g.,"1,17 €","5,09 €/kg",https://www.carrefour.es/supermercado/guisantes-extrafinos-classic-carrefour-230-g/R-681602162/p,https://static.carrefour.es/hd_350x_/img_pim_food/067754_00_1.jpg,Disponible
08-04-2025,20:25:13,La Despensa,Pizza boloñesa Ristorante Dr. Oetker 375 g,"3,75 €",10 €/kg,https://www.carrefour.es/supermercado/pizza-bolonesa-ristorante-dr-oetker-375-g/R-674401710/p,https://static.carrefour.es/hd_350x_/img_pim_food/014368_00_1.jpg,Disponible
08-04-2025,20:25:13,La Despensa,Café cápsulas intenso Carrefour Extra compatible con Dolce Gusto 16 unidades de 7 g.,"3,55 €","0,22 €/ud",https://www.carrefour.es/supermercado/cafe-capsulas-intenso-carrefour-extra-compatible-con-dolce-gusto-16-unidades-de-7-g/R-fprod1280761/p,https://static.carrefour.es/hd_350x_/img_pim_food/331366_00_1.jpg,Disponible
08-04-2025,20:25:13,La Despensa,Patatas fritas onduladas sabor queso curado Sensation Carrefour sin guten 150 g.,"1,39 €","9,27 €/kg",https://www.carrefour.es/supermercado/patatas-fritas-onduladas-sabor-queso-curado-sensation-carrefour-sin-guten-150-g/R-VC4AECOMM-239547/p,https://static.carrefour.es/hd_350x_/img_pim_food/239547_00_1.jpg,Disponible
08-04-2025,20:25:13,La Despensa,Sazonador para fajitas suave Old El Paso 35 g.,"1,47 €",42 €/kg,https://www.carrefour.es/supermercado/sazonador-para-fajitas-suave-old-el-paso-35-g/R-521033548/p,https://static.carrefour.es/hd_350x_/img_pim_food/011556_00_1.jpg,Disponible
08-04-2025,20:25:13,La Despensa,Flan de huevo al baño María Dhul sin gluten pack de 4 unidades de 110 g.,"2,85 €","6,48 €/kg",https://www.carrefour.es/supermercado/flan-de-huevo-al-bano-maria-dhul-sin-gluten-pack-de-4-unidades-de-110-g/R-521029831/p,https://static.carrefour.es/hd_350x_/img_pim_food/002979_00_1.jpg,Disponible
08-04-2025,20:25:13,La Despensa,Chicles sabor menta Orbit sin azúcar 64 g.,"3,69 €","57,66 €/kg",https://www.carrefour.es/supermercado/chicles-sabor-menta-orbit-sin-azucar-64-g/R-VC4AECOMM-388280/p,https://static.carrefour.es/hd_350x_/img_pim_food/388280_00_1.jpg,Disponible
08-04-2025,20:25:13,La Despensa,Aceitunas verdes manzanilla sin hueso Carrefour 400 g.,"2,75 €","6,87 €/kg",https://www.carrefour.es/supermercado/aceitunas-verdes-manzanilla-sin-hueso-carrefour-400-g/R-VC4AECOMM-488058/p,https://static.carrefour.es/hd_350x_/img_pim_food/488058_00_1.jpg,Disponible
08-04-2025,20:25:53,La Despensa,Chocolate negro con avellanas enteras Carrefour Extra sin gluten 200 g.,"2,69 €","13,45 €/kg",https://www.carrefour.es/supermercado/chocolate-negro-con-avellanas-enteras-carrefour-extra-sin-gluten-200-g/R-VC4AECOMM-482725/p,https://static.carrefour.es/hd_350x_/img_pim_food/482725_00_1.jpg,Disponible
08-04-2025,20:25:53,La Despensa,Alubias rojas cocidas Classic Carrefour 400 g.,"1,15 €","2,87 €/kg",https://www.carrefour.es/supermercado/alubias-rojas-cocidas-classic-carrefour-400-g/R-VC4AECOMM-784128/p,https://static.carrefour.es/hd_350x_/img_pim_food/784128_00_1.jpg,Disponible
08-04-2025,20:25:53,La Despensa,Sardinillas con tomate Classic Carrefour pack de 2 unidades de 65 g.,"1,60 €","12,31 €/kg",https://www.carrefour.es/supermercado/sardinillas-con-tomate-classic-carrefour-pack-de-2-unidades-de-65-g/R-prod590525/p,https://static.carrefour.es/hd_350x_/img_pim_food/839320_00_1.jpg,Disponible
08-04-2025,20:25:53,La Despensa,Noodles sabor pollo Carrefour 85 g.,"0,81 €","9,53 €/kg",https://www.carrefour.es/supermercado/noodles-sabor-pollo-carrefour-85-g/R-804031947/p,https://static.carrefour.es/hd_350x_/img_pim_food/911145_00_1.jpg,Disponible
08-04-2025,20:25:53,La Despensa,Caldo de carne Knorr sin gluten 24 pastillas,"2,79 €","11,62 €/kg",https://www.carrefour.es/supermercado/caldo-de-carne-knorr-sin-gluten-24-pastillas/R-527030308/p,https://static.carrefour.es/hd_350x_/img_pim_food/002377_00_1.jpg,Disponible
08-04-2025,20:25:53,La Despensa,Galletas doradas al horno Zero Gullón sin azúcar 330 g.,"3,25 €","9,85 €/kg",https://www.carrefour.es/supermercado/galletas-doradas-al-horno-zero-gullon-sin-azucar-330-g/R-521002759/p,https://static.carrefour.es/hd_350x_/img_pim_food/442037_00_1.jpg,Disponible
08-04-2025,20:25:53,La Despensa,Colines saladitos Carrefour 250 g.,"1,11 €","4,44 €/kg",https://www.carrefour.es/supermercado/colines-saladitos-carrefour-250-g/R-fprod1360295/p,https://static.carrefour.es/hd_350x_/img_pim_food/342027_00_1.jpg,Disponible
08-04-2025,20:25:53,La Despensa,Tortitas de arroz integrales con chocolate blanco aroma yogur Carrefour 130 g.,"2,09 €","16,08 €/kg",https://www.carrefour.es/supermercado/tortitas-de-arroz-integrales-con-chocolate-blanco-aroma-yogur-carrefour-130-g/R-602801602/p,https://static.carrefour.es/hd_350x_/img_pim_food/371222_00_1.jpg,Disponible
08-04-2025,20:25:53,La Despensa,Perejil hoja Carrefour Classic 10 g.,"0,51 €",51 €/kg,https://www.carrefour.es/supermercado/perejil-hoja-carrefour-classic-10-g/R-prod710300/p,https://static.carrefour.es/hd_350x_/img_pim_food/851268_00_1.jpg,Disponible
08-04-2025,20:25:53,La Despensa,Radiatori Garofalo 500 g.,"1,86 €","3,72 €/kg",https://www.carrefour.es/supermercado/radiatori-garofalo-500-g/R-793104322/p,https://static.carrefour.es/hd_350x_/img_pim_food/891429_00_1.jpg,Disponible
08-04-2025,20:25:53,La Despensa,Bífidus natural Carrefour Classic sin azúcares añadidos pack de 6 unidades de 125 g.,"1,11 €","1,48 €/kg",https://www.carrefour.es/supermercado/bifidus-natural-carrefour-classic-sin-azucares-anadidos-pack-de-6-unidades-de-125-g/R-VC4AECOMM-351242/p,https://static.carrefour.es/hd_350x_/img_pim_food/351242_00_1.jpg,Disponible
08-04-2025,20:25:53,La Despensa,Cereales Special K classic Kellogg´s 700 g.,"4,89 €","6,99 €/kg",https://www.carrefour.es/supermercado/cereales-special-k-classic-kelloggs-700-g/R-521029093/p,https://static.carrefour.es/hd_350x_/img_pim_food/559238_00_1.jpg,Disponible
08-04-2025,20:25:53,La Despensa,Aceite de oliva virgen extra Maestros de Hojiblanca 1 l.,"8,29 €","8,29 €/l",https://www.carrefour.es/supermercado/aceite-de-oliva-virgen-extra-maestros-de-hojiblanca-1-l/R-520660337/p,https://static.carrefour.es/hd_350x_/img_pim_food/113505_00_1.jpg,Disponible
08-04-2025,20:25:53,La Despensa,Edulcorante líquido Carrefour 300 ml.,"1,63 €","5,43 €/l",https://www.carrefour.es/supermercado/edulcorante-liquido-carrefour-300-ml/R-550701664/p,https://static.carrefour.es/hd_350x_/img_pim_food/257631_00_1.jpg,Disponible
08-04-2025,20:25:53,La Despensa,Leche condensada entera Classic Carrefour 1 kg.,"3,59 €","3,59 €/kg",https://www.carrefour.es/supermercado/leche-condensada-entera-classic-carrefour-1-kg/R-VC4AECOMM-599715/p,https://static.carrefour.es/hd_350x_/img_pim_food/599715_00_1.jpg,Disponible
08-04-2025,20:25:53,La Despensa,Hogaza de pan Carrefour 500 g.,"1,81 €","3,62 €/kg",https://www.carrefour.es/supermercado/hogaza-de-pan-carrefour-500-g/R-VC4AECOMM-436826/p,https://static.carrefour.es/hd_350x_/img_pim_food/436826_00_1.jpg,Disponible
08-04-2025,20:25:53,La Despensa,Filete de melva en aceite de oliva Extra Carrefour 85 g.,"2,05 €","24,12 €/kg",https://www.carrefour.es/supermercado/filete-de-melva-en-aceite-de-oliva-extra-carrefour-85-g/R-VC4AECOMM-127515/p,https://static.carrefour.es/hd_350x_/img_pim_food/127515_00_1.jpg,Disponible
08-04-2025,20:25:53,La Despensa,Aperitivo de patata sabor original Dipster Carrefour 175 g.,"1,99 €","11,71 €/kg",https://www.carrefour.es/supermercado/aperitivo-de-patata-sabor-original-dipster-carrefour-175-g/R-521003735/p,https://static.carrefour.es/hd_350x_/img_pim_food/794207_00_1.jpg,Disponible
08-04-2025,20:25:53,La Despensa,Aperitivo de patata sabor paprika Pringles 185 g.,"2,85 €","15,41 €/kg",https://www.carrefour.es/supermercado/aperitivo-de-patata-sabor-paprika-pringles-185-g/R-VC4AECOMM-142084/p,https://static.carrefour.es/hd_350x_/img_pim_food/142084_00_1.jpg,Disponible
08-04-2025,20:25:53,La Despensa,Pimienta negra molida Carrefour 45 g.,"0,86 €","19,11 €/kg",https://www.carrefour.es/supermercado/pimienta-negra-molida-carrefour-45-g/R-prod710285/p,https://static.carrefour.es/hd_350x_/img_pim_food/851260_00_1.jpg,Disponible
08-04-2025,20:25:53,La Despensa,Pasta espirales tricolor Carrefour Classic 1 kg.,"1,63 €","1,63 €/kg",https://www.carrefour.es/supermercado/pasta-espirales-tricolor-carrefour-classic-1-kg/R-fprod1270193/p,https://static.carrefour.es/hd_350x_/img_pim_food/325857_00_1.jpg,Disponible
08-04-2025,20:25:53,La Despensa,Pasta spaghetti fino Gallo 450 g.,"1,45 €","3,22 €/kg",https://www.carrefour.es/supermercado/pasta-spaghetti-fino-gallo-450-g/R-VC4AECOMM-636268/p,https://static.carrefour.es/hd_350x_/img_pim_food/636268_00_1.jpg,Disponible
08-04-2025,20:25:53,La Despensa,Mini barrita de chocolate con corazón de leche Carrefour Classic' 200 g.,"2,19 €","10,95 €/kg",https://www.carrefour.es/supermercado/mini-barrita-de-chocolate-con-corazon-de-leche-carrefour-classic-200-g/R-788192016/p,https://static.carrefour.es/hd_350x_/img_pim_food/882595_00_1.jpg,Disponible
08-04-2025,20:25:53,La Despensa,Pizza de atún Carrefour 350 g.,"2,25 €","6,43 €/kg",https://www.carrefour.es/supermercado/pizza-de-atun-carrefour-350-g/R-prod590834/p,https://static.carrefour.es/hd_350x_/img_pim_food/840568_00_1.jpg,Disponible
08-04-2025,20:26:36,La Despensa,Pasta espagueti integral Carrefour Classic 500 g.,"1,11 €","2,22 €/kg",https://www.carrefour.es/supermercado/pasta-espagueti-integral-carrefour-classic-500-g/R-521005696/p,https://static.carrefour.es/hd_350x_/img_pim_food/447234_00_1.jpg,Disponible
08-04-2025,20:26:36,La Despensa,Nuggets Recetas Crujientes La Cocinera 350 g.,"4,95 €","14,14 €/kg",https://www.carrefour.es/supermercado/nuggets-recetas-crujientes-la-cocinera-350-g/R-521031494/p,https://static.carrefour.es/hd_350x_/img_pim_food/119358_00_1.jpg,Disponible
08-04-2025,20:26:36,La Despensa,Macarrones integrales Carrefour 500 g.,"1,11 €","2,22 €/kg",https://www.carrefour.es/supermercado/macarrones-integrales-carrefour-500-g/R-521008433/p,https://static.carrefour.es/hd_350x_/img_pim_food/447235_00_1.jpg,Disponible
08-04-2025,20:26:36,La Despensa,Galletas Campurrianas Cuétara 755 g.,"4,19 €","5,24 €/kg",https://www.carrefour.es/supermercado/galletas-campurrianas-cuetara-755-g/R-521012463/p,https://static.carrefour.es/hd_350x_/img_pim_food/001663_00_1.jpg,Disponible
08-04-2025,20:26:36,La Despensa,Kéfir natural Carrefour Sensation pack de 4 unidades de 125 g.,"2,79 €","5,58 €/kg",https://www.carrefour.es/supermercado/kefir-natural-carrefour-sensation-pack-de-4-unidades-de-125-g/R-VC4AECOMM-017710/p,https://static.carrefour.es/hd_350x_/img_pim_food/017710_00_1.jpg,Disponible
08-04-2025,20:26:36,La Despensa,Tortitas de maíz sabor jamón ibérico Bicentury 124 g.,"2,45 €","19,76 €/kg",https://www.carrefour.es/supermercado/tortitas-de-maiz-sabor-jamon-iberico-bicentury-124-g/R-prod68891/p,https://static.carrefour.es/hd_350x_/img_pim_food/195224_00_1.jpg,Disponible
08-04-2025,20:26:36,La Despensa,Pizza barbacoa Casa Tarradellas 440 g.,"3,29 €","7,48 €/kg",https://www.carrefour.es/supermercado/pizza-barbacoa-casa-tarradellas-440-g/R-521030225/p,https://static.carrefour.es/hd_350x_/img_pim_food/221768_00_1.jpg,Disponible
08-04-2025,20:26:36,La Despensa,Postre de soja sabor chocolate Carrefour Sensation pack de 4 unidades de 100 g.,"1,59 €","3,97 €/kg",https://www.carrefour.es/supermercado/postre-de-soja-sabor-chocolate-carrefour-sensation-pack-de-4-unidades-de-100-g/R-687502740/p,https://static.carrefour.es/hd_350x_/img_pim_food/078667_00_1.jpg,Disponible
08-04-2025,20:26:36,La Despensa,Jugo de coco Carrefour 400 ml.,"1,35 €","3,37 €/l",https://www.carrefour.es/supermercado/jugo-de-coco-carrefour-400-ml/R-prod410226/p,https://static.carrefour.es/hd_350x_/img_pim_food/696052_00_1.jpg,Disponible
08-04-2025,20:26:36,La Despensa,Galletas de cereales con chocolate blanco Dinosaurus Artiach 264 g.,"3,85 €","14,58 €/kg",https://www.carrefour.es/supermercado/galletas-de-cereales-con-chocolate-blanco-dinosaurus-artiach-264-g/R-VC4AECOMM-246728/p,https://static.carrefour.es/hd_350x_/img_pim_food/246728_00_1.jpg,Disponible
08-04-2025,20:26:36,La Despensa,Mayonesa Hellmann's sin gluten sin lactosa envase 430 ml.,"3,71 €","8,63 €/l",https://www.carrefour.es/supermercado/mayonesa-hellmanns-sin-gluten-sin-lactosa-envase-430-ml/R-531731292/p,https://static.carrefour.es/hd_350x_/img_pim_food/714085_00_1.jpg,Disponible
08-04-2025,20:26:36,La Despensa,Masa para empanadillas La Napolitana 420 g.,"2,35 €","5,60 €/kg",https://www.carrefour.es/supermercado/masa-para-empanadillas-la-napolitana-420-g/R-590505286/p,https://static.carrefour.es/hd_350x_/img_pim_food/287839_00_1.jpg,Disponible
08-04-2025,20:26:36,La Despensa,Salsa Ligeresa sin lactosa 580 ml.,"3,45 €","5,95 €/l",https://www.carrefour.es/supermercado/salsa-ligeresa-sin-lactosa-580-ml/R-fprod1260283/p,https://static.carrefour.es/hd_350x_/supermercado/bcc_static/catalogImages/broken_image.png,Disponible
08-04-2025,20:26:36,La Despensa,Kéfir de cabra ecológico Carrefour Bio 420 g.,"2,79 €","6,64 €/kg",https://www.carrefour.es/supermercado/kefir-de-cabra-ecologico-carrefour-bio-420-g/R-526501432/p,https://static.carrefour.es/hd_350x_/img_pim_food/722411_00_1.jpg,Disponible
08-04-2025,20:26:36,La Despensa,Chocolate negro con almendras enteras Carrefour Extra sin gluten  200 g.,"3,29 €","16,45 €/kg",https://www.carrefour.es/supermercado/chocolate-negro-con-almendras-enteras-carrefour-extra-sin-gluten-200-g/R-VC4AECOMM-482709/p,https://static.carrefour.es/hd_350x_/img_pim_food/482709_00_1.jpg,Disponible
08-04-2025,20:26:36,La Despensa,Lenteja categoría extra Carrefour 1 kg.,"2,05 €","2,05 €/kg",https://www.carrefour.es/supermercado/lenteja-categoria-extra-carrefour-1-kg/R-536500291/p,https://static.carrefour.es/hd_350x_/img_pim_food/201629_00_1.jpg,Disponible
08-04-2025,20:26:36,La Despensa,Espumas dulces Marshmallow Classic Carrefour sin gluten 200 g.,"1,33 €","6,65 €/kg",https://www.carrefour.es/supermercado/espumas-dulces-marshmallow-classic-carrefour-sin-gluten-200-g/R-VC4AECOMM-429470/p,https://static.carrefour.es/hd_350x_/img_pim_food/429470_00_1.jpg,Disponible
08-04-2025,20:26:36,La Despensa,Harina de trigo repostería Gallo 1 kg.,"1,78 €","1,78 €/kg",https://www.carrefour.es/supermercado/harina-de-trigo-reposteria-gallo-1-kg/R-521005407/p,https://static.carrefour.es/hd_350x_/img_pim_food/033193_00_1.jpg,Disponible
08-04-2025,20:26:36,La Despensa,Bífidus desnatado con trozos de fresa sin azúcar añadido Carrefour Classic pack de 4 unidades de 125 g.,"1,23 €","2,46 €/kg",https://www.carrefour.es/supermercado/bifidus-desnatado-con-trozos-de-fresa-sin-azucar-anadido-carrefour-classic-pack-de-4-unidades-de-125-g/R-VC4AECOMM-550396/p,https://static.carrefour.es/hd_350x_/img_pim_food/550396_00_1.jpg,Disponible
08-04-2025,20:26:36,La Despensa,Mermelada de melocotón categoría extra Carrefour 410 g.,"1,32 €","3,22 €/kg",https://www.carrefour.es/supermercado/mermelada-de-melocoton-categoria-extra-carrefour-410-g/R-521003428/p,https://static.carrefour.es/hd_350x_/img_pim_food/228275_00_1.jpg,Disponible
08-04-2025,20:26:36,La Despensa,"Relleno para fajitas de pimientos, pollo y cebolla Carrefour 300 g.","2,05 €","6,83 €/kg",https://www.carrefour.es/supermercado/relleno-para-fajitas-de-pimientos-pollo-y-cebolla-carrefour-300-g/R-808433214/p,https://static.carrefour.es/hd_350x_/img_pim_food/929877_00_1.jpg,Disponible
08-04-2025,20:26:36,La Despensa,Powerade Citrus con tapón sport botella 50 cl.,"1,62 €","3,24 €/l",https://www.carrefour.es/supermercado/powerade-citrus-con-tapon-sport-botella-50-cl/R-520660745/p,https://static.carrefour.es/hd_350x_/img_pim_food/394779_00_1.jpg,Disponible
08-04-2025,20:26:36,La Despensa,Mermelada de fresa Temporada Hero sin gluten 350 g.,,"8,14 €/kg",https://www.carrefour.es/supermercado/mermelada-de-fresa-temporada-hero-sin-gluten-350-g/R-609801290/p,https://static.carrefour.es/hd_350x_/img_pim_food/399348_00_1.jpg,Disponible
08-04-2025,20:26:36,La Despensa,Sandwich de vainilla y chocolate Classic Carrefour 6 ud.,"1,88 €","0,31 €/ud",https://www.carrefour.es/supermercado/sandwich-de-vainilla-y-chocolate-classic-carrefour-6-ud/R-538408105/p,https://static.carrefour.es/hd_350x_/img_pim_food/190169_00_1.jpg,Disponible
08-04-2025,20:27:20,La Despensa,Leche fermentada natural edulcorado Carrefour Classic sin azúcares añadidos pack de 6 unidades de 125 g.,"1,08 €","1,44 €/kg",https://www.carrefour.es/supermercado/leche-fermentada-natural-edulcorado-carrefour-classic-sin-azucares-anadidos-pack-de-6-unidades-de-125-g/R-VC4AECOMM-351247/p,https://static.carrefour.es/hd_350x_/img_pim_food/351247_00_1.jpg,Disponible
08-04-2025,20:27:20,La Despensa,Nuggets rebozado fino Recetas Crujientes La Cocinera 400 g.,"4,95 €","12,37 €/kg",https://www.carrefour.es/supermercado/nuggets-rebozado-fino-recetas-crujientes-la-cocinera-400-g/R-590505998/p,https://static.carrefour.es/hd_350x_/img_pim_food/308097_00_1.jpg,Disponible
08-04-2025,20:27:20,La Despensa,Mini bombón helado clásico y almendrado Carrefour Extra 8 ud.,"3,15 €","0,39 €/ud",https://www.carrefour.es/supermercado/mini-bombon-helado-clasico-y-almendrado-carrefour-extra-8-ud/R-614201657/p,https://static.carrefour.es/hd_350x_/img_pim_food/591760_00_1.jpg,Disponible
08-04-2025,20:27:20,La Despensa,Aperitivo de cereales con sal marina Sunbites 95 g.,"2,19 €","23,05 €/kg",https://www.carrefour.es/supermercado/aperitivo-de-cereales-con-sal-marina-sunbites-95-g/R-prod310431/p,https://static.carrefour.es/hd_350x_/img_pim_food/383068_00_1.jpg,Disponible
08-04-2025,20:27:20,La Despensa,Pistacho tostado Carrefour bolsa de 500 g,"5,75 €","11,50 €/kg",https://www.carrefour.es/supermercado/pistacho-tostado-carrefour-bolsa-de-500-g/R-prod1130699/p,https://static.carrefour.es/hd_350x_/img_pim_food/192880_00_1.jpg,Disponible
08-04-2025,20:27:20,La Despensa,Pasta plumas nº 6 Gallo 450 g.,"1,45 €","3,22 €/kg",https://www.carrefour.es/supermercado/pasta-plumas-n-6-gallo-450-g/R-VC4AECOMM-636134/p,https://static.carrefour.es/hd_350x_/img_pim_food/636134_00_1.jpg,Disponible
08-04-2025,20:27:20,La Despensa,Natillas de galleta Carrefour pack de 4 unidades de 125 g.,"1,05 €","2,10 €/kg",https://www.carrefour.es/supermercado/natillas-de-galleta-carrefour-pack-de-4-unidades-de-125-g/R-prod75693/p,https://static.carrefour.es/hd_350x_/img_pim_food/213030_00_1.jpg,Disponible
08-04-2025,20:27:20,La Despensa,Leche entera Kaiku sin lactosa brik 1 l.,"1,39 €","1,39 €/l",https://www.carrefour.es/supermercado/leche-entera-kaiku-sin-lactosa-brik-1-l/R-541301772/p,https://static.carrefour.es/hd_350x_/img_pim_food/216479_00_1.jpg,Disponible
08-04-2025,20:27:20,La Despensa,Galletas cookie chocolate Nocilla 120 g.,"2,19 €","18,25 €/kg",https://www.carrefour.es/supermercado/galletas-cookie-chocolate-nocilla-120-g/R-VC4AECOMM-624543/p,https://static.carrefour.es/hd_350x_/img_pim_food/624543_00_1.jpg,Disponible
08-04-2025,20:27:20,La Despensa,Pisto fritada de hortalizas  Montey lata 420 g.,"0,81 €","1,93 €/kg",https://www.carrefour.es/supermercado/pisto-fritada-de-hortalizas-montey-lata-420-g/R-852900706/p,https://static.carrefour.es/hd_350x_/img_pim_food/192791_00_1.jpg,Disponible
08-04-2025,20:27:20,La Despensa,Tofu natural ecológico Carrefour Bio 400 g.,,"5,37 €/kg",https://www.carrefour.es/supermercado/tofu-natural-ecologico-carrefour-bio-400-g/R-VC4AECOMM-134991/p,https://static.carrefour.es/hd_350x_/img_pim_food/134991_00_1.jpg,Disponible
08-04-2025,20:27:20,La Despensa,Galletas de fibra integral Zero Gullón sin azúcar 170 g.,"2,09 €","12,29 €/kg",https://www.carrefour.es/supermercado/galletas-de-fibra-integral-zero-gullon-sin-azucar-170-g/R-521002767/p,https://static.carrefour.es/hd_350x_/img_pim_food/455023_00_1.jpg,Disponible
08-04-2025,20:27:20,La Despensa,Pizza pepperoni con salsa diávolo picante Pizza & Salsa Campofrío 345 g.,"3,05 €","8,84 €/kg",https://www.carrefour.es/supermercado/pizza-pepperoni-con-salsa-diavolo-picante-pizza-salsa-campofrio-345-g/R-835604862/p,https://static.carrefour.es/hd_350x_/img_pim_food/972450_00_1.jpg,Disponible
08-04-2025,20:27:20,La Despensa,Judías verdes finas cortadas Classic Carrefour 360 g.,"1,32 €","3,67 €/kg",https://www.carrefour.es/supermercado/judias-verdes-finas-cortadas-classic-carrefour-360-g/R-VC4AECOMM-725430/p,https://static.carrefour.es/hd_350x_/img_pim_food/725430_00_1.jpg,Disponible
08-04-2025,20:27:20,La Despensa,Leche fermentada líquida desnatada natural sin azúcar añadido Danone Actimel sin gluten pack de 6 unidades de 100 g.,"3,89 €","6,48 €/kg",https://www.carrefour.es/supermercado/leche-fermentada-liquida-desnatada-natural-sin-azucar-anadido-danone-actimel-sin-gluten-pack-de-6-unidades-de-100-g/R-521029649/p,https://static.carrefour.es/hd_350x_/img_pim_food/354442_00_1.jpg,Disponible
08-04-2025,20:27:20,La Despensa,Snacks de Chifles hojuelas de plátano con sal Tortolines 105 g.,"1,63 €","15,52 €/kg",https://www.carrefour.es/supermercado/snacks-de-chifles-hojuelas-de-platano-con-sal-tortolines-105-g/R-754516363/p,https://static.carrefour.es/hd_350x_/img_pim_food/763218_00_1.jpg,Disponible
08-04-2025,20:27:20,La Despensa,Azúcar moreno de caña in integral Classic´ Carrefour 1 kg.,"1,81 €","1,81 €/kg",https://www.carrefour.es/supermercado/azucar-moreno-de-cana-in-integral-classic-carrefour-1-kg/R-VC4AECOMM-181710/p,https://static.carrefour.es/hd_350x_/img_pim_food/181710_00_1.jpg,Disponible
08-04-2025,20:27:20,La Despensa,Gotas de chocolate negro Carrefour Original sin gluten 250 g.,"2,75 €",11 €/kg,https://www.carrefour.es/supermercado/gotas-de-chocolate-negro-carrefour-original-sin-gluten-250-g/R-VC4AECOMM-135596/p,https://static.carrefour.es/hd_350x_/img_pim_food/135596_00_1.jpg,Disponible
08-04-2025,20:27:20,La Despensa,Grissini con aceite de oliva Carrefour Original 125 g.,"1,13 €","9,04 €/kg",https://www.carrefour.es/supermercado/grissini-con-aceite-de-oliva-carrefour-original-125-g/R-521002653/p,https://static.carrefour.es/hd_350x_/img_pim_food/482818_00_1.jpg,Disponible
08-04-2025,20:27:20,La Despensa,Yogur natural azucarado Danone sin gluten pack de 4 unidades de 120 g.,"0,99 €","2,06 €/kg",https://www.carrefour.es/supermercado/yogur-natural-azucarado-danone-sin-gluten-pack-de-4-unidades-de-120-g/R-521029405/p,https://static.carrefour.es/hd_350x_/img_pim_food/002902_00_1.jpg,Disponible
08-04-2025,20:27:20,La Despensa,Cacahuetes fritos y salados con piel Classic Carrefour 200 g.,"0,99 €","4,95 €/kg",https://www.carrefour.es/supermercado/cacahuetes-fritos-y-salados-con-piel-classic-carrefour-200-g/R-521003560/p,https://static.carrefour.es/hd_350x_/img_pim_food/792767_00_1.jpg,Disponible
08-04-2025,20:27:20,La Despensa,Snack volcano Takis 130 g.,"2,25 €","16,07 €/kg",https://www.carrefour.es/supermercado/snack-volcano-takis-130-g/R-837010554/p,https://static.carrefour.es/hd_350x_/img_pim_food/974638_00_1.jpg,Disponible
08-04-2025,20:27:20,La Despensa,Bífidus desnatado natural edulcorado sin azúcar añadido Carrefour Classic' pack de 4 unidades de 125 g.,"0,99 €","1,98 €/kg",https://www.carrefour.es/supermercado/bifidus-desnatado-natural-edulcorado-sin-azucar-anadido-carrefour-classic-pack-de-4-unidades-de-125-g/R-VC4AECOMM-674002/p,https://static.carrefour.es/hd_350x_/img_pim_food/674002_00_1.jpg,Disponible
08-04-2025,20:27:20,La Despensa,Yogur con bolitas cubiertas de chocolate Mix-in Nestlé Kit Kat pack de 2 unidades de 115 g.,"2,05 €","8,91 €/kg",https://www.carrefour.es/supermercado/yogur-con-bolitas-cubiertas-de-chocolate-mix-in-nestle-kit-kat-pack-de-2-unidades-de-115-g/R-562701557/p,https://static.carrefour.es/hd_350x_/img_pim_food/272202_00_1.jpg,Disponible
08-04-2025,20:28:02,La Despensa,Pantera Rosa Bimbo 3 ud.,"2,49 €","15,09 €/kg",https://www.carrefour.es/supermercado/pantera-rosa-bimbo-3-ud/R-750302801/p,https://static.carrefour.es/hd_350x_/img_pim_food/759400_00_1.jpg,Disponible
08-04-2025,20:28:02,La Despensa,Helado cookie dough Ben & Jerry’s 465 ml.,"7,09 €","17,46 €/kg",https://www.carrefour.es/supermercado/helado-cookie-dough-ben-jerrys-465-ml/R-VC4AECOMM-456059/p,https://static.carrefour.es/hd_350x_/img_pim_food/456059_00_1.jpg,Disponible
08-04-2025,20:28:02,La Despensa,Banderillas picantes Classic Carrefour 180 g.,"1,80 €",10 €/kg,https://www.carrefour.es/supermercado/banderillas-picantes-classic-carrefour-180-g/R-526626982/p,https://static.carrefour.es/hd_350x_/img_pim_food/113276_00_1.jpg,Disponible
08-04-2025,20:28:02,La Despensa,Leche fermentada de proteínas líquida desnatada sabor fresa y frambuesa sin azúcar añadido Danone YoPro sin lactosa 300 g.,"2,39 €","7,97 €/kg",https://www.carrefour.es/supermercado/leche-fermentada-de-proteinas-liquida-desnatada-sabor-fresa-y-frambuesa-sin-azucar-anadido-danone-yopro-sin-lactosa-300-g/R-fprod1200089/p,https://static.carrefour.es/hd_350x_/img_pim_food/253564_00_1.jpg,Disponible
08-04-2025,20:28:02,La Despensa,Leche fermentada desnatada natural Skyr Carrefour Sensation 150 g.,"0,75 €",5 €/kg,https://www.carrefour.es/supermercado/leche-fermentada-desnatada-natural-skyr-carrefour-sensation-150-g/R-VC4AECOMM-503694/p,https://static.carrefour.es/hd_350x_/img_pim_food/503694_00_1.jpg,Disponible
08-04-2025,20:28:02,La Despensa,Cereales integrales Trix 300 Nestlé g.,"3,85 €","12,83 €/kg",https://www.carrefour.es/supermercado/cereales-integrales-trix-300-nestle-g/R-VC4AECOMM-458697/p,https://static.carrefour.es/hd_350x_/img_pim_food/458697_00_1.jpg,Disponible
08-04-2025,20:28:02,La Despensa,Bífidus de fibras con avena y nueces Danone Activia pack de 4 unidades de 120 g.,"2,99 €","6,50 €/kg",https://www.carrefour.es/supermercado/bifidus-de-fibras-con-avena-y-nueces-danone-activia-pack-de-4-unidades-de-120-g/R-839100497/p,https://static.carrefour.es/hd_350x_/img_pim_food/976315_00_1.jpg,Disponible
08-04-2025,20:28:02,La Despensa,Salsa original Ligeresa sin lactosa frasco 210 ml.,"1,69 €","8,05 €/l",https://www.carrefour.es/supermercado/salsa-original-ligeresa-sin-lactosa-frasco-210-ml/R-526539189/p,https://static.carrefour.es/hd_350x_/img_pim_food/735594_00_1.jpg,Disponible
08-04-2025,20:28:02,La Despensa,Canela molida Carrefour Classic 40 g.,"0,75 €","18,75 €/kg",https://www.carrefour.es/supermercado/canela-molida-carrefour-classic-40-g/R-prod710289/p,https://static.carrefour.es/hd_350x_/img_pim_food/851264_00_1.jpg,Disponible
08-04-2025,20:28:02,La Despensa,Kéfir Pastoret sin gluten 500 g.,"2,35 €","4,70 €/kg",https://www.carrefour.es/supermercado/kefir-pastoret-sin-gluten-500-g/R-prod66389/p,https://static.carrefour.es/hd_350x_/img_pim_food/907161_00_1.jpg,Disponible
08-04-2025,20:28:02,La Despensa,"Bebida de almendra Kaiku BeGetal sin gluten, sin lactosa y sin azúcar añadido brik 1 l.","1,99 €","1,99 €/l",https://www.carrefour.es/supermercado/bebida-de-almendra-kaiku-begetal-sin-gluten-sin-lactosa-y-sin-azucar-anadido-brik-1-l/R-fprod1430076/p,https://static.carrefour.es/hd_350x_/img_pim_food/371674_00_1.jpg,Disponible
08-04-2025,20:28:02,La Despensa,Sardinillas con salsa picantona Classic Carrefour 60 g.,"1,28 €","21,33 €/kg",https://www.carrefour.es/supermercado/sardinillas-con-salsa-picantona-classic-carrefour-60-g/R-VC4AECOMM-615271/p,https://static.carrefour.es/hd_350x_/img_pim_food/615271_00_1.jpg,Disponible
08-04-2025,20:28:02,La Despensa,Mejillones chilenos en escabeche Dani 69 g.,"1,94 €","28,12 €/kg",https://www.carrefour.es/supermercado/mejillones-chilenos-en-escabeche-dani-69-g/R-590215683/p,https://static.carrefour.es/hd_350x_/img_pim_food/725646_00_1.jpg,Disponible
08-04-2025,20:28:02,La Despensa,Pasta macarrón rigatoni Garofalo 500 g.,"1,86 €","3,72 €/kg",https://www.carrefour.es/supermercado/pasta-macarron-rigatoni-garofalo-500-g/R-842200698/p,https://static.carrefour.es/hd_350x_/img_pim_food/982057_00_1.jpg,Disponible
08-04-2025,20:28:02,La Despensa,Yogur sabor plátano Danone sin gluten pack de 4 unidades de 120 g.,"0,99 €","2,06 €/kg",https://www.carrefour.es/supermercado/yogur-sabor-platano-danone-sin-gluten-pack-de-4-unidades-de-120-g/R-521033603/p,https://static.carrefour.es/hd_350x_/img_pim_food/002909_00_1.jpg,Disponible
08-04-2025,20:28:02,La Despensa,Bolitas de maíz sabor queso Match ball Risi sin gluten 105 g.,"1,55 €","14,76 €/kg",https://www.carrefour.es/supermercado/bolitas-de-maiz-sabor-queso-match-ball-risi-sin-gluten-105-g/R-777005208/p,https://static.carrefour.es/hd_350x_/img_pim_food/788608_00_1.jpg,Disponible
08-04-2025,20:28:02,La Despensa,Sándwich bacon con huevo Carrefour 150 g.,"2,29 €","15,27 €/kg",https://www.carrefour.es/supermercado/sandwich-bacon-con-huevo-carrefour-150-g/R-VC4AECOMM-676213/p,https://static.carrefour.es/hd_350x_/img_pim_food/676213_00_1.jpg,Disponible
08-04-2025,20:28:02,La Despensa,Espárragos blancos extra 8/12 Carretilla 205 g.,"3,49 €","17,02 €/kg",https://www.carrefour.es/supermercado/esparragos-blancos-extra-8-12-carretilla-205-g/R-521006062/p,https://static.carrefour.es/hd_350x_/img_pim_food/048556_00_1.jpg,Disponible
08-04-2025,20:28:02,La Despensa,Patatas fritas Santa Ana sin gluten 261 g.,"2,99 €","11,46 €/kg",https://www.carrefour.es/supermercado/patatas-fritas-santa-ana-sin-gluten-261-g/R-VC4AECOMM-394297/p,https://static.carrefour.es/hd_350x_/img_pim_food/394297_00_1.jpg,Disponible
08-04-2025,20:28:02,La Despensa,Azúcar blanco en azucaritos Azucarera 300 g.,"1,31 €","4,37 €/kg",https://www.carrefour.es/supermercado/azucar-blanco-en-azucaritos-azucarera-300-g/R-799110790/p,https://static.carrefour.es/hd_350x_/img_pim_food/902989_00_1.jpg,Disponible
08-04-2025,20:28:02,La Despensa,Gelatina sabor frutos rojos Proteína Plus 0% materia grasa Carrefour sin gluten pack de 4 unidades de 100 g.,"1,47 €","3,67 €/kg",https://www.carrefour.es/supermercado/gelatina-sabor-frutos-rojos-proteina-plus-0-materia-grasa-carrefour-sin-gluten-pack-de-4-unidades-de-100-g/R-VC4AECOMM-434281/p,https://static.carrefour.es/hd_350x_/img_pim_food/434281_00_1.jpg,Disponible
08-04-2025,20:28:02,La Despensa,Harina de trigo Carrefour 2 kg.,"1,19 €","0,59 €/kg",https://www.carrefour.es/supermercado/harina-de-trigo-carrefour-2-kg/R-prod540112/p,https://static.carrefour.es/hd_350x_/img_pim_food/835041_00_1.jpg,Disponible
08-04-2025,20:28:02,La Despensa,Almendra tostada Simpl 200 g.,"2,85 €","14,25 €/kg",https://www.carrefour.es/supermercado/almendra-tostada-simpl-200-g/R-608100997/p,https://static.carrefour.es/hd_350x_/img_pim_food/237759_00_1.jpg,Disponible
08-04-2025,20:28:02,La Despensa,Galletas Rellenas de Crema de Chocolate Príncipe pack de 3 unidades de 300 g.,"6,28 €","6,98 €/kg",https://www.carrefour.es/supermercado/galletas-rellenas-de-crema-de-chocolate-principe-pack-de-3-unidades-de-300-g/R-755505044/p,https://static.carrefour.es/hd_350x_/img_pim_food/764567_00_1.jpg,Disponible
08-04-2025,20:28:45,La Despensa,Bonito del norte en aceite de oliva Carrefour Extra 72 g.,"1,85 €","25,69 €/kg",https://www.carrefour.es/supermercado/bonito-del-norte-en-aceite-de-oliva-carrefour-extra-72-g/R-521006234/p,https://static.carrefour.es/hd_350x_/img_pim_food/231461_00_1.jpg,Disponible
08-04-2025,20:28:45,La Despensa,Crema de calabaza Classic Carrefour sin gluten 500 ml.,"0,97 €","1,94 €/l",https://www.carrefour.es/supermercado/crema-de-calabaza-classic-carrefour-sin-gluten-500-ml/R-fprod1350140/p,https://static.carrefour.es/hd_350x_/img_pim_food/337397_00_1.jpg,Disponible
08-04-2025,20:28:45,La Despensa,Zamburiñas en salsa de vieira Dani 63 g.,"2,89 €","45,87 €/kg",https://www.carrefour.es/supermercado/zamburinas-en-salsa-de-vieira-dani-63-g/R-795409414/p,https://static.carrefour.es/hd_350x_/img_pim_food/873976_00_1.jpg,Disponible
08-04-2025,20:28:45,La Despensa,Galletas finas con chocolate negro Digestive Fontaneda 170 g.,"2,95 €","17,35 €/kg",https://www.carrefour.es/supermercado/galletas-finas-con-chocolate-negro-digestive-fontaneda-170-g/R-prod1140267/p,https://static.carrefour.es/hd_350x_/img_pim_food/199936_00_1.jpg,Disponible
08-04-2025,20:28:45,La Despensa,Galleta rellena de chocolate con leche Lotus Biscoff 150 g.,"1,86 €","12,40 €/kg",https://www.carrefour.es/supermercado/galleta-rellena-de-chocolate-con-leche-lotus-biscoff-150-g/R-VC4AECOMM-611114/p,https://static.carrefour.es/hd_350x_/img_pim_food/611114_00_1.jpg,Disponible
08-04-2025,20:28:45,La Despensa,Postre lácteo desnatado sabor chocolate protein pudding Danone Yopro 180 g.,"1,83 €","10,17 €/kg",https://www.carrefour.es/supermercado/postre-lacteo-desnatado-sabor-chocolate-protein-pudding-danone-yopro-180-g/R-VC4AECOMM-016056/p,https://static.carrefour.es/hd_350x_/img_pim_food/016056_00_1.jpg,Disponible
08-04-2025,20:28:45,La Despensa,Aceitunas verdes rellenas de anchoa La Española sin gluten 3 pack de 50 g.,"3,95 €","26,33 €/kg",https://www.carrefour.es/supermercado/aceitunas-verdes-rellenas-de-anchoa-la-espanola-sin-gluten-3-pack-de-50-g/R-521013579/p,https://static.carrefour.es/hd_350x_/img_pim_food/449447_00_1.jpg,Disponible
08-04-2025,20:28:45,La Despensa,Tomate frito con aceite de oliva virgen extra Orlando pack de 3 briks de 350 g.,"4,65 €","4,43 €/kg",https://www.carrefour.es/supermercado/tomate-frito-con-aceite-de-oliva-virgen-extra-orlando-pack-de-3-briks-de-350-g/R-prod224741/p,https://static.carrefour.es/hd_350x_/img_pim_food/249948_00_1.jpg,Disponible
08-04-2025,20:28:45,La Despensa,Sándwich de pollo al curry Bon Appétit Carrefour 200 g.,"3,29 €","16,45 €/kg",https://www.carrefour.es/supermercado/sandwich-de-pollo-al-curry-bon-appetit-carrefour-200-g/R-VC4AECOMM-676252/p,https://static.carrefour.es/hd_350x_/img_pim_food/676252_00_1.jpg,Disponible
08-04-2025,20:28:45,La Despensa,Preparado de soja sabor frutos rojos con dátiles sin azúcar añadido sin gluten y sin lactosa Alpro 400 g.,"2,59 €","6,47 €/kg",https://www.carrefour.es/supermercado/preparado-de-soja-sabor-frutos-rojos-con-datiles-sin-azucar-anadido-sin-gluten-y-sin-lactosa-alpro-400-g/R-VC4AECOMM-727123/p,https://static.carrefour.es/hd_350x_/img_pim_food/727123_00_1.jpg,Disponible
08-04-2025,20:28:45,La Despensa,Aceitunas negras cacereñas con hueso Classic Carrefour 200 g.,"0,99 €","4,95 €/kg",https://www.carrefour.es/supermercado/aceitunas-negras-cacerenas-con-hueso-classic-carrefour-200-g/R-VC4AECOMM-487986/p,https://static.carrefour.es/hd_350x_/img_pim_food/487986_00_1.jpg,Disponible
08-04-2025,20:28:45,La Despensa,Tomate frito Orlando sin gluten brik 780 g.,"1,85 €","2,37 €/kg",https://www.carrefour.es/supermercado/tomate-frito-orlando-sin-gluten-brik-780-g/R-521029211/p,https://static.carrefour.es/hd_350x_/img_pim_food/028900_00_1.jpg,Disponible
08-04-2025,20:28:45,La Despensa,Leche semidesnatada fresca Puleva botella 1 l.,"1,95 €","1,95 €/l",https://www.carrefour.es/supermercado/leche-semidesnatada-fresca-puleva-botella-1-l/R-VC4AECOMM-708193/p,https://static.carrefour.es/hd_350x_/img_pim_food/708193_00_1.jpg,Disponible
08-04-2025,20:28:45,La Despensa,Galletas maría dorada Family Biscuits 600 g.,"1,27 €","2,12 €/kg",https://www.carrefour.es/supermercado/galletas-maria-dorada-family-biscuits-600-g/R-VC4AECOMM-207549/p,https://static.carrefour.es/hd_350x_/img_pim_food/207549_00_1.jpg,Disponible
08-04-2025,20:28:45,La Despensa,Maíz frito con sabor barbacoa MisterCorn 160 g.,"2,25 €","14,06 €/kg",https://www.carrefour.es/supermercado/maiz-frito-con-sabor-barbacoa-mistercorn-160-g/R-VC4AECOMM-216696/p,https://static.carrefour.es/hd_350x_/img_pim_food/216696_00_1.jpg,Disponible
08-04-2025,20:28:45,La Despensa,Café latte cookies Nescafé sin gluten 205 ml.,"1,61 €","7,85 €/l",https://www.carrefour.es/supermercado/cafe-latte-cookies-nescafe-sin-gluten-205-ml/R-836506921/p,https://static.carrefour.es/hd_350x_/img_pim_food/969956_00_1.jpg,Disponible
08-04-2025,20:28:45,La Despensa,Mejillones en escabeche 13/18 Isabel sin gluten y sin lactosa 69 g.,"2,35 €","34,06 €/kg",https://www.carrefour.es/supermercado/mejillones-en-escabeche-13-18-isabel-sin-gluten-y-sin-lactosa-69-g/R-521006430/p,https://static.carrefour.es/hd_350x_/img_pim_food/028860_00_1.jpg,Disponible
08-04-2025,20:28:45,La Despensa,Pan de molde rústico Original Carrefour sin lactosa 675 g,"2,45 €","3,63 €/kg",https://www.carrefour.es/supermercado/pan-de-molde-rustico-original-carrefour-sin-lactosa-675-g/R-VC4AECOMM-744308/p,https://static.carrefour.es/hd_350x_/img_pim_food/744308_00_1.jpg,Disponible
08-04-2025,20:28:45,La Despensa,Pizza fresca de jamón con perlas de mozzarella de lenta fermentación Casa Tarradellas 400 g.,"4,25 €","10,62 €/kg",https://www.carrefour.es/supermercado/pizza-fresca-de-jamon-con-perlas-de-mozzarella-de-lenta-fermentacion-casa-tarradellas-400-g/R-VC4AECOMM-625149/p,https://static.carrefour.es/hd_350x_/img_pim_food/625149_00_1.jpg,Disponible
08-04-2025,20:28:45,La Despensa,Café molido mezcla descafeinado Carrefour Classic 250 g.,"2,55 €","10,20 €/kg",https://www.carrefour.es/supermercado/cafe-molido-mezcla-descafeinado-carrefour-classic-250-g/R-521003004/p,https://static.carrefour.es/hd_350x_/img_pim_food/236782_00_1.jpg,Disponible
08-04-2025,20:28:45,La Despensa,Tomate triturado Cidacos 800 g.,"2,19 €","2,74 €/kg",https://www.carrefour.es/supermercado/tomate-triturado-cidacos-800-g/R-VC4AECOMM-002530/p,https://static.carrefour.es/hd_350x_/img_pim_food/002530_00_1.jpg,Disponible
08-04-2025,20:28:45,La Despensa,Pasta espaguetis nº 5 Barilla 500 g.,"1,46 €","2,92 €/kg",https://www.carrefour.es/supermercado/pasta-espaguetis-n-5-barilla-500-g/R-522713711/p,https://static.carrefour.es/hd_350x_/img_pim_food/020628_00_1.jpg,Disponible
08-04-2025,20:28:45,La Despensa,Salsa kebab Carrefour envase 340 g.,"1,28 €","3,76 €/kg",https://www.carrefour.es/supermercado/salsa-kebab-carrefour-envase-340-g/R-prod860522/p,https://static.carrefour.es/hd_350x_/img_pim_food/389948_00_1.jpg,Disponible
08-04-2025,20:28:45,La Despensa,Arroz redondo integral Carrefour 1 kg.,"1,49 €","1,49 €/kg",https://www.carrefour.es/supermercado/arroz-redondo-integral-carrefour-1-kg/R-VC4AECOMM-689578/p,https://static.carrefour.es/hd_350x_/img_pim_food/689578_00_1.jpg,Disponible
08-04-2025,20:29:27,La Despensa,Piccolinis 3 quesos Buitoni 270 g.,"4,15 €","15,37 €/kg",https://www.carrefour.es/supermercado/piccolinis-3-quesos-buitoni-270-g/R-521031423/p,https://static.carrefour.es/hd_350x_/img_pim_food/606449_00_1.jpg,Disponible
08-04-2025,20:29:27,La Despensa,Tomate natural entero pelado Classic Carrefour 480 g.,"1,42 €","2,96 €/kg",https://www.carrefour.es/supermercado/tomate-natural-entero-pelado-classic-carrefour-480-g/R-521029243/p,https://static.carrefour.es/hd_350x_/img_pim_food/231109_00_1.jpg,Disponible
08-04-2025,20:29:27,La Despensa,Palitos de chocolate noir Mikado Lu 75 g.,"2,31 €","30,80 €/kg",https://www.carrefour.es/supermercado/palitos-de-chocolate-noir-mikado-lu-75-g/R-521002903/p,https://static.carrefour.es/hd_350x_/img_pim_food/001680_00_1.jpg,Disponible
08-04-2025,20:29:27,La Despensa,Margarina ligera Carrefour 500 g.,"1,42 €","2,84 €/kg",https://www.carrefour.es/supermercado/margarina-ligera-carrefour-500-g/R-prod830349/p,https://static.carrefour.es/hd_350x_/img_pim_food/299532_00_1.jpg,Disponible
08-04-2025,20:29:27,La Despensa,Leche fermentada tropical sin azúcar añadido Danone Danacol sin gluten pack de 6 unidades de 100 g.,"3,29 €","5,48 €/kg",https://www.carrefour.es/supermercado/leche-fermentada-tropical-sin-azucar-anadido-danone-danacol-sin-gluten-pack-de-6-unidades-de-100-g/R-521029710/p,https://static.carrefour.es/hd_350x_/img_pim_food/645941_00_1.jpg,Disponible
08-04-2025,20:29:27,La Despensa,Bizcocho de chocolate Osito LuLu Fontaneda 150 g.,"2,45 €","16,33 €/kg",https://www.carrefour.es/supermercado/bizcocho-de-chocolate-osito-lulu-fontaneda-150-g/R-VC4AECOMM-246107/p,https://static.carrefour.es/hd_350x_/img_pim_food/246107_00_1.jpg,Disponible
08-04-2025,20:29:27,La Despensa,Placas para lasaña precocidas El Pavo 200 g.,"1,49 €","7,45 €/kg",https://www.carrefour.es/supermercado/placas-para-lasana-precocidas-el-pavo-200-g/R-521005738/p,https://static.carrefour.es/hd_350x_/img_pim_food/036707_00_1.jpg,Disponible
08-04-2025,20:29:27,La Despensa,Maíz para palomitas Carrefour 500 g.,"1,70 €","3,40 €/kg",https://www.carrefour.es/supermercado/maiz-para-palomitas-carrefour-500-g/R-521003640/p,https://static.carrefour.es/hd_350x_/img_pim_food/640654_00_1.jpg,Disponible
08-04-2025,20:29:27,La Despensa,Batido de cacao Original Cacaolat sin gluten pack de 4 botellas de 200 ml.,"3,99 €","4,99 €/l",https://www.carrefour.es/supermercado/batido-de-cacao-original-cacaolat-sin-gluten-pack-de-4-botellas-de-200-ml/R-VC4AECOMM-004956/p,https://static.carrefour.es/hd_350x_/img_pim_food/004956_00_1.jpg,Disponible
08-04-2025,20:29:27,La Despensa,Hummus light Carrefour Extra sin gluten 240 g,"1,41 €","5,87 €/kg",https://www.carrefour.es/supermercado/hummus-light-carrefour-extra-sin-gluten-240-g/R-VC4AECOMM-112527/p,https://static.carrefour.es/hd_350x_/img_pim_food/112527_00_1.jpg,Disponible
08-04-2025,20:29:27,La Despensa,Berlinas con azúcar Carrefour Classic 168 g.,"1,58 €","9,40 €/kg",https://www.carrefour.es/supermercado/berlinas-con-azucar-carrefour-classic-168-g/R-696708708/p,https://static.carrefour.es/hd_350x_/img_pim_food/090025_00_1.jpg,Disponible
08-04-2025,20:29:27,La Despensa,Huevos de gallinas criadas en suelo Carrefour El Mercado 6 ud.,"1,50 €",3 €/docena,https://www.carrefour.es/supermercado/huevos-de-gallinas-criadas-en-suelo-carrefour-el-mercado-6-ud/R-VC4AECOMM-307947/p,https://static.carrefour.es/hd_350x_/img_pim_food/307947_00_1.jpg,Disponible
08-04-2025,20:29:27,La Despensa,Fresas de goma rellenas Classic Carrefour sin gluten 200 g.,"0,99 €","4,95 €/kg",https://www.carrefour.es/supermercado/fresas-de-goma-rellenas-classic-carrefour-sin-gluten-200-g/R-VC4AECOMM-429471/p,https://static.carrefour.es/hd_350x_/img_pim_food/429471_00_1.jpg,Disponible
08-04-2025,20:29:27,La Despensa,Mini pizzas de jamón y queso Carrefour 270 g.,"2,65 €","9,81 €/kg",https://www.carrefour.es/supermercado/mini-pizzas-de-jamon-y-queso-carrefour-270-g/R-651402222/p,https://static.carrefour.es/hd_350x_/img_pim_food/108830_00_1.jpg,Disponible
08-04-2025,20:29:27,La Despensa,Bebida de avena sin azúcar añadido Alpro sin lactosa brik 1 l.,"2,15 €","2,15 €/l",https://www.carrefour.es/supermercado/bebida-de-avena-sin-azucar-anadido-alpro-sin-lactosa-brik-1-l/R-VC4AECOMM-732770/p,https://static.carrefour.es/hd_350x_/img_pim_food/732770_00_1.jpg,Disponible
08-04-2025,20:29:27,La Despensa,Petit sabor fresa Carrefour Kids en bolsitas pack de 4 unidades de 90 g.,"1,66 €","4,61 €/kg",https://www.carrefour.es/supermercado/petit-sabor-fresa-carrefour-kids-en-bolsitas-pack-de-4-unidades-de-90-g/R-614801774/p,https://static.carrefour.es/hd_350x_/img_pim_food/613119_00_1.jpg,Disponible
08-04-2025,20:29:27,La Despensa,Anillas a la romana Marnatura 400 g.,"1,72 €","4,30 €/kg",https://www.carrefour.es/supermercado/anillas-a-la-romana-marnatura-400-g/R-VC4AECOMM-526195/p,https://static.carrefour.es/hd_350x_/img_pim_food/526195_00_1.jpg,Disponible
08-04-2025,20:29:27,La Despensa,Guacamole Carrefour Bio tarrina 200 g,"1,99 €","9,95 €/kg",https://www.carrefour.es/supermercado/guacamole-carrefour-bio-tarrina-200-g/R-prod240332/p,https://static.carrefour.es/hd_350x_/img_pim_food/285042_00_1.jpg,Disponible
08-04-2025,20:29:27,La Despensa,Corazones de alcachofa enteros Classic Carrefour 240 g.,"1,99 €","8,29 €/kg",https://www.carrefour.es/supermercado/corazones-de-alcachofa-enteros-classic-carrefour-240-g/R-540202016/p,https://static.carrefour.es/hd_350x_/img_pim_food/231275_00_1.jpg,Disponible
08-04-2025,20:29:27,La Despensa,Cereales con chocolate Stylesse Carrefour 500 g.,"2,89 €","5,78 €/kg",https://www.carrefour.es/supermercado/cereales-con-chocolate-stylesse-carrefour-500-g/R-530363360/p,https://static.carrefour.es/hd_350x_/img_pim_food/166226_00_1.jpg,Disponible
08-04-2025,20:29:27,La Despensa,Galletas de barquillo rellenas de crema de vainilla Zero Gullón sin azúcar 180 g.,"2,09 €","11,61 €/kg",https://www.carrefour.es/supermercado/galletas-de-barquillo-rellenas-de-crema-de-vainilla-zero-gullon-sin-azucar-180-g/R-VC4AECOMM-554957/p,https://static.carrefour.es/hd_350x_/img_pim_food/554957_00_1.jpg,Disponible
08-04-2025,20:29:27,La Despensa,Pasta penne ziti rigate Garofalo 500 g.,"1,86 €","3,72 €/kg",https://www.carrefour.es/supermercado/pasta-penne-ziti-rigate-garofalo-500-g/R-793104334/p,https://static.carrefour.es/hd_350x_/img_pim_food/891487_00_1.jpg,Disponible
08-04-2025,20:29:27,La Despensa,Caramelos extra fuerte sin azúcar Halls 4 paquetes de 32 g.,"2,95 €","23,05 €/kg",https://www.carrefour.es/supermercado/caramelos-extra-fuerte-sin-azucar-halls-4-paquetes-de-32-g/R-521004713/p,https://static.carrefour.es/hd_350x_/img_pim_food/512509_00_1.jpg,Disponible
08-04-2025,20:29:27,La Despensa,Filetes de caballa del sur en salsa de tomate Classic Carrefour pack de 2 latas de 65 g.,"1,52 €","11,69 €/kg",https://www.carrefour.es/supermercado/filetes-de-caballa-del-sur-en-salsa-de-tomate-classic-carrefour-pack-de-2-latas-de-65-g/R-VC4AECOMM-488871/p,https://static.carrefour.es/hd_350x_/img_pim_food/488871_00_1.jpg,Disponible
08-04-2025,20:30:09,La Despensa,Galletas mini wafers Milka 110 gr.,"2,39 €","21,73 €/kg",https://www.carrefour.es/supermercado/galletas-mini-wafers-milka-110-gr/R-VC4AECOMM-172763/p,https://static.carrefour.es/hd_350x_/img_pim_food/172763_00_1.jpg,Disponible
08-04-2025,20:30:09,La Despensa,Berlina bombón Donuts 2 ud.,"1,99 €","18,09 €/kg",https://www.carrefour.es/supermercado/berlina-bombon-donuts-2-ud/R-522713912/p,https://static.carrefour.es/hd_350x_/img_pim_food/060200_00_1.jpg,Disponible
08-04-2025,20:30:09,La Despensa,Mantequilla ecológica Carrefour Bio 250 g.,"3,89 €","15,56 €/kg",https://www.carrefour.es/supermercado/mantequilla-ecologica-carrefour-bio-250-g/R-VC4AECOMM-649571/p,https://static.carrefour.es/hd_350x_/img_pim_food/649571_00_1.jpg,Disponible
08-04-2025,20:30:09,La Despensa,Pastel con cobertura al cacao Donettes 8 ud.,"2,89 €","17,20 €/kg",https://www.carrefour.es/supermercado/pastel-con-cobertura-al-cacao-donettes-8-ud/R-VC4AECOMM-545380/p,https://static.carrefour.es/hd_350x_/img_pim_food/545380_00_1.jpg,Disponible
08-04-2025,20:30:09,La Despensa,Pasta fideo nº0 Gallo 675 g.,"1,91 €","2,83 €/kg",https://www.carrefour.es/supermercado/pasta-fideo-n0-gallo-675-g/R-VC4AECOMM-556094/p,https://static.carrefour.es/hd_350x_/img_pim_food/556094_00_1.jpg,Disponible
08-04-2025,20:30:09,La Despensa,Pizza regina Carrefour 365 g.,"2,25 €","6,16 €/kg",https://www.carrefour.es/supermercado/pizza-regina-carrefour-365-g/R-663701867/p,https://static.carrefour.es/hd_350x_/img_pim_food/316055_00_1.jpg,Disponible
08-04-2025,20:30:09,La Despensa,Galletas rellenas de crema de vainilla Lotus Biscoff 150 g.,"1,86 €","12,40 €/kg",https://www.carrefour.es/supermercado/galletas-rellenas-de-crema-de-vainilla-lotus-biscoff-150-g/R-VC4AECOMM-611105/p,https://static.carrefour.es/hd_350x_/img_pim_food/611105_00_1.jpg,Disponible
08-04-2025,20:30:09,La Despensa,Galletas de barquillo rellenas de crema de chocolate Zero Gullón sin azúcares 180 g.,"2,09 €","11,61 €/kg",https://www.carrefour.es/supermercado/galletas-de-barquillo-rellenas-de-crema-de-chocolate-zero-gullon-sin-azucares-180-g/R-VC4AECOMM-554956/p,https://static.carrefour.es/hd_350x_/img_pim_food/554956_00_1.jpg,Disponible
08-04-2025,20:30:09,La Despensa,Leche fermentada azucarada natural Carrefour No Lactosa sin lactosa pack de 4 unidades de 125 g.,"1,42 €","11,36 €/kg",https://www.carrefour.es/supermercado/leche-fermentada-azucarada-natural-carrefour-no-lactosa-sin-lactosa-pack-de-4-unidades-de-125-g/R-849000346/p,https://static.carrefour.es/hd_350x_/img_pim_food/012977_00_1.jpg,Disponible
08-04-2025,20:30:09,La Despensa,Aperitivo de maíz y chía con sal marina Risi Mios! sin gluten 150 g.,"1,99 €","13,27 €/kg",https://www.carrefour.es/supermercado/aperitivo-de-maiz-y-chia-con-sal-marina-risi-mios-sin-gluten-150-g/R-prod90538/p,https://static.carrefour.es/hd_350x_/img_pim_food/223094_00_1.jpg,Disponible
08-04-2025,20:30:09,La Despensa,Galletas de chocolate rellenas de crema Oreo 440 g.,"4,79 €","10,89 €/kg",https://www.carrefour.es/supermercado/galletas-de-chocolate-rellenas-de-crema-oreo-440-g/R-594001553/p,https://static.carrefour.es/hd_350x_/img_pim_food/347557_00_1.jpg,Disponible
08-04-2025,20:30:09,La Despensa,Aceite de girasol Coosol 1 l.,"2,09 €","2,09 €/l",https://www.carrefour.es/supermercado/aceite-de-girasol-coosol-1-l/R-520660349/p,https://static.carrefour.es/hd_350x_/img_pim_food/000018_00_1.jpg,Disponible
08-04-2025,20:30:09,La Despensa,Masa brisa Carrefour 230 g.,"1,10 €","4,78 €/kg",https://www.carrefour.es/supermercado/masa-brisa-carrefour-230-g/R-663201868/p,https://static.carrefour.es/hd_350x_/img_pim_food/314791_00_1.jpg,Disponible
08-04-2025,20:30:09,La Despensa,"Yogur líquido de frutas del bosque Carrefour Classic' sin gluten 1,5 l.","1,90 €","1,27 €/l",https://www.carrefour.es/supermercado/yogur-liquido-de-frutas-del-bosque-carrefour-classic-sin-gluten-15-l/R-VC4AECOMM-741166/p,https://static.carrefour.es/hd_350x_/img_pim_food/741166_00_1.jpg,Disponible
08-04-2025,20:30:09,La Despensa,Placas para lasaña precocidas Carrefour 250 g.,"1,19 €","4,76 €/kg",https://www.carrefour.es/supermercado/placas-para-lasana-precocidas-carrefour-250-g/R-590210865/p,https://static.carrefour.es/hd_350x_/img_pim_food/290377_00_1.jpg,Disponible
08-04-2025,20:30:09,La Despensa,Atún en aceite de girasol Simpl 73 g.,"1,05 €","14,38 €/kg",https://www.carrefour.es/supermercado/atun-en-aceite-de-girasol-simpl-73-g/R-prod460683/p,https://static.carrefour.es/hd_350x_/img_pim_food/827718_00_1.jpg,Disponible
08-04-2025,20:30:09,La Despensa,Galletas de mantequilla con tableta de chocolate blanco Carrefour 150 g.,"1,40 €","9,33 €/kg",https://www.carrefour.es/supermercado/galletas-de-mantequilla-con-tableta-de-chocolate-blanco-carrefour-150-g/R-657801753/p,https://static.carrefour.es/hd_350x_/img_pim_food/309989_00_1.jpg,Disponible
08-04-2025,20:30:09,La Despensa,Caldo de verduras Classic Carrefour sin gluten brik 1 l.,"0,98 €","0,98 €/l",https://www.carrefour.es/supermercado/caldo-de-verduras-classic-carrefour-sin-gluten-brik-1-l/R-521005791/p,https://static.carrefour.es/hd_350x_/img_pim_food/691850_00_1.jpg,Disponible
08-04-2025,20:30:09,La Despensa,Arroz integral Sos 1 kg.,"2,05 €","2,05 €/kg",https://www.carrefour.es/supermercado/arroz-integral-sos-1-kg/R-696810961/p,https://static.carrefour.es/hd_350x_/img_pim_food/052162_00_1.jpg,Disponible
08-04-2025,20:30:09,La Despensa,Arándanos rojos Carrefour 200 g.,"2,25 €","11,25 €/kg",https://www.carrefour.es/supermercado/arandanos-rojos-carrefour-200-g/R-prod370920/p,https://static.carrefour.es/hd_350x_/img_pim_food/434642_00_1.jpg,Disponible
08-04-2025,20:30:09,La Despensa,Gelatina light sabor fresa sin azúcar añadido Carrefour sin gluten pack de 6 unidades de 100 g.,"1,08 €","1,80 €/kg",https://www.carrefour.es/supermercado/gelatina-light-sabor-fresa-sin-azucar-anadido-carrefour-sin-gluten-pack-de-6-unidades-de-100-g/R-prod1010194/p,https://static.carrefour.es/hd_350x_/img_pim_food/089854_00_1.jpg,Disponible
08-04-2025,20:30:09,La Despensa,Yogur sabor frutos del bosque Danone pack de 4 unidades de 120 g.,"0,99 €","2,06 €/kg",https://www.carrefour.es/supermercado/yogur-sabor-frutos-del-bosque-danone-pack-de-4-unidades-de-120-g/R-VC4AECOMM-050650/p,https://static.carrefour.es/hd_350x_/img_pim_food/050650_00_1.jpg,Agotado temporalmente
08-04-2025,20:30:09,La Despensa,Bonito del norte en aceite de oliva procedente de pesca sostenible Carrefour 260 g.,"7,25 €","27,88 €/kg",https://www.carrefour.es/supermercado/bonito-del-norte-en-aceite-de-oliva-procedente-de-pesca-sostenible-carrefour-260-g/R-prod620144/p,https://static.carrefour.es/hd_350x_/img_pim_food/841529_00_1.jpg,Disponible
08-04-2025,20:30:09,La Despensa,Clara de huevo liquido pasteurizado Roig 500 ml,"2,99 €","5,98 €/kg",https://www.carrefour.es/supermercado/clara-de-huevo-liquido-pasteurizado-roig-500-ml/R-prod120404/p,https://static.carrefour.es/hd_350x_/img_pim_food/227991_00_1.jpg,Disponible
08-04-2025,20:30:52,La Despensa,Alfajor de dulce de leche Mardel 150 g.,"2,39 €","15,93 €/kg",https://www.carrefour.es/supermercado/alfajor-de-dulce-de-leche-mardel-150-g/R-590213573/p,https://static.carrefour.es/hd_350x_/img_pim_food/582688_00_1.jpg,Disponible
08-04-2025,20:30:52,La Despensa,Alubias cocidas en salsa de tomate Heinz 415 g.,"1,47 €","3,54 €/kg",https://www.carrefour.es/supermercado/alubias-cocidas-en-salsa-de-tomate-heinz-415-g/R-521029345/p,https://static.carrefour.es/hd_350x_/img_pim_food/028910_00_1.jpg,Disponible
08-04-2025,20:30:52,La Despensa,Té matcha ecológico Carrefour Bio 55 g.,"3,39 €","61,64 €/kg",https://www.carrefour.es/supermercado/te-matcha-ecologico-carrefour-bio-55-g/R-fprod1360098/p,https://static.carrefour.es/hd_350x_/img_pim_food/338875_00_1.jpg,Disponible
08-04-2025,20:30:52,La Despensa,Preparado de soja fresa tipo skyr alto en proteína Alpro sin lactosa 400 g.,"2,59 €","6,47 €/kg",https://www.carrefour.es/supermercado/preparado-de-soja-fresa-tipo-skyr-alto-en-proteina-alpro-sin-lactosa-400-g/R-VC4AECOMM-460105/p,https://static.carrefour.es/hd_350x_/img_pim_food/460105_00_1.jpg,Disponible
08-04-2025,20:30:52,La Despensa,"Leche semidesnatada Pascual botella 1,5 l.","1,95 €","1,30 €/l",https://www.carrefour.es/supermercado/leche-semidesnatada-pascual-botella-15-l/R-VC4AECOMM-481195/p,https://static.carrefour.es/hd_350x_/img_pim_food/481195_00_1.jpg,Disponible
08-04-2025,20:30:52,La Despensa,"Chocolate con leche relleno de galleta, leche y chocolate Milka 300 g.","4,49 €","14,97 €/kg",https://www.carrefour.es/supermercado/chocolate-con-leche-relleno-de-galleta-leche-y-chocolate-milka-300-g/R-521004407/p,https://static.carrefour.es/hd_350x_/img_pim_food/020306_00_1.jpg,Disponible
08-04-2025,20:30:52,La Despensa,Café molido mezcla Gran Aroma Marcilla 250 g.,"4,79 €","19,16 €/kg",https://www.carrefour.es/supermercado/cafe-molido-mezcla-gran-aroma-marcilla-250-g/R-521003033/p,https://static.carrefour.es/hd_350x_/img_pim_food/001715_00_1.jpg,Disponible
08-04-2025,20:30:52,La Despensa,Yogur de fresa con grageas de chocolate Nestlé Smarties pack de 2 unidades de 128 g.,"2,05 €","8,01 €/kg",https://www.carrefour.es/supermercado/yogur-de-fresa-con-grageas-de-chocolate-nestle-smarties-pack-de-2-unidades-de-128-g/R-638901810/p,https://static.carrefour.es/hd_350x_/img_pim_food/351938_00_1.jpg,Disponible
08-04-2025,20:30:52,La Despensa,Galletas Dinosaurus Artiach 185 g.,"1,99 €","10,76 €/kg",https://www.carrefour.es/supermercado/galletas-dinosaurus-artiach-185-g/R-521002925/p,https://static.carrefour.es/hd_350x_/img_pim_food/001703_00_1.jpg,Disponible
08-04-2025,20:30:52,La Despensa,Preparado de soja con vainilla Alpro sin gluten y sin lactosa 400 g.,"2,29 €","5,72 €/kg",https://www.carrefour.es/supermercado/preparado-de-soja-con-vainilla-alpro-sin-gluten-y-sin-lactosa-400-g/R-VC4AECOMM-014034/p,https://static.carrefour.es/hd_350x_/img_pim_food/014034_00_1.jpg,Disponible
08-04-2025,20:30:52,La Despensa,Cacao soluble Dulcinea sin Gluten 500 g.,"2,19 €","4,38 €/kg",https://www.carrefour.es/supermercado/cacao-soluble-dulcinea-sin-gluten-500-g/R-prod760328/p,https://static.carrefour.es/hd_350x_/img_pim_food/859988_00_1.jpg,Disponible
08-04-2025,20:30:52,La Despensa,Edulcorante climatos y sacarinas en polvo Carrefour 60 ud.,"1,10 €","18,33 €/kg",https://www.carrefour.es/supermercado/edulcorante-climatos-y-sacarinas-en-polvo-carrefour-60-ud/R-prod260340/p,https://static.carrefour.es/hd_350x_/img_pim_food/293672_00_1.jpg,Disponible
08-04-2025,20:30:52,La Despensa,Sardinillas en aceite de girasol picantes Classic Carrefour pack de 2 unidades de 65 g.,"1,75 €","13,46 €/kg",https://www.carrefour.es/supermercado/sardinillas-en-aceite-de-girasol-picantes-classic-carrefour-pack-de-2-unidades-de-65-g/R-prod590521/p,https://static.carrefour.es/hd_350x_/img_pim_food/839324_00_1.jpg,Disponible
08-04-2025,20:30:52,La Despensa,Batido de chocolate shake Milka 200 ml.,"1,79 €","8,95 €/l",https://www.carrefour.es/supermercado/batido-de-chocolate-shake-milka-200-ml/R-VC4AECOMM-562092/p,https://static.carrefour.es/hd_350x_/img_pim_food/562092_00_1.jpg,Disponible
08-04-2025,20:30:52,La Despensa,Café molido natural Gran Aroma Marcilla 250 g.,"4,79 €","19,16 €/kg",https://www.carrefour.es/supermercado/cafe-molido-natural-gran-aroma-marcilla-250-g/R-521002994/p,https://static.carrefour.es/hd_350x_/img_pim_food/001723_00_1.jpg,Disponible
08-04-2025,20:30:52,La Despensa,Peskitos Pescanova 400 g.,"4,19 €","10,47 €/kg",https://www.carrefour.es/supermercado/peskitos-pescanova-400-g/R-521033656/p,https://static.carrefour.es/hd_350x_/img_pim_food/003376_00_1.jpg,Disponible
08-04-2025,20:30:52,La Despensa,Bonito del norte en aceite de oliva Consorcio 260 g.,"10,75 €","41,35 €/kg",https://www.carrefour.es/supermercado/bonito-del-norte-en-aceite-de-oliva-consorcio-260-g/R-681208379/p,https://static.carrefour.es/hd_350x_/img_pim_food/128674_00_1.jpg,Disponible
08-04-2025,20:30:52,La Despensa,Sal marina fina Carrefour 250 g.,"0,62 €","2,48 €/kg",https://www.carrefour.es/supermercado/sal-marina-fina-carrefour-250-g/R-521005132/p,https://static.carrefour.es/hd_350x_/img_pim_food/234968_00_1.jpg,Disponible
08-04-2025,20:30:52,La Despensa,Chicles sabor fresa Orbit sin azúcar 64 g.,"3,69 €","57,66 €/kg",https://www.carrefour.es/supermercado/chicles-sabor-fresa-orbit-sin-azucar-64-g/R-VC4AECOMM-388259/p,https://static.carrefour.es/hd_350x_/img_pim_food/388259_00_1.jpg,Disponible
08-04-2025,20:30:52,La Despensa,Caldo natural de pollo Gallo sin gluten y sin lactosa brik 1 l.,"1,99 €","1,99 €/l",https://www.carrefour.es/supermercado/caldo-natural-de-pollo-gallo-sin-gluten-y-sin-lactosa-brik-1-l/R-VC4AECOMM-082871/p,https://static.carrefour.es/hd_350x_/img_pim_food/082871_00_1.jpg,Disponible
08-04-2025,20:30:52,La Despensa,Pistacho natural sin cáscara Carrefour Original doy pack 100 g.,"2,75 €","27,50 €/kg",https://www.carrefour.es/supermercado/pistacho-natural-sin-cascara-carrefour-original-doy-pack-100-g/R-VC4AECOMM-645297/p,https://static.carrefour.es/hd_350x_/img_pim_food/645297_00_1.jpg,Disponible
08-04-2025,20:30:52,La Despensa,Crepes rellenos de chocolate Carrefour Classic' 256 g.,"1,93 €","7,54 €/kg",https://www.carrefour.es/supermercado/crepes-rellenos-de-chocolate-carrefour-classic-256-g/R-546501822/p,https://static.carrefour.es/hd_350x_/img_pim_food/236289_00_1.jpg,Disponible
08-04-2025,20:30:52,La Despensa,Pan burger TGB 292 g 4 ud,"3,73 €","12,77 €/kg",https://www.carrefour.es/supermercado/pan-burger-tgb-292-g-4-ud/R-VC4AECOMM-612689/p,https://static.carrefour.es/hd_350x_/img_pim_food/612689_00_1.jpg,Disponible
08-04-2025,20:30:52,La Despensa,Mini cookies Carrefour 150 g.,"1,32 €","8,80 €/kg",https://www.carrefour.es/supermercado/mini-cookies-carrefour-150-g/R-VC4AECOMM-513773/p,https://static.carrefour.es/hd_350x_/img_pim_food/513773_00_1.jpg,Disponible
08-04-2025,20:31:46,Bebidas,Cerveza Carrefour Holandesa lata 33 cl.,"0,31 €","0,94 €/l",https://www.carrefour.es/supermercado/cerveza-carrefour-holandesa-lata-33-cl/R-520661340/p,https://static.carrefour.es/hd_350x_/img_pim_food/228844_00_1.jpg,Disponible
08-04-2025,20:31:46,Bebidas,"Agua mineral Fuente Primavera 1,5 l.","0,25 €","0,17 €/l",https://www.carrefour.es/supermercado/agua-mineral-fuente-primavera-15-l/R-695701669/p,https://static.carrefour.es/hd_350x_/img_pim_food/474835_00_1.jpg,Disponible
08-04-2025,20:31:46,Bebidas,Coca Cola zero azúcar pack 24 latas 33 cl.,,"2,42 €/l",https://www.carrefour.es/supermercado/coca-cola-zero-azucar-pack-24-latas-33-cl/R-521028147/p,https://static.carrefour.es/hd_350x_/img_pim_food/692745_00_1.jpg,Disponible
08-04-2025,20:31:46,Bebidas,Coca Cola zero azúcar pack 4 botellas 2 l.,"8,00 €","1,00 €/l",https://www.carrefour.es/supermercado/coca-cola-zero-azucar-pack-4-botellas-2-l/R-521015966/p,https://static.carrefour.es/hd_350x_/img_pim_food/697623_00_1.jpg,Disponible
08-04-2025,20:31:46,Bebidas,Cerveza Mahou clásica lata 50 cl.,"1,14 €","2,28 €/l",https://www.carrefour.es/supermercado/cerveza-mahou-clasica-lata-50-cl/R-520661336/p,https://static.carrefour.es/hd_350x_/img_pim_food/189537_00_1.jpg,Disponible
08-04-2025,20:31:46,Bebidas,"Agua mineral Bezoya 1,5 l.","0,74 €","0,49 €/l",https://www.carrefour.es/supermercado/agua-mineral-bezoya-15-l/R-520661058/p,https://static.carrefour.es/hd_350x_/img_pim_food/033249_00_1.jpg,Disponible
08-04-2025,20:31:46,Bebidas,Cerveza Koenigsbier lata 33 cl.,"0,30 €","0,91 €/l",https://www.carrefour.es/supermercado/cerveza-koenigsbier-lata-33-cl/R-VC4AECOMM-390311/p,https://static.carrefour.es/hd_350x_/img_pim_food/390311_00_1.jpg,Disponible
08-04-2025,20:31:46,Bebidas,Cerveza rubia clásica Carrefour lata 33 cl,"0,36 €","1,09 €/l",https://www.carrefour.es/supermercado/cerveza-rubia-clasica-carrefour-lata-33-cl/R-VC4AECOMM-064042/p,https://static.carrefour.es/hd_350x_/img_pim_food/064042_00_1.jpg,Disponible
08-04-2025,20:31:46,Bebidas,"Agua mineral Font Vella 1,5 l.","0,75 €","0,50 €/l",https://www.carrefour.es/supermercado/agua-mineral-font-vella-15-l/R-520661054/p,https://static.carrefour.es/hd_350x_/img_pim_food/000127_00_1.jpg,Disponible
08-04-2025,20:31:46,Bebidas,Coca Cola zero azúcar zero cafeína pack 24 latas 33 cl.,,"2,42 €/l",https://www.carrefour.es/supermercado/coca-cola-zero-azucar-zero-cafeina-pack-24-latas-33-cl/R-prod271532/p,https://static.carrefour.es/hd_350x_/img_pim_food/303653_00_1.jpg,Disponible
08-04-2025,20:31:46,Bebidas,"Cerveza Corona botella 35,5 cl.","1,50 €","4,23 €/l",https://www.carrefour.es/supermercado/cerveza-corona-botella-355-cl/R-582102538/p,https://static.carrefour.es/hd_350x_/img_pim_food/296092_00_1.jpg,Disponible
08-04-2025,20:31:46,Bebidas,Cerveza Cruzcampo Pilsen botella 1 l.,"1,86 €","1,86 €/l",https://www.carrefour.es/supermercado/cerveza-cruzcampo-pilsen-botella-1-l/R-fprod1190453/p,https://static.carrefour.es/hd_350x_/img_pim_food/242601_00_1.jpg,Disponible
08-04-2025,20:31:46,Bebidas,Agua mineral Font Vella natural 2 l..,"0,99 €","0,49 €/l",https://www.carrefour.es/supermercado/agua-mineral-font-vella-natural-2-l/R-520661076/p,https://static.carrefour.es/hd_350x_/img_pim_food/058404_00_1.jpg,Disponible
08-04-2025,20:31:46,Bebidas,"Agua mineral Solán de Cabras natural 1,5 l.","0,89 €","0,59 €/l",https://www.carrefour.es/supermercado/agua-mineral-solan-de-cabras-natural-15-l/R-520661064/p,https://static.carrefour.es/hd_350x_/img_pim_food/492590_00_1.jpg,Disponible
08-04-2025,20:31:46,Bebidas,"Agua mineral Lanjarón 1,5 l.","0,71 €","0,47 €/l",https://www.carrefour.es/supermercado/agua-mineral-lanjaron-15-l/R-520661060/p,https://static.carrefour.es/hd_350x_/img_pim_food/029203_00_1.jpg,Disponible
08-04-2025,20:31:46,Bebidas,Cerveza Mahou Clásica pack de 28 latas de 33 cl.,,"1,62 €/l",https://www.carrefour.es/supermercado/cerveza-mahou-clasica-pack-de-28-latas-de-33-cl/R-520661321/p,https://static.carrefour.es/hd_350x_/img_pim_food/718559_00_1.jpg,Disponible
08-04-2025,20:31:46,Bebidas,Agua mineral Carrefour 50 cl.,"0,29 €","0,58 €/l",https://www.carrefour.es/supermercado/agua-mineral-carrefour-50-cl/R-520661025/p,https://static.carrefour.es/hd_350x_/img_pim_food/609747_00_1.jpg,Disponible
08-04-2025,20:31:46,Bebidas,Agua mineral Font Vella 50 cl.,"0,69 €","1,38 €/l",https://www.carrefour.es/supermercado/agua-mineral-font-vella-50-cl/R-520661043/p,https://static.carrefour.es/hd_350x_/img_pim_food/792209_00_1.jpg,Disponible
08-04-2025,20:31:46,Bebidas,Cerveza Mahou Clásica botella 1 l.,"1,82 €","1,82 €/l",https://www.carrefour.es/supermercado/cerveza-mahou-clasica-botella-1-l/R-521011811/p,https://static.carrefour.es/hd_350x_/img_pim_food/000137_00_1.jpg,Disponible
08-04-2025,20:31:46,Bebidas,"Agua mineral natural Nestlé Aquarel 1,5 l.","0,62 €","0,41 €/l",https://www.carrefour.es/supermercado/agua-mineral-natural-nestle-aquarel-15-l/R-521028182/p,https://static.carrefour.es/hd_350x_/img_pim_food/263525_00_1.jpg,Disponible
08-04-2025,20:31:46,Bebidas,Sprite de lima-limón sin azúcar botella 2 l.,"1,65 €","0,82 €/l",https://www.carrefour.es/supermercado/sprite-de-lima-limon-sin-azucar-botella-2-l/R-589802808/p,https://static.carrefour.es/hd_350x_/img_pim_food/282008_00_1.jpg,Disponible
08-04-2025,20:31:46,Bebidas,"Agua mineral Carrefour 1,5 l.","0,41 €","0,27 €/l",https://www.carrefour.es/supermercado/agua-mineral-carrefour-15-l/R-520661062/p,https://static.carrefour.es/hd_350x_/img_pim_food/609744_00_1.jpg,Disponible
08-04-2025,20:31:46,Bebidas,Cola Carrefour Classic' lata 33 cl.,"0,32 €","0,97 €/l",https://www.carrefour.es/supermercado/cola-carrefour-classic-lata-33-cl/R-VC4AECOMM-720284/p,https://static.carrefour.es/hd_350x_/img_pim_food/720284_00_1.jpg,Disponible
08-04-2025,20:31:46,Bebidas,Cerveza Cruzcampo Pilsen lata 50 cl.,"1,20 €","2,40 €/l",https://www.carrefour.es/supermercado/cerveza-cruzcampo-pilsen-lata-50-cl/R-530363020/p,https://static.carrefour.es/hd_350x_/img_pim_food/158987_00_1.jpg,Disponible
08-04-2025,20:31:46,Bebidas,Cola Carrefour Classic' zero lata 33 cl.,"0,33 €",1 €/l,https://www.carrefour.es/supermercado/cola-carrefour-classic-zero-lata-33-cl/R-VC4AECOMM-720300/p,https://static.carrefour.es/hd_350x_/img_pim_food/720300_00_1.jpg,Disponible
08-04-2025,20:31:46,Bebidas,Tónica Schweppes lata 33 cl.,"0,99 €",3 €/l,https://www.carrefour.es/supermercado/tonica-schweppes-lata-33-cl/R-521011212/p,https://static.carrefour.es/hd_350x_/img_pim_food/000039_00_1.jpg,Disponible
08-04-2025,20:31:46,Bebidas,"Cerveza 0,0% alcohol Carrefour lata 33 cl.","0,35 €","1,06 €/l",https://www.carrefour.es/supermercado/cerveza-00-alcohol-carrefour-lata-33-cl/R-784712295/p,https://static.carrefour.es/hd_350x_/img_pim_food/874903_00_1.jpg,Disponible
08-04-2025,20:31:46,Bebidas,Cerveza Budweiser Lager lata 33 cl.,"0,92 €","2,79 €/l",https://www.carrefour.es/supermercado/cerveza-budweiser-lager-lata-33-cl/R-520661187/p,https://static.carrefour.es/hd_350x_/img_pim_food/007332_00_1.jpg,Disponible
08-04-2025,20:31:46,Bebidas,Agua mineral Fuente Primavera 50 cl.,"0,24 €","0,48 €/l",https://www.carrefour.es/supermercado/agua-mineral-fuente-primavera-50-cl/R-731386916/p,https://static.carrefour.es/hd_350x_/img_pim_food/181141_00_1.jpg,Disponible
08-04-2025,20:32:28,Bebidas,Agua mineral Bezoya natural 5 l.,"2,29 €","0,46 €/l",https://www.carrefour.es/supermercado/agua-mineral-bezoya-natural-5-l/R-546102598/p,https://static.carrefour.es/hd_350x_/img_pim_food/790105_00_1.jpg,Disponible
08-04-2025,20:32:28,Bebidas,Agua mineral Carrefour 2 l.,"0,53 €","0,26 €/l",https://www.carrefour.es/supermercado/agua-mineral-carrefour-2-l/R-520661068/p,https://static.carrefour.es/hd_350x_/img_pim_food/609743_00_1.jpg,Disponible
08-04-2025,20:32:28,Bebidas,"Agua mineral con gas Carrefour 1,25 l.","0,36 €","0,29 €/l",https://www.carrefour.es/supermercado/agua-mineral-con-gas-carrefour-125-l/R-530014489/p,https://static.carrefour.es/hd_350x_/img_pim_food/289186_00_1.jpg,Disponible
08-04-2025,20:32:28,Bebidas,Cerveza Carrefour Holandesa lata 50 cl.,"0,47 €","0,94 €/l",https://www.carrefour.es/supermercado/cerveza-carrefour-holandesa-lata-50-cl/R-816214238/p,https://static.carrefour.es/hd_350x_/img_pim_food/943881_00_1.jpg,Disponible
08-04-2025,20:32:28,Bebidas,Tónica Schweppes botella 20 cl,"1,09 €","5,45 €/l",https://www.carrefour.es/supermercado/tonica-schweppes-botella-20-cl/R-VC4AECOMM-047003/p,https://static.carrefour.es/hd_350x_/img_pim_food/047003_00_1.jpg,Disponible
08-04-2025,20:32:28,Bebidas,Cerveza tostada Ambar triple zero lata 33 cl.,"0,92 €","2,79 €/l",https://www.carrefour.es/supermercado/cerveza-tostada-ambar-triple-zero-lata-33-cl/R-VC4AECOMM-545612/p,https://static.carrefour.es/hd_350x_/img_pim_food/545612_00_1.jpg,Disponible
08-04-2025,20:32:28,Bebidas,"Agua mineral Font Vella 6,25 l.",,"0,36 €/l",https://www.carrefour.es/supermercado/agua-mineral-font-vella-625-l/R-531705055/p,https://static.carrefour.es/hd_350x_/img_pim_food/174341_00_1.jpg,Disponible
08-04-2025,20:32:28,Bebidas,Cerveza Amstel 100% Malta lata 50 cl.,"1,25 €","2,50 €/l",https://www.carrefour.es/supermercado/cerveza-amstel-100-malta-lata-50-cl/R-543602356/p,https://static.carrefour.es/hd_350x_/img_pim_food/448414_00_1.jpg,Disponible
08-04-2025,20:32:28,Bebidas,Agua mineral Fuente Primavera 5 l.,"0,67 €","0,13 €/l",https://www.carrefour.es/supermercado/agua-mineral-fuente-primavera-5-l/R-530014537/p,https://static.carrefour.es/hd_350x_/img_pim_food/507701_00_1.jpg,Disponible
08-04-2025,20:32:28,Bebidas,"Agua mineral Cabreiroa 1,5 l.","0,86 €","0,57 €/l",https://www.carrefour.es/supermercado/agua-mineral-cabreiroa-15-l/R-538001942/p,https://static.carrefour.es/hd_350x_/img_pim_food/105680_00_1.jpg,Disponible
08-04-2025,20:32:28,Bebidas,Cerveza Desperados con tequila botella 33 cl.,"1,33 €","4,03 €/l",https://www.carrefour.es/supermercado/cerveza-desperados-con-tequila-botella-33-cl/R-521028222/p,https://static.carrefour.es/hd_350x_/img_pim_food/028778_00_1.jpg,Disponible
08-04-2025,20:32:28,Bebidas,Cerveza San Miguel especial Lager lata 50 cl.,"1,09 €","2,18 €/l",https://www.carrefour.es/supermercado/cerveza-san-miguel-especial-lager-lata-50-cl/R-520661338/p,https://static.carrefour.es/hd_350x_/img_pim_food/019812_00_1.jpg,Disponible
08-04-2025,20:32:28,Bebidas,Cerveza Heineken Lager pack de 6 botellas de 25 cl.,"3,69 €","2,46 €/l",https://www.carrefour.es/supermercado/cerveza-heineken-lager-pack-de-6-botellas-de-25-cl/R-520661253/p,https://static.carrefour.es/hd_350x_/img_pim_food/000156_00_1.jpg,Disponible
08-04-2025,20:32:28,Bebidas,Cerveza Amstel botella 1 l.,"1,92 €","1,92 €/l",https://www.carrefour.es/supermercado/cerveza-amstel-botella-1-l/R-526715238/p,https://static.carrefour.es/hd_350x_/img_pim_food/000135_00_1.jpg,Disponible
08-04-2025,20:32:28,Bebidas,Cola Carrefour Classic' zero azúcar sin cafeína lata 33 cl.,"0,33 €",1 €/l,https://www.carrefour.es/supermercado/cola-carrefour-classic-zero-azucar-sin-cafeina-lata-33-cl/R-VC4AECOMM-720323/p,https://static.carrefour.es/hd_350x_/img_pim_food/720323_00_1.jpg,Disponible
08-04-2025,20:32:28,Bebidas,Cerveza sin filtrar Mahou 5 estrellas lata 33 cl.,"0,99 €",3 €/l,https://www.carrefour.es/supermercado/cerveza-sin-filtrar-mahou-5-estrellas-lata-33-cl/R-VC4AECOMM-168924/p,https://static.carrefour.es/hd_350x_/img_pim_food/168924_00_1.jpg,Disponible
08-04-2025,20:32:28,Bebidas,Agua mineral Lanjarón 2 l.,"0,92 €","0,46 €/l",https://www.carrefour.es/supermercado/agua-mineral-lanjaron-2-l/R-520661074/p,https://static.carrefour.es/hd_350x_/img_pim_food/186392_00_1.jpg,Disponible
08-04-2025,20:32:28,Bebidas,Cerveza Carrefour Shandy con limón lata 33 cl.,"0,35 €","1,06 €/l",https://www.carrefour.es/supermercado/cerveza-carrefour-shandy-con-limon-lata-33-cl/R-816214251/p,https://static.carrefour.es/hd_350x_/img_pim_food/943882_00_1.jpg,Disponible
08-04-2025,20:32:28,Bebidas,Agua mineral Font Vella natural 1 l.,"0,79 €","0,79 €/l",https://www.carrefour.es/supermercado/agua-mineral-font-vella-natural-1-l/R-520661033/p,https://static.carrefour.es/hd_350x_/img_pim_food/594321_00_1.jpg,Disponible
08-04-2025,20:32:29,Bebidas,Agua mineral Carrefour Kids tapón deportivo 33 cl.,"0,26 €","0,79 €/l",https://www.carrefour.es/supermercado/agua-mineral-carrefour-kids-tapon-deportivo-33-cl/R-prod1130516/p,https://static.carrefour.es/hd_350x_/img_pim_food/186443_00_1.jpg,Disponible
08-04-2025,20:32:29,Bebidas,Cerveza Carrefour especial lata 50 cl.,"0,47 €","0,94 €/l",https://www.carrefour.es/supermercado/cerveza-carrefour-especial-lata-50-cl/R-858808153/p,https://static.carrefour.es/hd_350x_/img_pim_food/115756_00_1.jpg,Disponible
08-04-2025,20:32:29,Bebidas,Cerveza Carrefour sin alcohol lata 33 cl.,"0,34 €","1,03 €/l",https://www.carrefour.es/supermercado/cerveza-carrefour-sin-alcohol-lata-33-cl/R-851600310/p,https://static.carrefour.es/hd_350x_/img_pim_food/045339_00_1.jpg,Disponible
08-04-2025,20:32:29,Bebidas,Agua mineral con gas Carrefour 50 cl.,"0,32 €","0,64 €/l",https://www.carrefour.es/supermercado/agua-mineral-con-gas-carrefour-50-cl/R-530014491/p,https://static.carrefour.es/hd_350x_/img_pim_food/289187_00_1.jpg,Disponible
08-04-2025,20:32:29,Bebidas,Agua mineral Solán de Cabras natural 75 cl.,"0,90 €","1,20 €/l",https://www.carrefour.es/supermercado/agua-mineral-solan-de-cabras-natural-75-cl/R-640001889/p,https://static.carrefour.es/hd_350x_/img_pim_food/809697_00_1.jpg,Disponible
08-04-2025,20:33:10,Bebidas,Gaseosa Carrefour Calssic´ cero azúcares botella 50 cl.,"0,31 €","0,62 €/l",https://www.carrefour.es/supermercado/gaseosa-carrefour-calssic-cero-azucares-botella-50-cl/R-520660420/p,https://static.carrefour.es/hd_350x_/img_pim_food/440911_00_1.jpg,Disponible
08-04-2025,20:33:10,Bebidas,Cerveza Carrefour Lager botella 1 l.,"0,99 €","0,99 €/l",https://www.carrefour.es/supermercado/cerveza-carrefour-lager-botella-1-l/R-520661313/p,https://static.carrefour.es/hd_350x_/img_pim_food/440913_00_1.jpg,Disponible
08-04-2025,20:33:10,Bebidas,Agua mineral Carrefour tapón deportivo 75 cl,"0,69 €","0,92 €/l",https://www.carrefour.es/supermercado/agua-mineral-carrefour-tapon-deportivo-75-cl/R-prod840294/p,https://static.carrefour.es/hd_350x_/img_pim_food/345996_00_1.jpg,Disponible
08-04-2025,20:33:10,Bebidas,Agua mineral Aquabona 50 cl.,"0,62 €","1,24 €/l",https://www.carrefour.es/supermercado/agua-mineral-aquabona-50-cl/R-526627408/p,https://static.carrefour.es/hd_350x_/img_pim_food/561384_00_1.jpg,Disponible
08-04-2025,20:33:10,Bebidas,Tónica Schweppes zero lata 33 cl.,"0,99 €",3 €/l,https://www.carrefour.es/supermercado/tonica-schweppes-zero-lata-33-cl/R-520660426/p,https://static.carrefour.es/hd_350x_/img_pim_food/029259_00_1.jpg,Disponible
08-04-2025,20:33:10,Bebidas,Agua mineral Solán de Cabras natural 50 cl.,"0,81 €","1,62 €/l",https://www.carrefour.es/supermercado/agua-mineral-solan-de-cabras-natural-50-cl/R-520661045/p,https://static.carrefour.es/hd_350x_/img_pim_food/594125_00_1.jpg,Disponible
08-04-2025,20:33:10,Bebidas,Monster Energy Green Bebida Energética lata 50 cl.,"1,79 €","3,58 €/l",https://www.carrefour.es/supermercado/monster-energy-green-bebida-energetica-lata-50-cl/R-526600642/p,https://static.carrefour.es/hd_350x_/img_pim_food/123190_00_1.jpg,Disponible
08-04-2025,20:33:10,Bebidas,Cerveza Heineken Lager pack de 12 latas de 33 cl.,"10,20 €","2,58 €/l",https://www.carrefour.es/supermercado/cerveza-heineken-lager-pack-de-12-latas-de-33-cl/R-521034680/p,https://static.carrefour.es/hd_350x_/img_pim_food/537792_00_1.jpg,Disponible
08-04-2025,20:33:10,Bebidas,Agua mineral con gas Fonter 1 l.,"1,11 €","1,11 €/l",https://www.carrefour.es/supermercado/agua-mineral-con-gas-fonter-1-l/R-665008949/p,https://static.carrefour.es/hd_350x_/img_pim_food/316697_00_1.jpg,Disponible
08-04-2025,20:33:10,Bebidas,"Red Bull Bebida Energética lata 35,5 cl","2,25 €","6,34 €/l",https://www.carrefour.es/supermercado/red-bull-bebida-energetica-lata-355-cl/R-528412220/p,https://static.carrefour.es/hd_350x_/img_pim_food/011595_00_1.jpg,Disponible
08-04-2025,20:33:10,Bebidas,Cerveza 1906 reserva especial lata 33 cl.,"1,19 €","3,61 €/l",https://www.carrefour.es/supermercado/cerveza-1906-reserva-especial-lata-33-cl/R-538002302/p,https://static.carrefour.es/hd_350x_/img_pim_food/569004_00_1.jpg,Disponible
08-04-2025,20:33:10,Bebidas,Nestea té verde con maracuyá lata 33 cl.,"1,07 €","3,24 €/l",https://www.carrefour.es/supermercado/nestea-te-verde-con-maracuya-lata-33-cl/R-654801691/p,https://static.carrefour.es/hd_350x_/img_pim_food/003919_00_1.jpg,Disponible
08-04-2025,20:33:10,Bebidas,Cerveza Carrefour extra malta lata de 33 cl.,"0,52 €","1,58 €/l",https://www.carrefour.es/supermercado/cerveza-carrefour-extra-malta-lata-de-33-cl/R-VC4AECOMM-476843/p,https://static.carrefour.es/hd_350x_/img_pim_food/476843_00_1.jpg,Disponible
08-04-2025,20:33:10,Bebidas,Cerveza Heineken Lager lata 50 cl.,"1,57 €","3,14 €/l",https://www.carrefour.es/supermercado/cerveza-heineken-lager-lata-50-cl/R-521011927/p,https://static.carrefour.es/hd_350x_/img_pim_food/035423_00_1.jpg,Disponible
08-04-2025,20:33:10,Bebidas,Cerveza Mahou 5 Estrellas especial lata 50 cl.,"1,15 €","2,30 €/l",https://www.carrefour.es/supermercado/cerveza-mahou-5-estrellas-especial-lata-50-cl/R-521014198/p,https://static.carrefour.es/hd_350x_/img_pim_food/029129_00_1.jpg,Disponible
08-04-2025,20:33:10,Bebidas,Vino blanco Carrefour Classic brik 1 l.,"0,88 €","0,88 €/l",https://www.carrefour.es/supermercado/vino-blanco-carrefour-classic-brik-1-l/R-520661414/p,https://static.carrefour.es/hd_350x_/img_pim_food/513373_00_1.jpg,Disponible
08-04-2025,20:33:10,Bebidas,Tónica Schweppes botella 1 l.,"1,99 €","1,99 €/l",https://www.carrefour.es/supermercado/tonica-schweppes-botella-1-l/R-521011992/p,https://static.carrefour.es/hd_350x_/img_pim_food/216327_00_1.jpg,Disponible
08-04-2025,20:33:10,Bebidas,Zumo de fruta y leche Carrefour Tropical pack de 6 briks de 20 cl.,"1,25 €","1,04 €/l",https://www.carrefour.es/supermercado/zumo-de-fruta-y-leche-carrefour-tropical-pack-de-6-briks-de-20-cl/R-801332637/p,https://static.carrefour.es/hd_350x_/img_pim_food/902174_00_1.jpg,Disponible
08-04-2025,20:33:10,Bebidas,"Gaseosa Carrefour Classic´ cero azúcares botella 1,5 l.","0,49 €","0,33 €/l",https://www.carrefour.es/supermercado/gaseosa-carrefour-classic-cero-azucares-botella-15-l/R-520660422/p,https://static.carrefour.es/hd_350x_/img_pim_food/228959_00_1.jpg,Disponible
08-04-2025,20:33:10,Bebidas,Agua mineral natural Nestlé Aquarel 2 l.,"0,81 €","0,40 €/l",https://www.carrefour.es/supermercado/agua-mineral-natural-nestle-aquarel-2-l/R-520661082/p,https://static.carrefour.es/hd_350x_/img_pim_food/594320_00_1.jpg,Disponible
08-04-2025,20:33:10,Bebidas,Cola Carrefour Classic' botella 2 l.,"0,75 €","0,37 €/l",https://www.carrefour.es/supermercado/cola-carrefour-classic-botella-2-l/R-VC4AECOMM-720311/p,https://static.carrefour.es/hd_350x_/img_pim_food/720311_00_1.jpg,Disponible
08-04-2025,20:33:10,Bebidas,Trina de naranja sin gas lata 33 cl.,"0,69 €","2,09 €/l",https://www.carrefour.es/supermercado/trina-de-naranja-sin-gas-lata-33-cl/R-520660612/p,https://static.carrefour.es/hd_350x_/img_pim_food/760876_00_1.jpg,Disponible
08-04-2025,20:33:10,Bebidas,Zumo de naranja recién exprimido Carrefour 1 l,"6,29 €","6,29 €/l",https://www.carrefour.es/supermercado/zumo-de-naranja-recien-exprimido-carrefour-1-l/R-VC4AECOMM-444984/p,https://static.carrefour.es/hd_350x_/img_pim_food/444984_00_1.jpg,Disponible
08-04-2025,20:33:10,Bebidas,Zumo de naranja recién exprimido Carrefour 500 ml,"3,99 €","7,98 €/l",https://www.carrefour.es/supermercado/zumo-de-naranja-recien-exprimido-carrefour-500-ml/R-VC4AECOMM-444979/p,https://static.carrefour.es/hd_350x_/img_pim_food/444979_00_1.jpg,Disponible
08-04-2025,20:33:51,Bebidas,Cola Carrefour Classic' zero botella 2 l.,"0,75 €","0,37 €/l",https://www.carrefour.es/supermercado/cola-carrefour-classic-zero-botella-2-l/R-VC4AECOMM-720271/p,https://static.carrefour.es/hd_350x_/img_pim_food/720271_00_1.jpg,Disponible
08-04-2025,20:33:51,Bebidas,Agua mineral Solán de Cabras natural 5 l.,"2,89 €","0,58 €/l",https://www.carrefour.es/supermercado/agua-mineral-solan-de-cabras-natural-5-l/R-521028188/p,https://static.carrefour.es/hd_350x_/img_pim_food/026430_00_1.jpg,Disponible
08-04-2025,20:33:51,Bebidas,Vino blanco verdejo Dama del Lago D.O. Rueda 75 cl.,"3,29 €","3,29 €/ud",https://www.carrefour.es/supermercado/vino-blanco-verdejo-dama-del-lago-do-rueda-75-cl/R-715201942/p,https://static.carrefour.es/hd_350x_/img_pim_food/484782_00_1.jpg,Disponible
08-04-2025,20:33:51,Bebidas,Coca Cola pack de 2 botellas de 2 l.,4 €,1 €/l,https://www.carrefour.es/supermercado/coca-cola-pack-de-2-botellas-de-2-l/R-521033382/p,https://static.carrefour.es/hd_350x_/img_pim_food/364178_00_1.jpg,Disponible
08-04-2025,20:33:51,Bebidas,Tónica Carrefour lata 33 cl.,"0,37 €","1,12 €/l",https://www.carrefour.es/supermercado/tonica-carrefour-lata-33-cl/R-520660438/p,https://static.carrefour.es/hd_350x_/img_pim_food/535350_00_1.jpg,Disponible
08-04-2025,20:33:51,Bebidas,Cerveza Mahou 5 Estrellas especial pack de 6 botellas de 25 cl.,"3,95 €","2,63 €/l",https://www.carrefour.es/supermercado/cerveza-mahou-5-estrellas-especial-pack-de-6-botellas-de-25-cl/R-520661251/p,https://static.carrefour.es/hd_350x_/img_pim_food/000141_00_1.jpg,Disponible
08-04-2025,20:33:51,Bebidas,Fanta de limón Zero lata 33 cl.,"0,80 €","2,42 €/l",https://www.carrefour.es/supermercado/fanta-de-limon-zero-lata-33-cl/R-520660602/p,https://static.carrefour.es/hd_350x_/img_pim_food/064633_00_1.jpg,Disponible
08-04-2025,20:33:51,Bebidas,Agua mineral Solán de Cabras natural 33 cl.,"0,70 €","2,12 €/l",https://www.carrefour.es/supermercado/agua-mineral-solan-de-cabras-natural-33-cl/R-520661019/p,https://static.carrefour.es/hd_350x_/img_pim_food/120204_00_1.jpg,Disponible
08-04-2025,20:33:51,Bebidas,Energy drink Zero Bebida Energética Carrefour lata 25 cl.,"0,37 €","1,48 €/l",https://www.carrefour.es/supermercado/energy-drink-zero-bebida-energetica-carrefour-lata-25-cl/R-VC4AECOMM-260724/p,https://static.carrefour.es/hd_350x_/img_pim_food/260724_00_1.jpg,Disponible
08-04-2025,20:33:51,Bebidas,Red Bull Bebida Energética coco y arándanos lata 25 cl,"1,59 €","6,36 €/l",https://www.carrefour.es/supermercado/red-bull-bebida-energetica-coco-y-arandanos-lata-25-cl/R-prod1120726/p,https://static.carrefour.es/hd_350x_/img_pim_food/176968_00_1.jpg,Disponible
08-04-2025,20:33:51,Bebidas,Agua mineral Bezoya 50 cl.,"0,65 €","1,30 €/l",https://www.carrefour.es/supermercado/agua-mineral-bezoya-50-cl/R-prod1070608/p,https://static.carrefour.es/hd_350x_/img_pim_food/139546_00_1.jpg,Disponible
08-04-2025,20:33:51,Bebidas,Cerveza El León clásica lata 33 cl.,"0,43 €","1,30 €/l",https://www.carrefour.es/supermercado/cerveza-el-leon-clasica-lata-33-cl/R-VC4AECOMM-412377/p,https://static.carrefour.es/hd_350x_/img_pim_food/412377_00_1.jpg,Disponible
08-04-2025,20:33:51,Bebidas,"Agua mineral Aquabona 1,5 l.","0,69 €","0,46 €/l",https://www.carrefour.es/supermercado/agua-mineral-aquabona-15-l/R-520661066/p,https://static.carrefour.es/hd_350x_/img_pim_food/465192_00_1.jpg,Disponible
08-04-2025,20:33:51,Bebidas,Refresco sabor naranja Carrefour Classic' lata 33 cl.,"0,37 €","1,12 €/l",https://www.carrefour.es/supermercado/refresco-sabor-naranja-carrefour-classic-lata-33-cl/R-800038847/p,https://static.carrefour.es/hd_350x_/img_pim_food/904915_00_1.jpg,Disponible
08-04-2025,20:33:51,Bebidas,"Nestea limón botella 1,5 l.","2,09 €","1,39 €/l",https://www.carrefour.es/supermercado/nestea-limon-botella-15-l/R-530380941/p,https://static.carrefour.es/hd_350x_/img_pim_food/153062_00_1.jpg,Disponible
08-04-2025,20:33:51,Bebidas,Burn Original Bebida Energética lata 50 cl.,"1,25 €","2,50 €/l",https://www.carrefour.es/supermercado/burn-original-bebida-energetica-lata-50-cl/R-651302958/p,https://static.carrefour.es/hd_350x_/img_pim_food/103245_00_1.jpg,Disponible
08-04-2025,20:33:51,Bebidas,"Agua mineral con gas Vichy Catalán natural 1,2 l.","1,75 €","1,46 €/l",https://www.carrefour.es/supermercado/agua-mineral-con-gas-vichy-catalan-natural-12-l/R-811813902/p,https://static.carrefour.es/hd_350x_/img_pim_food/940633_00_1.jpg,Agotado temporalmente
08-04-2025,20:33:51,Bebidas,"Cerveza tostada Mahou 0,0 alcohol pack de 12 latas de 33 cl.","10,07 €","2,54 €/l",https://www.carrefour.es/supermercado/cerveza-tostada-mahou-00-alcohol-pack-de-12-latas-de-33-cl/R-prod1060211/p,https://static.carrefour.es/hd_350x_/img_pim_food/124582_00_1.jpg,Disponible
08-04-2025,20:33:51,Bebidas,Cerveza Mahou 5 Estrellas sin gluten lata 33 cl.,"0,91 €","2,76 €/l",https://www.carrefour.es/supermercado/cerveza-mahou-5-estrellas-sin-gluten-lata-33-cl/R-829217576/p,https://static.carrefour.es/hd_350x_/img_pim_food/964368_00_1.jpg,Disponible
08-04-2025,20:33:51,Bebidas,Refresco sabor naranja zero Carrefour Classic' lata 33 cl.,"0,37 €","1,12 €/l",https://www.carrefour.es/supermercado/refresco-sabor-naranja-zero-carrefour-classic-lata-33-cl/R-VC4AECOMM-036898/p,https://static.carrefour.es/hd_350x_/img_pim_food/036898_00_1.jpg,Disponible
08-04-2025,20:33:51,Bebidas,Cola Revoltosa 2 l.,"0,71 €","0,35 €/l",https://www.carrefour.es/supermercado/cola-revoltosa-2-l/R-prod71263/p,https://static.carrefour.es/hd_350x_/img_pim_food/030455_00_1.jpg,Disponible
08-04-2025,20:33:51,Bebidas,Aquarius sabor limón botella 50 cl.,"1,57 €","3,14 €/l",https://www.carrefour.es/supermercado/aquarius-sabor-limon-botella-50-cl/R-520660733/p,https://static.carrefour.es/hd_350x_/img_pim_food/358314_00_1.jpg,Disponible
08-04-2025,20:33:51,Bebidas,Red Bull Bebida Energética albaricoque y fresa lata 25 cl,"1,59 €","6,36 €/l",https://www.carrefour.es/supermercado/red-bull-bebida-energetica-albaricoque-y-fresa-lata-25-cl/R-VC4AECOMM-768034/p,https://static.carrefour.es/hd_350x_/img_pim_food/768034_00_1.jpg,Disponible
08-04-2025,20:33:51,Bebidas,Agua mineral Carrefour 5 l.,"1,06 €","0,21 €/l",https://www.carrefour.es/supermercado/agua-mineral-carrefour-5-l/R-521028194/p,https://static.carrefour.es/hd_350x_/img_pim_food/609745_00_1.jpg,Disponible
08-04-2025,20:34:32,Bebidas,Powerade Ice Storm con tapón sport botella 50 cl.,"1,62 €","3,24 €/l",https://www.carrefour.es/supermercado/powerade-ice-storm-con-tapon-sport-botella-50-cl/R-520660743/p,https://static.carrefour.es/hd_350x_/img_pim_food/394775_00_1.jpg,Disponible
08-04-2025,20:34:32,Bebidas,Red Bull The Sumer Edition Bebida Energética sabor baya de junio lata 25 cl.,"1,59 €","6,36 €/l",https://www.carrefour.es/supermercado/red-bull-the-sumer-edition-bebida-energetica-sabor-baya-de-junio-lata-25-cl/R-VC4AECOMM-239633/p,https://static.carrefour.es/hd_350x_/img_pim_food/239633_00_1.jpg,Disponible
08-04-2025,20:34:32,Bebidas,Agua mineral natural Nestlé Aquarel tapón deportivo 33 cl.,"0,54 €","1,64 €/l",https://www.carrefour.es/supermercado/agua-mineral-natural-nestle-aquarel-tapon-deportivo-33-cl/R-521028175/p,https://static.carrefour.es/hd_350x_/img_pim_food/263534_00_1.jpg,Disponible
08-04-2025,20:34:32,Bebidas,Nestea limón lata 33 cl.,"1,08 €","3,27 €/l",https://www.carrefour.es/supermercado/nestea-limon-lata-33-cl/R-520660656/p,https://static.carrefour.es/hd_350x_/img_pim_food/000088_00_1.jpg,Disponible
08-04-2025,20:34:32,Bebidas,Gaseosa La Casera 0% calorías y azúcares botella 50 cl.,"0,87 €","1,74 €/l",https://www.carrefour.es/supermercado/gaseosa-la-casera-0-calorias-y-azucares-botella-50-cl/R-520660424/p,https://static.carrefour.es/hd_350x_/img_pim_food/020842_00_1.jpg,Disponible
08-04-2025,20:34:32,Bebidas,Agua mineral Bezoya 1 l.,"0,72 €","0,72 €/l",https://www.carrefour.es/supermercado/agua-mineral-bezoya-1-l/R-VC4AECOMM-608360/p,https://static.carrefour.es/hd_350x_/img_pim_food/608360_00_1.jpg,Disponible
08-04-2025,20:34:32,Bebidas,Revoltosa limón 2 l.,"0,71 €","0,35 €/l",https://www.carrefour.es/supermercado/revoltosa-limon-2-l/R-prod71260/p,https://static.carrefour.es/hd_350x_/img_pim_food/030459_00_1.jpg,Disponible
08-04-2025,20:34:32,Bebidas,Cerveza San Miguel Especial botella 1 l.,"1,82 €","1,82 €/l",https://www.carrefour.es/supermercado/cerveza-san-miguel-especial-botella-1-l/R-520661315/p,https://static.carrefour.es/hd_350x_/img_pim_food/000136_00_1.jpg,Disponible
08-04-2025,20:34:32,Bebidas,Coca Cola zero azúcar pack 2 botellas 2 l.,4 €,1 €/l,https://www.carrefour.es/supermercado/coca-cola-zero-azucar-pack-2-botellas-2-l/R-732111884/p,https://static.carrefour.es/hd_350x_/img_pim_food/684727_00_1.jpg,Disponible
08-04-2025,20:34:32,Bebidas,Aquarius sabor limón zero azúcar sin calorías botella 1.5 l.,"1,95 €","1,30 €/l",https://www.carrefour.es/supermercado/aquarius-sabor-limon-zero-azucar-sin-calorias-botella-15-l/R-546003741/p,https://static.carrefour.es/hd_350x_/img_pim_food/196322_00_1.jpg,Disponible
08-04-2025,20:34:32,Bebidas,Cerveza Carrefour Especial pack de 12 latas de 33 cl.,"4,09 €","1,03 €/l",https://www.carrefour.es/supermercado/cerveza-carrefour-especial-pack-de-12-latas-de-33-cl/R-fprod1230035/p,https://static.carrefour.es/hd_350x_/img_pim_food/284029_00_1.jpg,Disponible
08-04-2025,20:34:32,Bebidas,Sprite de lima-limón bajo en azúcar lata 33 cl.,"0,61 €","1,85 €/l",https://www.carrefour.es/supermercado/sprite-de-lima-limon-bajo-en-azucar-lata-33-cl/R-520660590/p,https://static.carrefour.es/hd_350x_/img_pim_food/000074_00_1.jpg,Disponible
08-04-2025,20:34:32,Bebidas,Néctar de piña Carrefour Classic brik 1 l.,"0,99 €","0,99 €/l",https://www.carrefour.es/supermercado/nectar-de-pina-carrefour-classic-brik-1-l/R-780686966/p,https://static.carrefour.es/hd_350x_/img_pim_food/865492_00_1.jpg,Disponible
08-04-2025,20:34:32,Bebidas,Refresco de naranja Revoltosa 2 l.,"0,71 €","0,35 €/l",https://www.carrefour.es/supermercado/refresco-de-naranja-revoltosa-2-l/R-prod71261/p,https://static.carrefour.es/hd_350x_/img_pim_food/030457_00_1.jpg,Disponible
08-04-2025,20:34:32,Bebidas,"Cerveza Free Damm Lager 0,0 sin alcohol sin gluten lata 33 cl.",,"2,24 €/l",https://www.carrefour.es/supermercado/cerveza-free-damm-lager-00-sin-alcohol-sin-gluten-lata-33-cl/R-520661370/p,https://static.carrefour.es/hd_350x_/img_pim_food/030464_00_1.jpg,Disponible
08-04-2025,20:34:32,Bebidas,Bebida tropical Carrefour sin azúcar añadido brik 1 l.,"0,90 €","0,90 €/l",https://www.carrefour.es/supermercado/bebida-tropical-carrefour-sin-azucar-anadido-brik-1-l/R-prod730838/p,https://static.carrefour.es/hd_350x_/img_pim_food/855246_00_1.jpg,Disponible
08-04-2025,20:34:32,Bebidas,Néctar de naranja Carrefour brik 1 l.,"0,92 €","0,92 €/l",https://www.carrefour.es/supermercado/nectar-de-naranja-carrefour-brik-1-l/R-780686964/p,https://static.carrefour.es/hd_350x_/img_pim_food/865491_00_1.jpg,Disponible
08-04-2025,20:34:32,Bebidas,Cerveza Alhambra tradicional lata 50 cl.,"1,27 €","2,54 €/l",https://www.carrefour.es/supermercado/cerveza-alhambra-tradicional-lata-50-cl/R-538408221/p,https://static.carrefour.es/hd_350x_/img_pim_food/409775_00_1.jpg,Disponible
08-04-2025,20:34:32,Bebidas,Monster Energy Green Zero Bebida Energética sin azúcar lata 500 ml.,"1,95 €","3,90 €/l",https://www.carrefour.es/supermercado/monster-energy-green-zero-bebida-energetica-sin-azucar-lata-500-ml/R-VC4AECOMM-308672/p,https://static.carrefour.es/hd_350x_/img_pim_food/308672_00_1.jpg,Disponible
08-04-2025,20:34:32,Bebidas,Coca Cola sin cafeína lata 33 cl.,"0,96 €","2,91 €/l",https://www.carrefour.es/supermercado/coca-cola-sin-cafeina-lata-33-cl/R-520660465/p,https://static.carrefour.es/hd_350x_/img_pim_food/000047_00_1.jpg,Disponible
08-04-2025,20:34:32,Bebidas,Agua mineral Bezoya grifo 8 l.,"3,15 €","0,39 €/l",https://www.carrefour.es/supermercado/agua-mineral-bezoya-grifo-8-l/R-VC4AECOMM-613093/p,https://static.carrefour.es/hd_350x_/img_pim_food/613093_00_1.jpg,Agotado temporalmente
08-04-2025,20:34:32,Bebidas,Cerveza El Águila sin filtrar lata 33 cl.,"0,86 €","2,61 €/l",https://www.carrefour.es/supermercado/cerveza-el-aguila-sin-filtrar-lata-33-cl/R-fprod1190420/p,https://static.carrefour.es/hd_350x_/img_pim_food/242533_00_1.jpg,Disponible
08-04-2025,20:34:32,Bebidas,Cerveza El Águila sin filtrar botella 33 cl.,"0,99 €",3 €/l,https://www.carrefour.es/supermercado/cerveza-el-aguila-sin-filtrar-botella-33-cl/R-fprod1190320/p,https://static.carrefour.es/hd_350x_/img_pim_food/240274_00_1.jpg,Disponible
08-04-2025,20:34:32,Bebidas,Néctar de melocotón y uva Carrefour Classic brik 1 l.,"0,92 €","0,92 €/l",https://www.carrefour.es/supermercado/nectar-de-melocoton-y-uva-carrefour-classic-brik-1-l/R-780686982/p,https://static.carrefour.es/hd_350x_/img_pim_food/865501_00_1.jpg,Disponible
08-04-2025,20:35:12,Bebidas,Zumo de naranja recién exprimido Carrefour 250 ml,"1,99 €","7,96 €/l",https://www.carrefour.es/supermercado/zumo-de-naranja-recien-exprimido-carrefour-250-ml/R-VC4AECOMM-444973/p,https://static.carrefour.es/hd_350x_/img_pim_food/444973_00_1.jpg,Disponible
08-04-2025,20:35:12,Bebidas,"Limonada Don Simón exprimida botella 1,5 l.","1,13 €","0,75 €/l",https://www.carrefour.es/supermercado/limonada-don-simon-exprimida-botella-15-l/R-714518204/p,https://static.carrefour.es/hd_350x_/img_pim_food/466468_00_1.jpg,Disponible
08-04-2025,20:35:12,Bebidas,"Cerveza Amstel Radler 0,0 sin alcohol con limón lata 33 cl.","0,83 €","2,52 €/l",https://www.carrefour.es/supermercado/cerveza-amstel-radler-00-sin-alcohol-con-limon-lata-33-cl/R-prod780139/p,https://static.carrefour.es/hd_350x_/img_pim_food/864275_00_1.jpg,Disponible
08-04-2025,20:35:12,Bebidas,Tinto de verano con limón La Casera lata 33 cl.,"0,99 €",3 €/l,https://www.carrefour.es/supermercado/tinto-de-verano-con-limon-la-casera-lata-33-cl/R-654701737/p,https://static.carrefour.es/hd_350x_/img_pim_food/227540_00_1.jpg,Disponible
08-04-2025,20:35:12,Bebidas,Fuze Tea té verde maracuyá lata 33 cl.,"1,08 €","3,27 €/l",https://www.carrefour.es/supermercado/fuze-tea-te-verde-maracuya-lata-33-cl/R-VC4AECOMM-529628/p,https://static.carrefour.es/hd_350x_/img_pim_food/529628_00_1.jpg,Disponible
08-04-2025,20:35:12,Bebidas,Tónica Schweppes zero lata 25 cl.,"0,97 €","3,88 €/l",https://www.carrefour.es/supermercado/tonica-schweppes-zero-lata-25-cl/R-835752315/p,https://static.carrefour.es/hd_350x_/img_pim_food/969252_00_1.jpg,Disponible
08-04-2025,20:35:12,Bebidas,"Nestea té verde con maracuyá bajo en calorías botella 1,5 l.","2,05 €","1,37 €/l",https://www.carrefour.es/supermercado/nestea-te-verde-con-maracuya-bajo-en-calorias-botella-15-l/R-652500099/p,https://static.carrefour.es/hd_350x_/img_pim_food/003931_00_1.jpg,Disponible
08-04-2025,20:35:12,Bebidas,"Cerveza tostada Saer Brau 0,0 sin alcohol lata 33 cl.","0,46 €","1,39 €/l",https://www.carrefour.es/supermercado/cerveza-tostada-saer-brau-00-sin-alcohol-lata-33-cl/R-VC4AECOMM-416497/p,https://static.carrefour.es/hd_350x_/img_pim_food/416497_00_1.jpg,Disponible
08-04-2025,20:35:12,Bebidas,Cerveza San Miguel especial Lager pack de 12 latas de 33 cl.,"8,64 €","2,18 €/l",https://www.carrefour.es/supermercado/cerveza-san-miguel-especial-lager-pack-de-12-latas-de-33-cl/R-526715416/p,https://static.carrefour.es/hd_350x_/img_pim_food/198978_00_1.jpg,Disponible
08-04-2025,20:35:12,Bebidas,Cola Classic' Carrefour Zero sin cafeína botella 2 l.,"0,75 €","0,37 €/l",https://www.carrefour.es/supermercado/cola-classic-carrefour-zero-sin-cafeina-botella-2-l/R-VC4AECOMM-720332/p,https://static.carrefour.es/hd_350x_/img_pim_food/720332_00_1.jpg,Disponible
08-04-2025,20:35:12,Bebidas,Cerveza Mahou Clásica pack de 6 botellas de 25 cl.,"3,29 €","2,19 €/l",https://www.carrefour.es/supermercado/cerveza-mahou-clasica-pack-de-6-botellas-de-25-cl/R-521011815/p,https://static.carrefour.es/hd_350x_/img_pim_food/000140_00_1.jpg,Disponible
08-04-2025,20:35:12,Bebidas,Fanta de naranja botella 50 cl.,"1,57 €","3,14 €/l",https://www.carrefour.es/supermercado/fanta-de-naranja-botella-50-cl/R-520660535/p,https://static.carrefour.es/hd_350x_/img_pim_food/038211_00_1.jpg,Disponible
08-04-2025,20:35:12,Bebidas,"Agua mineral Lanjarón 6,25 l.","2,39 €","0,38 €/l",https://www.carrefour.es/supermercado/agua-mineral-lanjaron-625-l/R-632901988/p,https://static.carrefour.es/hd_350x_/img_pim_food/808857_00_1.jpg,Disponible
08-04-2025,20:35:12,Bebidas,Cerveza Estrella Galicia especial pack de 10 latas 33 cl.,"8,69 €","2,63 €/l",https://www.carrefour.es/supermercado/cerveza-estrella-galicia-especial-pack-de-10-latas-33-cl/R-538002290/p,https://static.carrefour.es/hd_350x_/img_pim_food/560160_00_1.jpg,Disponible
08-04-2025,20:35:12,Bebidas,Carrefour Sensation Isofresh bebida isotónica blue botella 50 cl.,"0,72 €","1,44 €/l",https://www.carrefour.es/supermercado/carrefour-sensation-isofresh-bebida-isotonica-blue-botella-50-cl/R-prod620190/p,https://static.carrefour.es/hd_350x_/img_pim_food/841803_00_1.jpg,Disponible
08-04-2025,20:35:12,Bebidas,Aquarius sabor naranja botella 50 cl.,"1,57 €","3,14 €/l",https://www.carrefour.es/supermercado/aquarius-sabor-naranja-botella-50-cl/R-520660731/p,https://static.carrefour.es/hd_350x_/img_pim_food/358313_00_1.jpg,Disponible
08-04-2025,20:35:12,Bebidas,"Gaseosa La Casera cero azucares y calorías botella 1,5 l.","1,25 €","0,83 €/l",https://www.carrefour.es/supermercado/gaseosa-la-casera-cero-azucares-y-calorias-botella-15-l/R-520660418/p,https://static.carrefour.es/hd_350x_/img_pim_food/000034_00_1.jpg,Disponible
08-04-2025,20:35:12,Bebidas,Cerveza Estrella Galicia especial pack de 24 botellas de 25 cl.,,"2,16 €/l",https://www.carrefour.es/supermercado/cerveza-estrella-galicia-especial-pack-de-24-botellas-de-25-cl/R-590211645/p,https://static.carrefour.es/hd_350x_/img_pim_food/345037_00_1.jpg,Disponible
08-04-2025,20:35:12,Bebidas,Ron Barceló añejo 70 cl.,"15,15 €","21,64 €/l",https://www.carrefour.es/supermercado/ron-barcelo-anejo-70-cl/R-520662987/p,https://static.carrefour.es/hd_350x_/img_pim_food/043214_00_1.jpg,Agotado temporalmente
08-04-2025,20:35:12,Bebidas,Zumo de manzana Carrefour Calssic brik 1 l.,"0,80 €","0,80 €/l",https://www.carrefour.es/supermercado/zumo-de-manzana-carrefour-calssic-brik-1-l/R-820614218/p,https://static.carrefour.es/hd_350x_/img_pim_food/955067_00_1.jpg,Disponible
08-04-2025,20:35:12,Bebidas,Cerveza tostada Estrella Galicia 0.0 alcohol lata 33 cl.,"0,87 €","2,64 €/l",https://www.carrefour.es/supermercado/cerveza-tostada-estrella-galicia-00-alcohol-lata-33-cl/R-VC4AECOMM-139063/p,https://static.carrefour.es/hd_350x_/img_pim_food/139063_00_1.jpg,Disponible
08-04-2025,20:35:12,Bebidas,Zumo de naranja Carrefour brik 1 l.,"1,90 €","1,90 €/l",https://www.carrefour.es/supermercado/zumo-de-naranja-carrefour-brik-1-l/R-745415924/p,https://static.carrefour.es/hd_350x_/img_pim_food/737611_00_1.jpg,Disponible
08-04-2025,20:35:12,Bebidas,Red Bull Bebida Energética Spring sabor pomelo y notas florales sin azucar lata 25 cl.,,"6,36 €/l",https://www.carrefour.es/supermercado/red-bull-bebida-energetica-spring-sabor-pomelo-y-notas-florales-sin-azucar-lata-25-cl/R-VC4AECOMM-554458/p,https://static.carrefour.es/hd_350x_/img_pim_food/554458_00_1.jpg,Disponible
08-04-2025,20:35:12,Bebidas,Zumo de naranja Carrefour Extra exprimido con pulpa brik 1 l.,"1,90 €","1,90 €/l",https://www.carrefour.es/supermercado/zumo-de-naranja-carrefour-extra-exprimido-con-pulpa-brik-1-l/R-823705656/p,https://static.carrefour.es/hd_350x_/img_pim_food/958508_00_1.jpg,Disponible
08-04-2025,20:35:52,Bebidas,Vermut Martini rosso 1 l.,"9,69 €","9,69 €/l",https://www.carrefour.es/supermercado/vermut-martini-rosso-1-l/R-520663120/p,https://static.carrefour.es/hd_350x_/img_pim_food/000278_00_1.jpg,Disponible
08-04-2025,20:35:52,Bebidas,Zumo florida Sunny Delight botella 33 cl.,"0,93 €","2,82 €/l",https://www.carrefour.es/supermercado/zumo-florida-sunny-delight-botella-33-cl/R-VC4AECOMM-183755/p,https://static.carrefour.es/hd_350x_/img_pim_food/183755_00_1.jpg,Disponible
08-04-2025,20:35:52,Bebidas,Cerveza tostada Free Damm 0.0 alcohol sin gluten lata 33 cl.,"0,74 €","2,24 €/l",https://www.carrefour.es/supermercado/cerveza-tostada-free-damm-00-alcohol-sin-gluten-lata-33-cl/R-VC4AECOMM-549742/p,https://static.carrefour.es/hd_350x_/img_pim_food/549742_00_1.jpg,Disponible
08-04-2025,20:35:52,Bebidas,Bitter Kas sin alcohol lata 33 cl.,"0,97 €","2,94 €/l",https://www.carrefour.es/supermercado/bitter-kas-sin-alcohol-lata-33-cl/R-520660444/p,https://static.carrefour.es/hd_350x_/img_pim_food/036859_00_1.jpg,Disponible
08-04-2025,20:35:52,Bebidas,Cerveza Alhambra Reserva 1925 pack de 6 botellas de 33 cl.,"7,99 €","4,04 €/l",https://www.carrefour.es/supermercado/cerveza-alhambra-reserva-1925-pack-de-6-botellas-de-33-cl/R-526715428/p,https://static.carrefour.es/hd_350x_/img_pim_food/272331_00_1.jpg,Disponible
08-04-2025,20:35:52,Bebidas,Gaseosa La Casera cero azúcares y calorías lata 33 cl.,"0,60 €","1,82 €/l",https://www.carrefour.es/supermercado/gaseosa-la-casera-cero-azucares-y-calorias-lata-33-cl/R-522713427/p,https://static.carrefour.es/hd_350x_/img_pim_food/000035_00_1.jpg,Disponible
08-04-2025,20:35:52,Bebidas,"Zumo de melocotón, manzana y uva Carrefour Classic pack de 6 briks de 20 cl.","1,61 €","1,34 €/l",https://www.carrefour.es/supermercado/zumo-de-melocoton-manzana-y-uva-carrefour-classic-pack-de-6-briks-de-20-cl/R-621101713/p,https://static.carrefour.es/hd_350x_/img_pim_food/703541_00_1.jpg,Disponible
08-04-2025,20:35:52,Bebidas,Cerveza Mahou Sin alcohol pack de 12 latas de 33 cl.,"8,49 €","2,14 €/l",https://www.carrefour.es/supermercado/cerveza-mahou-sin-alcohol-pack-de-12-latas-de-33-cl/R-562901549/p,https://static.carrefour.es/hd_350x_/img_pim_food/760654_00_1.jpg,Disponible
08-04-2025,20:35:52,Bebidas,Vino blanco verdejo Estilete D.O. Rueda 75 cl.,"1,99 €","1,99 €/ud",https://www.carrefour.es/supermercado/vino-blanco-verdejo-estilete-do-rueda-75-cl/R-784000504/p,https://static.carrefour.es/hd_350x_/img_pim_food/871997_00_1.jpg,Disponible
08-04-2025,20:35:52,Bebidas,Cerveza Carrefour Radler con limón lata 33 cl,"0,40 €","1,21 €/l",https://www.carrefour.es/supermercado/cerveza-carrefour-radler-con-limon-lata-33-cl/R-fprod1480062/p,https://static.carrefour.es/hd_350x_/img_pim_food/410268_00_1.jpg,Disponible
08-04-2025,20:35:52,Bebidas,7UP de lima-limón lata 33 cl.,"0,66 €",2 €/l,https://www.carrefour.es/supermercado/7up-de-lima-limon-lata-33-cl/R-VC4AECOMM-398692/p,https://static.carrefour.es/hd_350x_/img_pim_food/398692_00_1.jpg,Disponible
08-04-2025,20:35:52,Bebidas,Agua mineral natural con gas San Pellegrino 1 l.,"1,39 €","1,39 €/l",https://www.carrefour.es/supermercado/agua-mineral-natural-con-gas-san-pellegrino-1-l/R-546307310/p,https://static.carrefour.es/hd_350x_/img_pim_food/760815_00_1.jpg,Disponible
08-04-2025,20:35:52,Bebidas,Cerveza Ambar triple zero lata 33 cl.,"0,90 €","2,73 €/l",https://www.carrefour.es/supermercado/cerveza-ambar-triple-zero-lata-33-cl/R-589802158/p,https://static.carrefour.es/hd_350x_/img_pim_food/232597_00_1.jpg,Disponible
08-04-2025,20:35:52,Bebidas,"Carrefour té de limón botella 1,5 l.","0,99 €","0,66 €/l",https://www.carrefour.es/supermercado/carrefour-te-de-limon-botella-15-l/R-522714739/p,https://static.carrefour.es/hd_350x_/img_pim_food/257004_00_1.jpg,Disponible
08-04-2025,20:35:52,Bebidas,Cerveza 7% Carrefour lata 33 cl.,"0,65 €","1,97 €/l",https://www.carrefour.es/supermercado/cerveza-7-carrefour-lata-33-cl/R-VC4AECOMM-476172/p,https://static.carrefour.es/hd_350x_/img_pim_food/476172_00_1.jpg,Disponible
08-04-2025,20:35:52,Bebidas,Nestea té verde limón sin azúcar bajo en calorías lata 33 cl.,"1,07 €","3,24 €/l",https://www.carrefour.es/supermercado/nestea-te-verde-limon-sin-azucar-bajo-en-calorias-lata-33-cl/R-520660680/p,https://static.carrefour.es/hd_350x_/img_pim_food/000091_00_1.jpg,Disponible
08-04-2025,20:35:53,Bebidas,Cerveza Franziskaner Weissbier botella 50 cl.,"1,79 €","3,58 €/l",https://www.carrefour.es/supermercado/cerveza-franziskaner-weissbier-botella-50-cl/R-521028250/p,https://static.carrefour.es/hd_350x_/img_pim_food/007773_00_1.jpg,Disponible
08-04-2025,20:35:53,Bebidas,Zumo de frutas y leche Carrefour sabor mediterráneo pack de 6 briks de 20 cl.,"1,25 €","1,04 €/l",https://www.carrefour.es/supermercado/zumo-de-frutas-y-leche-carrefour-sabor-mediterraneo-pack-de-6-briks-de-20-cl/R-799397852/p,https://static.carrefour.es/hd_350x_/img_pim_food/902206_00_1.jpg,Disponible
08-04-2025,20:35:53,Bebidas,Appletiser 100% zumo de manzana con burbujas finas lata 25 cl.,"0,90 €","3,60 €/l",https://www.carrefour.es/supermercado/appletiser-100-zumo-de-manzana-con-burbujas-finas-lata-25-cl/R-prod950028/p,https://static.carrefour.es/hd_350x_/img_pim_food/048422_00_1.jpg,Disponible
08-04-2025,20:35:53,Bebidas,Refresco de limón Carrefour Classic lata 33 cl.,"0,37 €","1,12 €/l",https://www.carrefour.es/supermercado/refresco-de-limon-carrefour-classic-lata-33-cl/R-800038289/p,https://static.carrefour.es/hd_350x_/img_pim_food/904868_00_1.jpg,Disponible
08-04-2025,20:35:53,Bebidas,"Carrefour Sensation Isofresh bebida isotónica sabor limón botella 1,5 l.","0,99 €","0,66 €/l",https://www.carrefour.es/supermercado/carrefour-sensation-isofresh-bebida-isotonica-sabor-limon-botella-15-l/R-657201693/p,https://static.carrefour.es/hd_350x_/img_pim_food/309180_00_1.jpg,Disponible
08-04-2025,20:35:53,Bebidas,Vino blanco Carrefour Simpl brik 1 l.,"0,90 €","0,90 €/l",https://www.carrefour.es/supermercado/vino-blanco-carrefour-simpl-brik-1-l/R-prod880829/p,https://static.carrefour.es/hd_350x_/img_pim_food/029332_00_1.jpg,Disponible
08-04-2025,20:35:53,Bebidas,"Tinto de verano con limón La Casera botella 1,5 l.","2,35 €","1,57 €/l",https://www.carrefour.es/supermercado/tinto-de-verano-con-limon-la-casera-botella-15-l/R-520661447/p,https://static.carrefour.es/hd_350x_/img_pim_food/703039_00_1.jpg,Disponible
08-04-2025,20:35:53,Bebidas,Cider Ladrón de manzanas botella 25 cl.,"1,17 €","4,68 €/l",https://www.carrefour.es/supermercado/cider-ladron-de-manzanas-botella-25-cl/R-prod590263/p,https://static.carrefour.es/hd_350x_/img_pim_food/838571_00_1.jpg,Disponible
08-04-2025,20:36:35,Bebidas,Coca Cola zero azúcar pack 12 latas 33 cl.,"10,80 €","2,73 €/l",https://www.carrefour.es/supermercado/coca-cola-zero-azucar-pack-12-latas-33-cl/R-530014641/p,https://static.carrefour.es/hd_350x_/img_pim_food/745103_00_1.jpg,Disponible
08-04-2025,20:36:35,Bebidas,"Fuze Tea maracuyá botella 1,5 l.",,"1,33 €/l",https://www.carrefour.es/supermercado/fuze-tea-maracuya-botella-15-l/R-VC4AECOMM-529576/p,https://static.carrefour.es/hd_350x_/img_pim_food/529576_00_1.jpg,Disponible
08-04-2025,20:36:35,Bebidas,Coca Cola pack 12 latas 33 cl.,"10,80 €","2,73 €/l",https://www.carrefour.es/supermercado/coca-cola-pack-12-latas-33-cl/R-530014303/p,https://static.carrefour.es/hd_350x_/img_pim_food/029232_00_1.jpg,Disponible
08-04-2025,20:36:35,Bebidas,Agua mineral natural Cabreiroá tapón deportivo 33 cl.,"0,61 €","1,85 €/l",https://www.carrefour.es/supermercado/agua-mineral-natural-cabreiroa-tapon-deportivo-33-cl/R-843506724/p,https://static.carrefour.es/hd_350x_/img_pim_food/985876_00_1.jpg,Disponible
08-04-2025,20:36:35,Bebidas,"Carrefour té de melocotón botella 1,5 l.","0,99 €","0,66 €/l",https://www.carrefour.es/supermercado/carrefour-te-de-melocoton-botella-15-l/R-522714734/p,https://static.carrefour.es/hd_350x_/img_pim_food/256378_00_1.jpg,Disponible
08-04-2025,20:36:35,Bebidas,Tinto de verano con limón sin alcohol La Casera lata 33 cl.,"0,99 €",3 €/l,https://www.carrefour.es/supermercado/tinto-de-verano-con-limon-sin-alcohol-la-casera-lata-33-cl/R-774909701/p,https://static.carrefour.es/hd_350x_/img_pim_food/783162_00_1.jpg,Disponible
08-04-2025,20:36:35,Bebidas,Agua mineral Carrefour 1 l.,"0,40 €","0,40 €/l",https://www.carrefour.es/supermercado/agua-mineral-carrefour-1-l/R-VC4AECOMM-435350/p,https://static.carrefour.es/hd_350x_/img_pim_food/435350_00_1.jpg,Disponible
08-04-2025,20:36:35,Bebidas,Vino tinto joven tempranillo Carrefour Vendimia Seleccionada V.T. Extremadura 1 l.,"1,05 €","1,05 €/l",https://www.carrefour.es/supermercado/vino-tinto-joven-tempranillo-carrefour-vendimia-seleccionada-vt-extremadura-1-l/R-520661412/p,https://static.carrefour.es/hd_350x_/img_pim_food/513382_00_1.jpg,Disponible
08-04-2025,20:36:35,Bebidas,Cerveza Mahou Mixta Shandy con limón pack de 12 latas de 33 cl.,"9,69 €","2,45 €/l",https://www.carrefour.es/supermercado/cerveza-mahou-mixta-shandy-con-limon-pack-de-12-latas-de-33-cl/R-521010549/p,https://static.carrefour.es/hd_350x_/img_pim_food/710520_00_1.jpg,Disponible
08-04-2025,20:36:35,Bebidas,"Zumo de naranja Simon Life botella 1,5 l.","1,79 €","1,19 €/l",https://www.carrefour.es/supermercado/zumo-de-naranja-simon-life-botella-15-l/R-521030004/p,https://static.carrefour.es/hd_350x_/img_pim_food/372679_00_1.jpg,Disponible
08-04-2025,20:36:35,Bebidas,Agua mineral con gas Fonter 50 cl.,"0,86 €","1,72 €/l",https://www.carrefour.es/supermercado/agua-mineral-con-gas-fonter-50-cl/R-fprod1220060/p,https://static.carrefour.es/hd_350x_/img_pim_food/266057_00_1.jpg,Disponible
08-04-2025,20:36:35,Bebidas,Refresco sabor limón Zero Carrefour Classic' lata 33 cl.,"0,37 €","1,12 €/l",https://www.carrefour.es/supermercado/refresco-sabor-limon-zero-carrefour-classic-lata-33-cl/R-VC4AECOMM-143300/p,https://static.carrefour.es/hd_350x_/img_pim_food/143300_00_1.jpg,Disponible
08-04-2025,20:36:35,Bebidas,Néctar de naranja Carrefour sin azúcar añadido 1 l.,"1,17 €","1,17 €/l",https://www.carrefour.es/supermercado/nectar-de-naranja-carrefour-sin-azucar-anadido-1-l/R-VC4AECOMM-670946/p,https://static.carrefour.es/hd_350x_/img_pim_food/670946_00_1.jpg,Disponible
08-04-2025,20:36:35,Bebidas,Agua mineral Carrefour 8 l.,"1,61 €","0,20 €/l",https://www.carrefour.es/supermercado/agua-mineral-carrefour-8-l/R-521009490/p,https://static.carrefour.es/hd_350x_/img_pim_food/609750_00_1.jpg,Disponible
08-04-2025,20:36:35,Bebidas,"Cerveza Corona Cero 0,0 alcohol botella 33 cl.","1,80 €","5,45 €/l",https://www.carrefour.es/supermercado/cerveza-corona-cero-00-alcohol-botella-33-cl/R-VC4AECOMM-147896/p,https://static.carrefour.es/hd_350x_/img_pim_food/147896_00_1.jpg,Disponible
08-04-2025,20:36:35,Bebidas,"Zumo Florida Sunny Delight 1,25 l.","1,95 €","1,56 €/l",https://www.carrefour.es/supermercado/zumo-florida-sunny-delight-125-l/R-715627665/p,https://static.carrefour.es/hd_350x_/img_pim_food/489020_00_1.jpg,Disponible
08-04-2025,20:36:35,Bebidas,Vino tinto crianza tempranillo Dehesas del Rey D.O. Ribera del Duero 75 cl.,"7,45 €","7,45 €/ud",https://www.carrefour.es/supermercado/vino-tinto-crianza-tempranillo-dehesas-del-rey-do-ribera-del-duero-75-cl/R-700507589/p,https://static.carrefour.es/hd_350x_/img_pim_food/388697_00_1.jpg,Disponible
08-04-2025,20:36:35,Bebidas,Néctar de maracuya Carrefour Classic brik 1 l.,"1,35 €","1,35 €/l",https://www.carrefour.es/supermercado/nectar-de-maracuya-carrefour-classic-brik-1-l/R-780686960/p,https://static.carrefour.es/hd_350x_/img_pim_food/865489_00_1.jpg,Disponible
08-04-2025,20:36:35,Bebidas,Tónica Nordic Mist lata 25 cl.,"0,65 €","2,60 €/l",https://www.carrefour.es/supermercado/tonica-nordic-mist-lata-25-cl/R-520660436/p,https://static.carrefour.es/hd_350x_/img_pim_food/362233_00_1.jpg,Disponible
08-04-2025,20:36:35,Bebidas,Zumo Tropical Original Bifrutas botella 1 l.,"2,29 €","2,29 €/l",https://www.carrefour.es/supermercado/zumo-tropical-original-bifrutas-botella-1-l/R-525973460/p,https://static.carrefour.es/hd_350x_/img_pim_food/114854_00_1.jpg,Disponible
08-04-2025,20:36:35,Bebidas,Cerveza Koenigsbier fuerte lata 50 cl.,"0,75 €","1,50 €/l",https://www.carrefour.es/supermercado/cerveza-koenigsbier-fuerte-lata-50-cl/R-737516125/p,https://static.carrefour.es/hd_350x_/img_pim_food/706821_00_1.jpg,Disponible
08-04-2025,20:36:35,Bebidas,Zumo de manzana Carrefour Classic pack de 6 briks de 20 cl.,"1,30 €","1,08 €/l",https://www.carrefour.es/supermercado/zumo-de-manzana-carrefour-classic-pack-de-6-briks-de-20-cl/R-704502395/p,https://static.carrefour.es/hd_350x_/img_pim_food/409612_00_1.jpg,Disponible
08-04-2025,20:36:35,Bebidas,Schweppes de limón zero lata 33 cl.,"0,97 €","2,94 €/l",https://www.carrefour.es/supermercado/schweppes-de-limon-zero-lata-33-cl/R-540202096/p,https://static.carrefour.es/hd_350x_/img_pim_food/707871_00_1.jpg,Disponible
08-04-2025,20:36:35,Bebidas,"Cerveza Free Damm Lager 0,0 sin alcohol con limón sin gluten lata 33 cl.","0,83 €","2,52 €/l",https://www.carrefour.es/supermercado/cerveza-free-damm-lager-00-sin-alcohol-con-limon-sin-gluten-lata-33-cl/R-520661360/p,https://static.carrefour.es/hd_350x_/img_pim_food/722416_00_1.jpg,Disponible
08-04-2025,20:37:16,Bebidas,"Cerveza El Águila sin filtrar 0,0 alcohol lata 33 cl.","0,80 €","2,42 €/l",https://www.carrefour.es/supermercado/cerveza-el-aguila-sin-filtrar-00-alcohol-lata-33-cl/R-VC4AECOMM-389069/p,https://static.carrefour.es/hd_350x_/img_pim_food/389069_00_1.jpg,Disponible
08-04-2025,20:37:16,Bebidas,Refresco de naranja Fanta con gas pack de 2 botellas de 2 l.,,"0,75 €/l",https://www.carrefour.es/supermercado/refresco-de-naranja-fanta-con-gas-pack-de-2-botellas-de-2-l/R-520660539/p,https://static.carrefour.es/hd_350x_/img_pim_food/361229_00_1.jpg,Disponible
08-04-2025,20:37:16,Bebidas,Cerveza Mahou rosé lata 33 cl.,"0,96 €","2,91 €/l",https://www.carrefour.es/supermercado/cerveza-mahou-rose-lata-33-cl/R-VC4AECOMM-166285/p,https://static.carrefour.es/hd_350x_/img_pim_food/166285_00_1.jpg,Disponible
08-04-2025,20:37:16,Bebidas,Cider Ladrón de manzanas lata 33 cl.,"1,61 €","4,88 €/l",https://www.carrefour.es/supermercado/cider-ladron-de-manzanas-lata-33-cl/R-prod590264/p,https://static.carrefour.es/hd_350x_/img_pim_food/838573_00_1.jpg,Disponible
08-04-2025,20:37:16,Bebidas,Monster Energy Zero Bebida Energética sin azúcar lata 50 cl.,"1,79 €","3,58 €/l",https://www.carrefour.es/supermercado/monster-energy-zero-bebida-energetica-sin-azucar-lata-50-cl/R-814300409/p,https://static.carrefour.es/hd_350x_/img_pim_food/936866_00_1.jpg,Disponible
08-04-2025,20:37:16,Bebidas,Cerveza Ambar Lager especial pack de 9 latas de 33 cl.,,"2,64 €/l",https://www.carrefour.es/supermercado/cerveza-ambar-lager-especial-pack-de-9-latas-de-33-cl/R-538002240/p,https://static.carrefour.es/hd_350x_/img_pim_food/491396_00_1.jpg,Disponible
08-04-2025,20:37:16,Bebidas,Vino tinto crianza Carrizal D.O.Ca Rioja 75 cl.,"4,79 €","4,79 €/ud",https://www.carrefour.es/supermercado/vino-tinto-crianza-carrizal-doca-rioja-75-cl/R-783315140/p,https://static.carrefour.es/hd_350x_/img_pim_food/871146_00_1.jpg,Disponible
08-04-2025,20:37:16,Bebidas,Coca Cola zero azúcar pack 24 latas 33 cl.,,"2,42 €/l",https://www.carrefour.es/supermercado/coca-cola-zero-azucar-pack-24-latas-33-cl/R-521028147/p,https://static.carrefour.es/hd_350x_/img_pim_food/692745_00_1.jpg,Disponible
08-04-2025,20:37:16,Bebidas,Coca Cola zero azúcar sin cafeína pack 2 botellas 2 l.,4 €,1 €/l,https://www.carrefour.es/supermercado/coca-cola-zero-azucar-sin-cafeina-pack-2-botellas-2-l/R-811813944/p,https://static.carrefour.es/hd_350x_/img_pim_food/940665_00_1.jpg,Disponible
08-04-2025,20:37:16,Bebidas,Whisky Dewar's White Label escocés 70 cl.,"15,45 €","22,07 €/l",https://www.carrefour.es/supermercado/whisky-dewars-white-label-escoces-70-cl/R-521028097/p,https://static.carrefour.es/hd_350x_/img_pim_food/000305_00_1.jpg,Disponible
08-04-2025,20:37:16,Bebidas,Vino blanco de mesa Don Simón brik 1 l.,"1,57 €","1,57 €/l",https://www.carrefour.es/supermercado/vino-blanco-de-mesa-don-simon-brik-1-l/R-520661418/p,https://static.carrefour.es/hd_350x_/img_pim_food/000174_00_1.jpg,Disponible
08-04-2025,20:37:16,Bebidas,Royal Bliss bohemian berry sensation lata 25 cl.,"0,80 €","3,20 €/l",https://www.carrefour.es/supermercado/royal-bliss-bohemian-berry-sensation-lata-25-cl/R-VC4AECOMM-377908/p,https://static.carrefour.es/hd_350x_/img_pim_food/377908_00_1.jpg,Disponible
08-04-2025,20:37:16,Bebidas,"Aquarius sabor naranja zero azúcar sin calorías botella 1,5 l.","1,95 €","1,30 €/l",https://www.carrefour.es/supermercado/aquarius-sabor-naranja-zero-azucar-sin-calorias-botella-15-l/R-546003745/p,https://static.carrefour.es/hd_350x_/img_pim_food/197236_00_1.jpg,Disponible
08-04-2025,20:37:16,Bebidas,Red Bull Bebida Energética pack 8 latas 25 cl,"9,85 €","4,92 €/l",https://www.carrefour.es/supermercado/red-bull-bebida-energetica-pack-8-latas-25-cl/R-520660777/p,https://static.carrefour.es/hd_350x_/img_pim_food/738587_00_1.jpg,Disponible
08-04-2025,20:37:16,Bebidas,Zumo de naranja Carrefour brik 1 l.,"2,05 €","2,05 €/l",https://www.carrefour.es/supermercado/zumo-de-naranja-carrefour-brik-1-l/R-521030036/p,https://static.carrefour.es/hd_350x_/img_pim_food/450787_00_1.jpg,Disponible
08-04-2025,20:37:16,Bebidas,"Pepsi zero azúcar pack de 2 botellas de 1,75 cl.","3,35 €","0,96 €/l",https://www.carrefour.es/supermercado/pepsi-zero-azucar-pack-de-2-botellas-de-175-cl/R-VC4AECOMM-689343/p,https://static.carrefour.es/hd_350x_/img_pim_food/689343_00_1.jpg,Disponible
08-04-2025,20:37:16,Bebidas,Agua mineral natural Cabreiroá tapón deportivo 50 cl.,"0,72 €","1,44 €/l",https://www.carrefour.es/supermercado/agua-mineral-natural-cabreiroa-tapon-deportivo-50-cl/R-prod810533/p,https://static.carrefour.es/hd_350x_/img_pim_food/183428_00_1.jpg,Disponible
08-04-2025,20:37:16,Bebidas,"Carrefour Sensation Isofresh bebida isotónica sabor naranja botella 1,5 l.","0,99 €","0,66 €/l",https://www.carrefour.es/supermercado/carrefour-sensation-isofresh-bebida-isotonica-sabor-naranja-botella-15-l/R-657201697/p,https://static.carrefour.es/hd_350x_/img_pim_food/309183_00_1.jpg,Disponible
08-04-2025,20:37:16,Bebidas,Ginger Ale Schweppes lata 25 cl.,"0,97 €","3,88 €/l",https://www.carrefour.es/supermercado/ginger-ale-schweppes-lata-25-cl/R-833501764/p,https://static.carrefour.es/hd_350x_/img_pim_food/969258_00_1.jpg,Disponible
08-04-2025,20:37:16,Bebidas,Bebida de melocotón Carrefour Classic sin azúcar pack de 6 briks de 20 cl.,"1,74 €","1,45 €/l",https://www.carrefour.es/supermercado/bebida-de-melocoton-carrefour-classic-sin-azucar-pack-de-6-briks-de-20-cl/R-prod730835/p,https://static.carrefour.es/hd_350x_/img_pim_food/855241_00_1.jpg,Disponible
08-04-2025,20:37:16,Bebidas,"Cerveza El Águila sin filtrar 0,0 alcohol botella 33 cl.","0,99 €",3 €/l,https://www.carrefour.es/supermercado/cerveza-el-aguila-sin-filtrar-00-alcohol-botella-33-cl/R-VC4AECOMM-360268/p,https://static.carrefour.es/hd_350x_/img_pim_food/360268_00_1.jpg,Disponible
08-04-2025,20:37:16,Bebidas,Red Bull Bebida Energética sandía lata 25 cl,"1,59 €","6,36 €/l",https://www.carrefour.es/supermercado/red-bull-bebida-energetica-sandia-lata-25-cl/R-VC4AECOMM-654868/p,https://static.carrefour.es/hd_350x_/img_pim_food/654868_00_1.jpg,Disponible
08-04-2025,20:37:16,Bebidas,Vino blanco Carrefour pack 3 brik 20 cl.,"1,45 €","2,58 €/l",https://www.carrefour.es/supermercado/vino-blanco-carrefour-pack-3-brik-20-cl/R-546003439/p,https://static.carrefour.es/hd_350x_/img_pim_food/004060_00_1.jpg,Disponible
08-04-2025,20:37:16,Bebidas,Cerveza Desperados sabor tequila lata 50 cl.,"1,99 €","3,98 €/l",https://www.carrefour.es/supermercado/cerveza-desperados-sabor-tequila-lata-50-cl/R-768805712/p,https://static.carrefour.es/hd_350x_/img_pim_food/777164_00_1.jpg,Disponible
08-04-2025,20:37:57,Bebidas,Cerveza Victoria de Málaga pack 12 latas 33 cl.,,"1,52 €/l",https://www.carrefour.es/supermercado/cerveza-victoria-de-malaga-pack-12-latas-33-cl/R-793945611/p,https://static.carrefour.es/hd_350x_/img_pim_food/892579_00_1.jpg,Disponible
08-04-2025,20:37:57,Bebidas,Bitter Kas zero lata 33 cl.,"1,10 €","3,33 €/l",https://www.carrefour.es/supermercado/bitter-kas-zero-lata-33-cl/R-VC4AECOMM-025295/p,https://static.carrefour.es/hd_350x_/img_pim_food/025295_00_1.jpg,Disponible
08-04-2025,20:37:57,Bebidas,Eneryeti Bebida Energética sabor original lata 50 cl.,"1,12 €","2,24 €/l",https://www.carrefour.es/supermercado/eneryeti-bebida-energetica-sabor-original-lata-50-cl/R-VC4AECOMM-236322/p,https://static.carrefour.es/hd_350x_/img_pim_food/236322_00_1.jpg,Disponible
08-04-2025,20:37:57,Bebidas,"Pepsi zero azúcar lima botella 1,75 cl.","1,83 €","1,05 €/l",https://www.carrefour.es/supermercado/pepsi-zero-azucar-lima-botella-175-cl/R-VC4AECOMM-689342/p,https://static.carrefour.es/hd_350x_/img_pim_food/689342_00_1.jpg,Disponible
08-04-2025,20:37:57,Bebidas,Coca Cola pack 24 latas 33 cl.,"21,60 €","2,73 €/l",https://www.carrefour.es/supermercado/coca-cola-pack-24-latas-33-cl/R-521028127/p,https://static.carrefour.es/hd_350x_/img_pim_food/026630_00_1.jpg,Disponible
08-04-2025,20:37:57,Bebidas,Vino tinto crianza Bardesano D.O.Ca. Rioja 75 cl.,"4,79 €","4,79 €/ud",https://www.carrefour.es/supermercado/vino-tinto-crianza-bardesano-doca-rioja-75-cl/R-702506805/p,https://static.carrefour.es/hd_350x_/img_pim_food/403136_00_1.jpg,Disponible
08-04-2025,20:37:57,Bebidas,Cerveza Voll Damm doble malta pack de 12 latas de 33 cl.,"11,55 €","2,92 €/l",https://www.carrefour.es/supermercado/cerveza-voll-damm-doble-malta-pack-de-12-latas-de-33-cl/R-521028212/p,https://static.carrefour.es/hd_350x_/img_pim_food/583640_00_1.jpg,Disponible
08-04-2025,20:37:57,Bebidas,Schweppes de limón lata 25 cl.,"0,97 €","3,88 €/l",https://www.carrefour.es/supermercado/schweppes-de-limon-lata-25-cl/R-833501762/p,https://static.carrefour.es/hd_350x_/img_pim_food/969255_00_1.jpg,Disponible
08-04-2025,20:37:57,Bebidas,Refresco sabor lima- limón Zero Carrefour Classic' lata 33 cl.,"0,42 €","1,27 €/l",https://www.carrefour.es/supermercado/refresco-sabor-lima-limon-zero-carrefour-classic-lata-33-cl/R-VC4AECOMM-034630/p,https://static.carrefour.es/hd_350x_/img_pim_food/034630_00_1.jpg,Disponible
08-04-2025,20:37:57,Bebidas,Cerveza Damm Lemon con limón lata 33 cl.,"0,88 €","2,67 €/l",https://www.carrefour.es/supermercado/cerveza-damm-lemon-con-limon-lata-33-cl/R-530913226/p,https://static.carrefour.es/hd_350x_/img_pim_food/371323_00_1.jpg,Disponible
08-04-2025,20:37:57,Bebidas,"La Casera de limón zero azucares añadidos pack de 2 botellas de 1,5 l.","1,84 €","0,61 €/l",https://www.carrefour.es/supermercado/la-casera-de-limon-zero-azucares-anadidos-pack-de-2-botellas-de-15-l/R-690302026/p,https://static.carrefour.es/hd_350x_/img_pim_food/081793_00_1.jpg,Disponible
08-04-2025,20:37:57,Bebidas,Fuze Tea té sabor limón sin azúcar lata 33 cl.,"1,08 €","3,27 €/l",https://www.carrefour.es/supermercado/fuze-tea-te-sabor-limon-sin-azucar-lata-33-cl/R-VC4AECOMM-489122/p,https://static.carrefour.es/hd_350x_/img_pim_food/489122_00_1.jpg,Disponible
08-04-2025,20:37:57,Bebidas,Refresco sabor naranja Carrefour Classic' botella 2 l.,"0,95 €","0,47 €/l",https://www.carrefour.es/supermercado/refresco-sabor-naranja-carrefour-classic-botella-2-l/R-VC4AECOMM-767094/p,https://static.carrefour.es/hd_350x_/img_pim_food/767094_00_1.jpg,Disponible
08-04-2025,20:37:57,Bebidas,Cerveza Alhambra reserva 1925 lata 33 cl.,"1,17 €","3,55 €/l",https://www.carrefour.es/supermercado/cerveza-alhambra-reserva-1925-lata-33-cl/R-VC4AECOMM-407335/p,https://static.carrefour.es/hd_350x_/img_pim_food/407335_00_1.jpg,Disponible
08-04-2025,20:37:57,Bebidas,"Té sabor mango zero Carrefour Classic´ botella 1,5 l.","0,99 €","0,66 €/l",https://www.carrefour.es/supermercado/te-sabor-mango-zero-carrefour-classic-botella-15-l/R-VC4AECOMM-349525/p,https://static.carrefour.es/hd_350x_/img_pim_food/349525_00_1.jpg,Disponible
08-04-2025,20:37:57,Bebidas,"Té sabor limón zero Carrefour Classic´ botella 1,5 l.","0,99 €","0,66 €/l",https://www.carrefour.es/supermercado/te-sabor-limon-zero-carrefour-classic-botella-15-l/R-prod381436/p,https://static.carrefour.es/hd_350x_/img_pim_food/349530_00_1.jpg,Disponible
08-04-2025,20:37:57,Bebidas,Cerveza Voll Damm doble malta botella 33 cl.,"1,45 €","4,39 €/l",https://www.carrefour.es/supermercado/cerveza-voll-damm-doble-malta-botella-33-cl/R-805066362/p,https://static.carrefour.es/hd_350x_/img_pim_food/908331_00_1.jpg,Disponible
08-04-2025,20:37:57,Bebidas,Cerveza Pils Carrefour lata 33 cl.,"0,59 €","1,79 €/l",https://www.carrefour.es/supermercado/cerveza-pils-carrefour-lata-33-cl/R-VC4AECOMM-420538/p,https://static.carrefour.es/hd_350x_/img_pim_food/420538_00_1.jpg,Disponible
08-04-2025,20:37:57,Bebidas,"Agua mineral Ursu 9 1,5 l.","0,83 €","0,55 €/l",https://www.carrefour.es/supermercado/agua-mineral-ursu-9-15-l/R-VC4AECOMM-809244/p,https://static.carrefour.es/hd_350x_/img_pim_food/809244_00_1.jpg,Disponible
08-04-2025,20:37:57,Bebidas,Coca Cola zero azúcar sabor limón lata 33 cl.,"0,99 €",3 €/l,https://www.carrefour.es/supermercado/coca-cola-zero-azucar-sabor-limon-lata-33-cl/R-fprod1210244/p,https://static.carrefour.es/hd_350x_/img_pim_food/257834_00_1.jpg,Disponible
08-04-2025,20:37:57,Bebidas,Agua mineral Lanjarón 1 l.,"0,78 €","0,78 €/l",https://www.carrefour.es/supermercado/agua-mineral-lanjaron-1-l/R-prod810371/p,https://static.carrefour.es/hd_350x_/img_pim_food/090803_00_1.jpg,Disponible
08-04-2025,20:37:57,Bebidas,Classic Bebida Energética lata 50 cl.,"0,83 €","1,66 €/l",https://www.carrefour.es/supermercado/classic-bebida-energetica-lata-50-cl/R-VC4AECOMM-443063/p,https://static.carrefour.es/hd_350x_/img_pim_food/443063_00_1.jpg,Disponible
08-04-2025,20:37:57,Bebidas,Vino tinto crianza Cune D.O.Ca Rioja 75 cl.,"6,95 €","6,95 €/ud",https://www.carrefour.es/supermercado/vino-tinto-crianza-cune-doca-rioja-75-cl/R-520662399/p,https://static.carrefour.es/hd_350x_/img_pim_food/000193_00_1.jpg,Disponible
08-04-2025,20:37:57,Bebidas,Cerveza Amstel 100% Malta pack de 12 latas de 33 cl.,"8,50 €","2,15 €/l",https://www.carrefour.es/supermercado/cerveza-amstel-100-malta-pack-de-12-latas-de-33-cl/R-520661326/p,https://static.carrefour.es/hd_350x_/img_pim_food/438853_00_1.jpg,Disponible
08-04-2025,20:38:37,Bebidas,Fanta de limón botella 50 cl.,"1,58 €","3,16 €/l",https://www.carrefour.es/supermercado/fanta-de-limon-botella-50-cl/R-520660578/p,https://static.carrefour.es/hd_350x_/img_pim_food/038212_00_1.jpg,Disponible
08-04-2025,20:38:37,Bebidas,Nestea té verde limón bajo en calorías botella 50 cl.,"1,64 €","3,28 €/l",https://www.carrefour.es/supermercado/nestea-te-verde-limon-bajo-en-calorias-botella-50-cl/R-520660652/p,https://static.carrefour.es/hd_350x_/img_pim_food/584102_00_1.jpg,Disponible
08-04-2025,20:38:37,Bebidas,Cider Ladrón de manzanas sabor frutos rojos botella 25 cl.,"1,17 €","4,68 €/l",https://www.carrefour.es/supermercado/cider-ladron-de-manzanas-sabor-frutos-rojos-botella-25-cl/R-prod760052/p,https://static.carrefour.es/hd_350x_/img_pim_food/859111_00_1.jpg,Disponible
08-04-2025,20:38:37,Bebidas,Cerveza Desperados sabor mojito botella 33 cl.,"1,33 €","4,03 €/l",https://www.carrefour.es/supermercado/cerveza-desperados-sabor-mojito-botella-33-cl/R-prod310094/p,https://static.carrefour.es/hd_350x_/img_pim_food/369764_00_1.jpg,Disponible
08-04-2025,20:38:37,Bebidas,Cerveza Cruzcampo Shandy con limón lata 33 cl.,"0,81 €","2,45 €/l",https://www.carrefour.es/supermercado/cerveza-cruzcampo-shandy-con-limon-lata-33-cl/R-520661376/p,https://static.carrefour.es/hd_350x_/img_pim_food/549988_00_1.jpg,Disponible
08-04-2025,20:38:37,Bebidas,Cerveza Mahou 5 Estrellas Session tipo IPA lata 33 cl.,"1,13 €","3,42 €/l",https://www.carrefour.es/supermercado/cerveza-mahou-5-estrellas-session-tipo-ipa-lata-33-cl/R-fprod1220126/p,https://static.carrefour.es/hd_350x_/img_pim_food/271660_00_1.jpg,Disponible
08-04-2025,20:38:37,Bebidas,Fanta de frambuesa Zero lata 33 cl.,"0,87 €","2,64 €/l",https://www.carrefour.es/supermercado/fanta-de-frambuesa-zero-lata-33-cl/R-VC4AECOMM-495404/p,https://static.carrefour.es/hd_350x_/img_pim_food/495404_00_1.jpg,Disponible
08-04-2025,20:38:37,Bebidas,Cerveza lager tostada Amstel Clásica lata 33 cl.,"0,52 €","1,58 €/l",https://www.carrefour.es/supermercado/cerveza-lager-tostada-amstel-clasica-lata-33-cl/R-VC4AECOMM-668837/p,https://static.carrefour.es/hd_350x_/img_pim_food/668837_00_1.jpg,Disponible
08-04-2025,20:38:37,Bebidas,Cerveza Paulaner Weissbier botella 50 cl.,"1,94 €","3,88 €/l",https://www.carrefour.es/supermercado/cerveza-paulaner-weissbier-botella-50-cl/R-521028220/p,https://static.carrefour.es/hd_350x_/img_pim_food/026596_00_1.jpg,Disponible
08-04-2025,20:38:37,Bebidas,Sprite de lima-limón sin azúcar lata 33 cl.,"0,61 €","1,85 €/l",https://www.carrefour.es/supermercado/sprite-de-lima-limon-sin-azucar-lata-33-cl/R-589701552/p,https://static.carrefour.es/hd_350x_/img_pim_food/000075_00_1.jpg,Disponible
08-04-2025,20:38:37,Bebidas,Agua mineral natural con gas San Pellegrino 50 cl.,"1,14 €","2,28 €/l",https://www.carrefour.es/supermercado/agua-mineral-natural-con-gas-san-pellegrino-50-cl/R-546307314/p,https://static.carrefour.es/hd_350x_/img_pim_food/760867_00_1.jpg,Disponible
08-04-2025,20:38:37,Bebidas,Cerveza Amstel 100% Malta pack 28 latas 33 cl.,"19,89 €","2,15 €/l",https://www.carrefour.es/supermercado/cerveza-amstel-100-malta-pack-28-latas-33-cl/R-551303025/p,https://static.carrefour.es/hd_350x_/img_pim_food/185128_00_1.jpg,Disponible
08-04-2025,20:38:37,Bebidas,Cerveza Paulaner Weissbier lata 50 cl.,"2,15 €","4,30 €/l",https://www.carrefour.es/supermercado/cerveza-paulaner-weissbier-lata-50-cl/R-VC4AECOMM-723965/p,https://static.carrefour.es/hd_350x_/img_pim_food/723965_00_1.jpg,Disponible
08-04-2025,20:38:37,Bebidas,Vino tinto joven Fuenteviña Vendimia Seleccionada 75 cl.,"1,10 €","1,47 €/l",https://www.carrefour.es/supermercado/vino-tinto-joven-fuentevina-vendimia-seleccionada-75-cl/R-793945517/p,https://static.carrefour.es/hd_350x_/img_pim_food/892488_00_1.jpg,Disponible
08-04-2025,20:38:37,Bebidas,Zumo de frutas y leche Carrefour sabor tropical brik 1 l.,"0,99 €","0,99 €/l",https://www.carrefour.es/supermercado/zumo-de-frutas-y-leche-carrefour-sabor-tropical-brik-1-l/R-799715336/p,https://static.carrefour.es/hd_350x_/img_pim_food/902169_00_1.jpg,Disponible
08-04-2025,20:38:37,Bebidas,"Whisky Dyc 1,5 l.","21,70 €","14,47 €/l",https://www.carrefour.es/supermercado/whisky-dyc-15-l/R-521034806/p,https://static.carrefour.es/hd_350x_/img_pim_food/577297_00_1.jpg,Disponible
08-04-2025,20:38:37,Bebidas,"Agua mineral Font Vella 2,5 l.","1,24 €","0,50 €/l",https://www.carrefour.es/supermercado/agua-mineral-font-vella-25-l/R-677310391/p,https://static.carrefour.es/hd_350x_/img_pim_food/036348_00_1.jpg,Disponible
08-04-2025,20:38:37,Bebidas,Cerveza San Miguel especial Lager pack de 6 botellas de 25 cl.,"3,69 €","2,46 €/l",https://www.carrefour.es/supermercado/cerveza-san-miguel-especial-lager-pack-de-6-botellas-de-25-cl/R-520661307/p,https://static.carrefour.es/hd_350x_/img_pim_food/000139_00_1.jpg,Disponible
08-04-2025,20:38:37,Bebidas,Cerveza Guinness Draught irlandesa negra lata 44 cl.,"2,85 €","6,48 €/l",https://www.carrefour.es/supermercado/cerveza-guinness-draught-irlandesa-negra-lata-44-cl/R-520661195/p,https://static.carrefour.es/hd_350x_/img_pim_food/412827_00_1.jpg,Disponible
08-04-2025,20:38:37,Bebidas,Agua mineral natural Nestlé Aquarel 5 l.,"1,71 €","0,34 €/l",https://www.carrefour.es/supermercado/agua-mineral-natural-nestle-aquarel-5-l/R-521028190/p,https://static.carrefour.es/hd_350x_/img_pim_food/263539_00_1.jpg,Disponible
08-04-2025,20:38:37,Bebidas,Refresco de naranja Trina zero sin gas lata 33 cl.,"0,72 €","2,18 €/l",https://www.carrefour.es/supermercado/refresco-de-naranja-trina-zero-sin-gas-lata-33-cl/R-520660648/p,https://static.carrefour.es/hd_350x_/img_pim_food/760902_00_1.jpg,Disponible
08-04-2025,20:38:37,Bebidas,Cerveza Cruzcampo Pilsen pack de 12 latas de 33 cl.,"8,63 €","2,18 €/l",https://www.carrefour.es/supermercado/cerveza-cruzcampo-pilsen-pack-de-12-latas-de-33-cl/R-520661323/p,https://static.carrefour.es/hd_350x_/img_pim_food/537803_00_1.jpg,Disponible
08-04-2025,20:38:37,Bebidas,Zumo de frutas y leche Carrefour sabor tropical pack de 3 briks de 33 cl.,"1,08 €","1,09 €/l",https://www.carrefour.es/supermercado/zumo-de-frutas-y-leche-carrefour-sabor-tropical-pack-de-3-briks-de-33-cl/R-799397850/p,https://static.carrefour.es/hd_350x_/img_pim_food/902172_00_1.jpg,Disponible
08-04-2025,20:38:37,Bebidas,Kombucha de jengibre y limón ecológico Komvida sin gluten botella 25 cl.,"2,79 €","11,16 €/l",https://www.carrefour.es/supermercado/kombucha-de-jengibre-y-limon-ecologico-komvida-sin-gluten-botella-25-cl/R-fprod1180208/p,https://static.carrefour.es/hd_350x_/img_pim_food/220853_00_1.jpg,Disponible
08-04-2025,20:39:18,Bebidas,Schweppes de limón lata 33 cl.,"0,97 €","2,94 €/l",https://www.carrefour.es/supermercado/schweppes-de-limon-lata-33-cl/R-520660580/p,https://static.carrefour.es/hd_350x_/img_pim_food/707834_00_1.jpg,Disponible
08-04-2025,20:39:18,Bebidas,Powerade Citrus con tapón sport botella 50 cl.,"1,62 €","3,24 €/l",https://www.carrefour.es/supermercado/powerade-citrus-con-tapon-sport-botella-50-cl/R-520660745/p,https://static.carrefour.es/hd_350x_/img_pim_food/394779_00_1.jpg,Disponible
08-04-2025,20:39:18,Bebidas,"Refresco de manzana Carrefour Classic botella 1,5 l.","1,13 €","0,75 €/l",https://www.carrefour.es/supermercado/refresco-de-manzana-carrefour-classic-botella-15-l/R-625820249/p,https://static.carrefour.es/hd_350x_/img_pim_food/802752_00_1.jpg,Disponible
08-04-2025,20:39:18,Bebidas,"Schweppes Citrus Zero de mandarina, lima, naranja y pomelo lata 33 cl.","0,99 €",3 €/l,https://www.carrefour.es/supermercado/schweppes-citrus-zero-de-mandarina-lima-naranja-y-pomelo-lata-33-cl/R-VC4AECOMM-520769/p,https://static.carrefour.es/hd_350x_/img_pim_food/520769_00_1.jpg,Disponible
08-04-2025,20:39:18,Bebidas,Néctar de guayaba Carrefour brik 1 l.,"1,30 €","1,30 €/l",https://www.carrefour.es/supermercado/nectar-de-guayaba-carrefour-brik-1-l/R-prod730832/p,https://static.carrefour.es/hd_350x_/img_pim_food/855251_00_1.jpg,Disponible
08-04-2025,20:39:18,Bebidas,Néctar tropical Carrefour Classic brik 1 l.,"1,21 €","1,21 €/l",https://www.carrefour.es/supermercado/nectar-tropical-carrefour-classic-brik-1-l/R-780686970/p,https://static.carrefour.es/hd_350x_/img_pim_food/865494_00_1.jpg,Disponible
08-04-2025,20:39:18,Bebidas,Zumo tropical Don Simon pack de 6 briks de 20 cl.,"1,50 €","1,25 €/l",https://www.carrefour.es/supermercado/zumo-tropical-don-simon-pack-de-6-briks-de-20-cl/R-VC4AECOMM-443427/p,https://static.carrefour.es/hd_350x_/img_pim_food/443427_00_1.jpg,Disponible
08-04-2025,20:39:18,Bebidas,Vino D.O. Rioja tinto crianza Gran Vendema 75 cl.,"4,79 €","4,79 €/ud",https://www.carrefour.es/supermercado/vino-do-rioja-tinto-crianza-gran-vendema-75-cl/R-631307115/p,https://static.carrefour.es/hd_350x_/img_pim_food/807528_00_1.jpg,Disponible
08-04-2025,20:39:18,Bebidas,"Aquarius melocotón rojo botella 1,5 l.","2,15 €","1,43 €/l",https://www.carrefour.es/supermercado/aquarius-melocoton-rojo-botella-15-l/R-VC4AECOMM-358380/p,https://static.carrefour.es/hd_350x_/img_pim_food/358380_00_1.jpg,Disponible
08-04-2025,20:39:18,Bebidas,Agua mineral Font Vella 75 cl.,"0,88 €","1,17 €/l",https://www.carrefour.es/supermercado/agua-mineral-font-vella-75-cl/R-868700634/p,https://static.carrefour.es/hd_350x_/img_pim_food/172352_00_1.jpg,Disponible
08-04-2025,20:39:18,Bebidas,Refresco naranja Zero Carrefour Classic' botella 2 l,"0,95 €","0,47 €/l",https://www.carrefour.es/supermercado/refresco-naranja-zero-carrefour-classic-botella-2-l/R-VC4AECOMM-767087/p,https://static.carrefour.es/hd_350x_/img_pim_food/767087_00_1.jpg,Disponible
08-04-2025,20:39:18,Bebidas,Cerveza Cruzcampo Pilsen pack 28 latas 33 cl.,"19,89 €","2,15 €/l",https://www.carrefour.es/supermercado/cerveza-cruzcampo-pilsen-pack-28-latas-33-cl/R-562901511/p,https://static.carrefour.es/hd_350x_/img_pim_food/185116_00_1.jpg,Disponible
08-04-2025,20:39:18,Bebidas,Fuze tea negro con limón botella 500 ml.,"1,62 €","3,24 €/l",https://www.carrefour.es/supermercado/fuze-tea-negro-con-limon-botella-500-ml/R-VC4AECOMM-489126/p,https://static.carrefour.es/hd_350x_/img_pim_food/489126_00_1.jpg,Disponible
08-04-2025,20:39:18,Bebidas,"Zumo de naranja, limón y zanahoria Carrefour Classic brik 1 l.","0,98 €","0,98 €/l",https://www.carrefour.es/supermercado/zumo-de-naranja-limon-y-zanahoria-carrefour-classic-brik-1-l/R-784208965/p,https://static.carrefour.es/hd_350x_/img_pim_food/870674_00_1.jpg,Disponible
08-04-2025,20:39:18,Bebidas,Vino D.O. Mancha tinto tempranillo Viña Lobón 75 cl.,"1,27 €","1,27 €/ud",https://www.carrefour.es/supermercado/vino-do-mancha-tinto-tempranillo-vina-lobon-75-cl/R-789105164/p,https://static.carrefour.es/hd_350x_/img_pim_food/883635_00_1.jpg,Disponible
08-04-2025,20:39:18,Bebidas,"Zumo de mandarina  Simon Life botella 1,5 l.","1,79 €","1,19 €/l",https://www.carrefour.es/supermercado/zumo-de-mandarina-simon-life-botella-15-l/R-521030006/p,https://static.carrefour.es/hd_350x_/img_pim_food/372681_00_1.jpg,Disponible
08-04-2025,20:39:18,Bebidas,La Casera hierbabuena 0% azucares y calorías lata 33 cl.,"0,67 €","2,03 €/l",https://www.carrefour.es/supermercado/la-casera-hierbabuena-0-azucares-y-calorias-lata-33-cl/R-VC4AECOMM-668692/p,https://static.carrefour.es/hd_350x_/img_pim_food/668692_00_1.jpg,Disponible
08-04-2025,20:39:18,Bebidas,Vino tinto de mesa Don Simón brik 1 l.,"1,57 €","1,57 €/l",https://www.carrefour.es/supermercado/vino-tinto-de-mesa-don-simon-brik-1-l/R-520661408/p,https://static.carrefour.es/hd_350x_/img_pim_food/000175_00_1.jpg,Disponible
08-04-2025,20:39:18,Bebidas,Vino tinto joven Malabestia D.O.Ca. Rioja 75 cl.,"2,35 €","2,35 €/ud",https://www.carrefour.es/supermercado/vino-tinto-joven-malabestia-doca-rioja-75-cl/R-VC4AECOMM-510551/p,https://static.carrefour.es/hd_350x_/img_pim_food/510551_00_1.jpg,Disponible
08-04-2025,20:39:18,Bebidas,Vino tinto reserva tempranillo Viña Albali D.O. Valdepeñas 75 cl.,"3,35 €","3,35 €/ud",https://www.carrefour.es/supermercado/vino-tinto-reserva-tempranillo-vina-albali-do-valdepenas-75-cl/R-520662791/p,https://static.carrefour.es/hd_350x_/img_pim_food/000214_00_1.jpg,Disponible
08-04-2025,20:39:18,Bebidas,"Trina de naranja sin gas botella 1,5 l.","1,77 €","1,18 €/l",https://www.carrefour.es/supermercado/trina-de-naranja-sin-gas-botella-15-l/R-520660616/p,https://static.carrefour.es/hd_350x_/img_pim_food/000070_00_1.jpg,Disponible
08-04-2025,20:39:18,Bebidas,Monster Energy Lewis Hamilton Bebida Energética sin azúcar lata 500 ml.,"1,95 €","3,90 €/l",https://www.carrefour.es/supermercado/monster-energy-lewis-hamilton-bebida-energetica-sin-azucar-lata-500-ml/R-VC4AECOMM-173887/p,https://static.carrefour.es/hd_350x_/img_pim_food/173887_00_1.jpg,Disponible
08-04-2025,20:39:18,Bebidas,"Cerveza Estrella Galicia 0,0 sin alcohol lata 33 cl.","0,79 €","2,39 €/l",https://www.carrefour.es/supermercado/cerveza-estrella-galicia-00-sin-alcohol-lata-33-cl/R-597201613/p,https://static.carrefour.es/hd_350x_/img_pim_food/358399_00_1.jpg,Disponible
08-04-2025,20:39:18,Bebidas,Red Bull Winter Edition sabor iced vanilla berry sin azúcar lata 25 cl.,"1,81 €","7,24 €/l",https://www.carrefour.es/supermercado/red-bull-winter-edition-sabor-iced-vanilla-berry-sin-azucar-lata-25-cl/R-VC4AECOMM-485004/p,https://static.carrefour.es/hd_350x_/img_pim_food/485004_00_1.jpg,Disponible
08-04-2025,20:39:59,Bebidas,Refresco Lima Limón Zero Carrefour Classic' 2 l.,"0,95 €","0,47 €/l",https://www.carrefour.es/supermercado/refresco-lima-limon-zero-carrefour-classic-2-l/R-VC4AECOMM-766819/p,https://static.carrefour.es/hd_350x_/img_pim_food/766819_00_1.jpg,Disponible
08-04-2025,20:39:59,Bebidas,Agua mineral natural Nestlé Aquarel 50 cl.,"0,57 €","1,14 €/l",https://www.carrefour.es/supermercado/agua-mineral-natural-nestle-aquarel-50-cl/R-546102594/p,https://static.carrefour.es/hd_350x_/img_pim_food/790070_00_1.jpg,Disponible
08-04-2025,20:39:59,Bebidas,Vino tinto joven tempranillo Tres Reinos D.O.Ca. Rioja 75 cl.,"2,29 €","2,29 €/ud",https://www.carrefour.es/supermercado/vino-tinto-joven-tempranillo-tres-reinos-doca-rioja-75-cl/R-prod590345/p,https://static.carrefour.es/hd_350x_/img_pim_food/838590_00_1.jpg,Disponible
08-04-2025,20:39:59,Bebidas,Coca Cola zero azúcar sabor cereza lata 33 cl.,"0,99 €",3 €/l,https://www.carrefour.es/supermercado/coca-cola-zero-azucar-sabor-cereza-lata-33-cl/R-855652844/p,https://static.carrefour.es/hd_350x_/img_pim_food/967555_00_1.jpg,Disponible
08-04-2025,20:39:59,Bebidas,Zumo Romantics Detox Ginger botella 50 cl.,"1,75 €","29,17 €/l",https://www.carrefour.es/supermercado/zumo-romantics-detox-ginger-botella-50-cl/R-prod261178/p,https://static.carrefour.es/hd_350x_/supermercado/bcc_static/catalogImages/broken_image.png,Disponible
08-04-2025,20:39:59,Bebidas,Maltín Polar lata 33 cl.,"1,41 €","4,27 €/l",https://www.carrefour.es/supermercado/maltin-polar-lata-33-cl/R-VC4AECOMM-351377/p,https://static.carrefour.es/hd_350x_/img_pim_food/351377_00_1.jpg,Disponible
08-04-2025,20:39:59,Bebidas,"Red Bull Bebida Energética lata 47,3 cl","2,95 €","6,24 €/l",https://www.carrefour.es/supermercado/red-bull-bebida-energetica-lata-473-cl/R-556201511/p,https://static.carrefour.es/hd_350x_/img_pim_food/255793_00_1.jpg,Disponible
08-04-2025,20:39:59,Bebidas,Cerveza lager especial El Águila sin filtrar pack de 10 latas de 33 cl.,"8,19 €","2,48 €/l",https://www.carrefour.es/supermercado/cerveza-lager-especial-el-aguila-sin-filtrar-pack-de-10-latas-de-33-cl/R-VC4AECOMM-636370/p,https://static.carrefour.es/hd_350x_/img_pim_food/636370_00_1.jpg,Disponible
08-04-2025,20:39:59,Bebidas,Cerveza Cruzcampo Pilsen pack de 24 botellas de 25 cl.,"10,98 €","1,83 €/l",https://www.carrefour.es/supermercado/cerveza-cruzcampo-pilsen-pack-de-24-botellas-de-25-cl/R-521028271/p,https://static.carrefour.es/hd_350x_/img_pim_food/000147_00_1.jpg,Disponible
08-04-2025,20:39:59,Bebidas,Cerveza El Águila sin filtrar lata 50 cl.,"1,61 €","3,22 €/l",https://www.carrefour.es/supermercado/cerveza-el-aguila-sin-filtrar-lata-50-cl/R-VC4AECOMM-216406/p,https://static.carrefour.es/hd_350x_/img_pim_food/216406_00_1.jpg,Disponible
08-04-2025,20:39:59,Bebidas,Bebida de piña y coco Carrefour sin azúcar añadido brik 1 l.,"1,22 €","1,22 €/l",https://www.carrefour.es/supermercado/bebida-de-pina-y-coco-carrefour-sin-azucar-anadido-brik-1-l/R-prod730766/p,https://static.carrefour.es/hd_350x_/img_pim_food/855127_00_1.jpg,Disponible
08-04-2025,20:39:59,Bebidas,Fanta de limón Zero botella 2 l.,"1,99 €","0,99 €/l",https://www.carrefour.es/supermercado/fanta-de-limon-zero-botella-2-l/R-520660604/p,https://static.carrefour.es/hd_350x_/img_pim_food/064637_00_1.jpg,Disponible
08-04-2025,20:39:59,Bebidas,Agua mineral natural Nestlé Aquarel tapón deportivo 75 cl.,"0,79 €","1,05 €/l",https://www.carrefour.es/supermercado/agua-mineral-natural-nestle-aquarel-tapon-deportivo-75-cl/R-prod1120656/p,https://static.carrefour.es/hd_350x_/img_pim_food/175044_00_1.jpg,Disponible
08-04-2025,20:39:59,Bebidas,Cerveza rubia Estrella Damm mediterránea pack de 12 latas de 33 cl.,"10,19 €","2,57 €/l",https://www.carrefour.es/supermercado/cerveza-rubia-estrella-damm-mediterranea-pack-de-12-latas-de-33-cl/R-521035193/p,https://static.carrefour.es/hd_350x_/img_pim_food/455117_00_1.jpg,Disponible
08-04-2025,20:39:59,Bebidas,Vermut Martini blanco 1 l.,"9,69 €","9,69 €/l",https://www.carrefour.es/supermercado/vermut-martini-blanco-1-l/R-520663122/p,https://static.carrefour.es/hd_350x_/img_pim_food/000279_00_1.jpg,Disponible
08-04-2025,20:39:59,Bebidas,Fanta de sandía sin azúcares añadidos lata 33 cl.,"0,87 €","2,64 €/l",https://www.carrefour.es/supermercado/fanta-de-sandia-sin-azucares-anadidos-lata-33-cl/R-VC4AECOMM-495399/p,https://static.carrefour.es/hd_350x_/img_pim_food/495399_00_1.jpg,Disponible
08-04-2025,20:39:59,Bebidas,Cerveza Ambar Lager especial sin gluten lata 33 cl.,"0,90 €","2,73 €/l",https://www.carrefour.es/supermercado/cerveza-ambar-lager-especial-sin-gluten-lata-33-cl/R-816214809/p,https://static.carrefour.es/hd_350x_/img_pim_food/947313_00_1.jpg,Disponible
08-04-2025,20:39:59,Bebidas,"Cerveza tostada Amstel 0,0 Radler con limón lata 33 cl.","0,85 €","2,58 €/l",https://www.carrefour.es/supermercado/cerveza-tostada-amstel-00-radler-con-limon-lata-33-cl/R-VC4AECOMM-476378/p,https://static.carrefour.es/hd_350x_/img_pim_food/476378_00_1.jpg,Disponible
08-04-2025,20:39:59,Bebidas,Prime future freeze bebida isotónica botella 50 cl.,,"6,10 €/l",https://www.carrefour.es/supermercado/prime-future-freeze-bebida-isotonica-botella-50-cl/R-VC4AECOMM-561065/p,https://static.carrefour.es/hd_350x_/img_pim_food/561065_00_1.jpg,Disponible
08-04-2025,20:39:59,Bebidas,Vino tinto crianza tempranillo Viña Albali D.O. Valdepeñas 75 cl.,"2,69 €","2,69 €/ud",https://www.carrefour.es/supermercado/vino-tinto-crianza-tempranillo-vina-albali-do-valdepenas-75-cl/R-520662784/p,https://static.carrefour.es/hd_350x_/img_pim_food/760586_00_1.jpg,Disponible
08-04-2025,20:39:59,Bebidas,Cerveza Amstel Radler con limón pack 12 latas 33 cl.,,"2,30 €/l",https://www.carrefour.es/supermercado/cerveza-amstel-radler-con-limon-pack-12-latas-33-cl/R-824405643/p,https://static.carrefour.es/hd_350x_/img_pim_food/958874_00_1.jpg,Disponible
08-04-2025,20:39:59,Bebidas,Néctar de naranja Carrefour Classic sin azúcares añadidos pack de 6 Brik de 20 cl.,"1,94 €","1,62 €/l",https://www.carrefour.es/supermercado/nectar-de-naranja-carrefour-classic-sin-azucares-anadidos-pack-de-6-brik-de-20-cl/R-VC4AECOMM-670947/p,https://static.carrefour.es/hd_350x_/img_pim_food/670947_00_1.jpg,Disponible
08-04-2025,20:39:59,Bebidas,Cerveza Mahou Mixta Shandy con limón lata 33 cl.,"0,91 €","2,76 €/l",https://www.carrefour.es/supermercado/cerveza-mahou-mixta-shandy-con-limon-lata-33-cl/R-520661358/p,https://static.carrefour.es/hd_350x_/img_pim_food/577258_00_1.jpg,Disponible
08-04-2025,20:39:59,Bebidas,"Cerveza tostada San Miguel 0,0 alcohol lata 33 cl.","0,78 €","2,36 €/l",https://www.carrefour.es/supermercado/cerveza-tostada-san-miguel-00-alcohol-lata-33-cl/R-VC4AECOMM-126135/p,https://static.carrefour.es/hd_350x_/img_pim_food/126135_00_1.jpg,Disponible
08-04-2025,20:40:40,Bebidas,"Tónica Carrefour botella 1,5 l.","0,99 €","0,66 €/l",https://www.carrefour.es/supermercado/tonica-carrefour-botella-15-l/R-520660428/p,https://static.carrefour.es/hd_350x_/img_pim_food/228960_00_1.jpg,Disponible
08-04-2025,20:40:40,Bebidas,Vino tinto crianza 3 Reinos D.O.Ca. Rioja 75 cl.,"2,79 €","2,79 €/ud",https://www.carrefour.es/supermercado/vino-tinto-crianza-3-reinos-doca-rioja-75-cl/R-prod590878/p,https://static.carrefour.es/hd_350x_/img_pim_food/840498_00_1.jpg,Disponible
08-04-2025,20:40:40,Bebidas,Tónica Schweppes zero botella 20 cl,"1,19 €","5,95 €/l",https://www.carrefour.es/supermercado/tonica-schweppes-zero-botella-20-cl/R-VC4AECOMM-046990/p,https://static.carrefour.es/hd_350x_/img_pim_food/046990_00_1.jpg,Disponible
08-04-2025,20:40:40,Bebidas,Tónica Schweppes pink zero lata 25 cl.,"0,97 €","3,88 €/l",https://www.carrefour.es/supermercado/tonica-schweppes-pink-zero-lata-25-cl/R-VC4AECOMM-398619/p,https://static.carrefour.es/hd_350x_/img_pim_food/398619_00_1.jpg,Disponible
08-04-2025,20:40:40,Bebidas,Zumo de naranja recién exprimido con pulpa Carrefour Selección botella 1 l.,"3,05 €","3,05 €/l",https://www.carrefour.es/supermercado/zumo-de-naranja-recien-exprimido-con-pulpa-carrefour-seleccion-botella-1-l/R-521033147/p,https://static.carrefour.es/hd_350x_/img_pim_food/799695_00_1.jpg,Disponible
08-04-2025,20:40:40,Bebidas,Whisky Loch Castle escocés 70 cl.,"6,05 €","8,64 €/l",https://www.carrefour.es/supermercado/whisky-loch-castle-escoces-70-cl/R-prod100158/p,https://static.carrefour.es/hd_350x_/img_pim_food/224635_00_1.jpg,Disponible
08-04-2025,20:40:40,Bebidas,Cerveza Alhambra tradicional pack 12 latas 33 cl.,"8,64 €","2,18 €/l",https://www.carrefour.es/supermercado/cerveza-alhambra-tradicional-pack-12-latas-33-cl/R-590214233/p,https://static.carrefour.es/hd_350x_/img_pim_food/618756_00_1.jpg,Disponible
08-04-2025,20:40:40,Bebidas,Vodka Vikoroff 70 cl.,"4,59 €","6,56 €/l",https://www.carrefour.es/supermercado/vodka-vikoroff-70-cl/R-520663007/p,https://static.carrefour.es/hd_350x_/img_pim_food/579658_00_1.jpg,Disponible
08-04-2025,20:40:40,Bebidas,"Pepsi pack de 2 botellas de 1,75 cl.","3,35 €","0,96 €/l",https://www.carrefour.es/supermercado/pepsi-pack-de-2-botellas-de-175-cl/R-VC4AECOMM-689280/p,https://static.carrefour.es/hd_350x_/img_pim_food/689280_00_1.jpg,Disponible
08-04-2025,20:40:40,Bebidas,Zumo de manzana 100% Premium Granini botella 1 l.,"3,15 €","3,15 €/l",https://www.carrefour.es/supermercado/zumo-de-manzana-100-premium-granini-botella-1-l/R-520660902/p,https://static.carrefour.es/hd_350x_/img_pim_food/685512_00_1.jpg,Disponible
08-04-2025,20:40:40,Bebidas,Kuyx light de mandarina sin gluten 3 l.,"2,19 €","0,73 €/l",https://www.carrefour.es/supermercado/kuyx-light-de-mandarina-sin-gluten-3-l/R-VC4AECOMM-778348/p,https://static.carrefour.es/hd_350x_/img_pim_food/778348_00_1.jpg,Disponible
08-04-2025,20:40:40,Bebidas,Tónica Nordic Mist Blue lata 25 cl.,"0,71 €","2,84 €/l",https://www.carrefour.es/supermercado/tonica-nordic-mist-blue-lata-25-cl/R-769403245/p,https://static.carrefour.es/hd_350x_/img_pim_food/778181_00_1.jpg,Disponible
08-04-2025,20:40:40,Bebidas,Ginebra Seagram's extra 70 cl.,"16,69 €","23,84 €/l",https://www.carrefour.es/supermercado/ginebra-seagrams-extra-70-cl/R-546102614/p,https://static.carrefour.es/hd_350x_/img_pim_food/790820_00_1.jpg,Disponible
08-04-2025,20:40:40,Bebidas,Agua mineral Lanjarón 75 cl.,"0,92 €","1,23 €/l",https://www.carrefour.es/supermercado/agua-mineral-lanjaron-75-cl/R-520661037/p,https://static.carrefour.es/hd_350x_/img_pim_food/199008_00_1.jpg,Disponible
08-04-2025,20:40:40,Bebidas,Monster Energy Bebida Energética ultra fiesta mango zero azúcar lata 50 cl.,"1,95 €","3,90 €/l",https://www.carrefour.es/supermercado/monster-energy-bebida-energetica-ultra-fiesta-mango-zero-azucar-lata-50-cl/R-VC4AECOMM-687230/p,https://static.carrefour.es/hd_350x_/img_pim_food/687230_00_1.jpg,Disponible
08-04-2025,20:40:40,Bebidas,Eneryeti splash bebida energética lata 50 cl.,1 €,2 €/l,https://www.carrefour.es/supermercado/eneryeti-splash-bebida-energetica-lata-50-cl/R-VC4AECOMM-555318/p,https://static.carrefour.es/hd_350x_/img_pim_food/555318_00_1.jpg,Disponible
08-04-2025,20:40:40,Bebidas,Prime blue raspberry botella 500 ml.,"3,05 €","6,10 €/l",https://www.carrefour.es/supermercado/prime-blue-raspberry-botella-500-ml/R-VC4AECOMM-194923/p,https://static.carrefour.es/hd_350x_/img_pim_food/194923_00_1.jpg,Disponible
08-04-2025,20:40:40,Bebidas,Néctar de melocotón Granini botella 1 l.,"2,95 €","2,95 €/l",https://www.carrefour.es/supermercado/nectar-de-melocoton-granini-botella-1-l/R-520660916/p,https://static.carrefour.es/hd_350x_/img_pim_food/020870_00_1.jpg,Disponible
08-04-2025,20:40:40,Bebidas,Kombucha de frutos rojos ecológico Komvida sin gluten botella 25 cl.,"2,79 €","11,16 €/l",https://www.carrefour.es/supermercado/kombucha-de-frutos-rojos-ecologico-komvida-sin-gluten-botella-25-cl/R-fprod1180207/p,https://static.carrefour.es/hd_350x_/img_pim_food/220854_00_1.jpg,Disponible
08-04-2025,20:40:40,Bebidas,7UP de lima-limón botella 2 l.,"1,80 €","0,90 €/l",https://www.carrefour.es/supermercado/7up-de-lima-limon-botella-2-l/R-VC4AECOMM-398607/p,https://static.carrefour.es/hd_350x_/img_pim_food/398607_00_1.jpg,Disponible
08-04-2025,20:40:40,Bebidas,"Cerveza San Miguel 0,0 radler con zumo limón natural lata 33 cl.","0,81 €","2,45 €/l",https://www.carrefour.es/supermercado/cerveza-san-miguel-00-radler-con-zumo-limon-natural-lata-33-cl/R-544101756/p,https://static.carrefour.es/hd_350x_/img_pim_food/196826_00_1.jpg,Disponible
08-04-2025,20:40:40,Bebidas,Monster Energy Ultra Paradise Bebida Energética lata 50 cl.,"1,95 €","3,90 €/l",https://www.carrefour.es/supermercado/monster-energy-ultra-paradise-bebida-energetica-lata-50-cl/R-VC4AECOMM-550070/p,https://static.carrefour.es/hd_350x_/img_pim_food/550070_00_1.jpg,Disponible
08-04-2025,20:40:40,Bebidas,Cerveza Mahou 5 Estrellas especial pack de 12 botellas de 25 cl.,"7,69 €","2,56 €/l",https://www.carrefour.es/supermercado/cerveza-mahou-5-estrellas-especial-pack-de-12-botellas-de-25-cl/R-521028259/p,https://static.carrefour.es/hd_350x_/img_pim_food/523315_00_1.jpg,Disponible
08-04-2025,20:40:40,Bebidas,Coca-Cola zero azúcar lima lata 33 cl.,"0,99 €",3 €/l,https://www.carrefour.es/supermercado/coca-cola-zero-azucar-lima-lata-33-cl/R-VC4AECOMM-416912/p,https://static.carrefour.es/hd_350x_/img_pim_food/416912_00_1.jpg,Disponible
08-04-2025,20:41:21,Bebidas,Néctar de piña Granini botella 1 l.,"2,95 €","2,95 €/l",https://www.carrefour.es/supermercado/nectar-de-pina-granini-botella-1-l/R-520660894/p,https://static.carrefour.es/hd_350x_/img_pim_food/020868_00_1.jpg,Disponible
08-04-2025,20:41:21,Bebidas,Cider Ladrón de manzanas sabor manzana verde botella 25 cl.,"1,17 €","4,68 €/l",https://www.carrefour.es/supermercado/cider-ladron-de-manzanas-sabor-manzana-verde-botella-25-cl/R-fprod1190428/p,https://static.carrefour.es/hd_350x_/img_pim_food/242592_00_1.jpg,Disponible
08-04-2025,20:41:21,Bebidas,Cerveza Estrella Galicia especial mini pack 20 botellas 20 cl.,"11,39 €","2,85 €/l",https://www.carrefour.es/supermercado/cerveza-estrella-galicia-especial-mini-pack-20-botellas-20-cl/R-717314084/p,https://static.carrefour.es/hd_350x_/img_pim_food/499114_00_1.jpg,Disponible
08-04-2025,20:41:21,Bebidas,Red Bull Bebida Energética fruta del dragón lata 25 cl,"1,73 €","6,92 €/l",https://www.carrefour.es/supermercado/red-bull-bebida-energetica-fruta-del-dragon-lata-25-cl/R-VC4AECOMM-695561/p,https://static.carrefour.es/hd_350x_/img_pim_food/695561_00_1.jpg,Disponible
08-04-2025,20:41:21,Bebidas,Coca Cola light sin cafeína lata 33 cl.,"0,92 €","2,79 €/l",https://www.carrefour.es/supermercado/coca-cola-light-sin-cafeina-lata-33-cl/R-520660533/p,https://static.carrefour.es/hd_350x_/img_pim_food/148011_00_1.jpg,Disponible
08-04-2025,20:41:21,Bebidas,Coca Cola zero azúcar zero cafeína pack 12 latas 33 cl.,"10,80 €","2,73 €/l",https://www.carrefour.es/supermercado/coca-cola-zero-azucar-zero-cafeina-pack-12-latas-33-cl/R-803403674/p,https://static.carrefour.es/hd_350x_/img_pim_food/911700_00_1.jpg,Disponible
08-04-2025,20:41:21,Bebidas,Cerveza Mahou Clásica pack de 12 botellas de 25 cl.,"5,89 €","1,96 €/l",https://www.carrefour.es/supermercado/cerveza-mahou-clasica-pack-de-12-botellas-de-25-cl/R-538002206/p,https://static.carrefour.es/hd_350x_/img_pim_food/416933_00_1.jpg,Disponible
08-04-2025,20:41:21,Bebidas,Cerveza Estrella Galicia especial pack de 12 botellas de 25 cl.,"8,05 €","2,68 €/l",https://www.carrefour.es/supermercado/cerveza-estrella-galicia-especial-pack-de-12-botellas-de-25-cl/R-538408265/p,https://static.carrefour.es/hd_350x_/img_pim_food/761045_00_1.jpg,Disponible
08-04-2025,20:41:21,Bebidas,Vio tinto crianza tempranillo Malabestia D.O.Ca Rioja 75 cl.,"2,65 €","2,65 €/ud",https://www.carrefour.es/supermercado/vio-tinto-crianza-tempranillo-malabestia-doca-rioja-75-cl/R-fprod1270314/p,https://static.carrefour.es/hd_350x_/img_pim_food/325886_00_1.jpg,Disponible
08-04-2025,20:41:21,Bebidas,Néctar de mango y naranja Carrefour Classic brik 1 l.,"1,41 €","1,41 €/l",https://www.carrefour.es/supermercado/nectar-de-mango-y-naranja-carrefour-classic-brik-1-l/R-780686962/p,https://static.carrefour.es/hd_350x_/img_pim_food/865490_00_1.jpg,Disponible
08-04-2025,20:41:21,Bebidas,Refresco de manzana Trina sin gas lata 33 cl.,"0,69 €","2,09 €/l",https://www.carrefour.es/supermercado/refresco-de-manzana-trina-sin-gas-lata-33-cl/R-520660640/p,https://static.carrefour.es/hd_350x_/img_pim_food/760877_00_1.jpg,Disponible
08-04-2025,20:41:21,Bebidas,Tónica Nordic Mist zero azúcar lata 25 cl.,"0,71 €","2,84 €/l",https://www.carrefour.es/supermercado/tonica-nordic-mist-zero-azucar-lata-25-cl/R-791548056/p,https://static.carrefour.es/hd_350x_/img_pim_food/886887_00_1.jpg,Disponible
08-04-2025,20:41:21,Bebidas,Agua mineral Font Vella 33 cl.,"0,83 €","2,52 €/l",https://www.carrefour.es/supermercado/agua-mineral-font-vella-33-cl/R-prod130196/p,https://static.carrefour.es/hd_350x_/img_pim_food/229234_00_1.jpg,Disponible
08-04-2025,20:41:21,Bebidas,Tónica Schweppes Zero botella 1 l.,"2,15 €","2,15 €/l",https://www.carrefour.es/supermercado/tonica-schweppes-zero-botella-1-l/R-521013535/p,https://static.carrefour.es/hd_350x_/img_pim_food/383293_00_1.jpg,Disponible
08-04-2025,20:41:21,Bebidas,Bebida de fruta melocotón Carrefour Classic sin azúcares añadidosbrik 1 l.,"1,14 €","1,14 €/l",https://www.carrefour.es/supermercado/bebida-de-fruta-melocoton-carrefour-classic-sin-azucares-anadidosbrik-1-l/R-VC4AECOMM-520354/p,https://static.carrefour.es/hd_350x_/img_pim_food/520354_00_1.jpg,Disponible
08-04-2025,20:41:21,Bebidas,Agua mineral Cabreiroá 1 l.,"0,74 €","0,74 €/l",https://www.carrefour.es/supermercado/agua-mineral-cabreiroa-1-l/R-VC4AECOMM-511378/p,https://static.carrefour.es/hd_350x_/img_pim_food/511378_00_1.jpg,Disponible
08-04-2025,20:41:21,Bebidas,Vino blanco verdejo 3 Reinos D.O. Rueda 75 cl.,"1,99 €","1,99 €/ud",https://www.carrefour.es/supermercado/vino-blanco-verdejo-3-reinos-do-rueda-75-cl/R-VC4AECOMM-702060/p,https://static.carrefour.es/hd_350x_/img_pim_food/702060_00_1.jpg,Disponible
08-04-2025,20:41:21,Bebidas,Zumo Tropical Original Bifrutas pack de 9 briks de 20 cl.,"3,56 €","1,98 €/l",https://www.carrefour.es/supermercado/zumo-tropical-original-bifrutas-pack-de-9-briks-de-20-cl/R-prod73637/p,https://static.carrefour.es/hd_350x_/img_pim_food/965251_00_1.jpg,Disponible
08-04-2025,20:41:21,Bebidas,Fanta de limón pack 2 botellas 2 l.,,"0,75 €/l",https://www.carrefour.es/supermercado/fanta-de-limon-pack-2-botellas-2-l/R-520660582/p,https://static.carrefour.es/hd_350x_/img_pim_food/392863_00_1.jpg,Disponible
08-04-2025,20:41:21,Bebidas,Zumo de tomate Carrefour Classic brik 1 l.,"0,99 €","0,99 €/l",https://www.carrefour.es/supermercado/zumo-de-tomate-carrefour-classic-brik-1-l/R-520660797/p,https://static.carrefour.es/hd_350x_/img_pim_food/793541_00_1.jpg,Disponible
08-04-2025,20:41:21,Bebidas,Monster Energy Rehab Bebida Energética té/chá + limonada lata 50 cl.,"1,86 €","3,72 €/l",https://www.carrefour.es/supermercado/monster-energy-rehab-bebida-energetica-te-cha-limonada-lata-50-cl/R-698405769/p,https://static.carrefour.es/hd_350x_/img_pim_food/324410_00_1.jpg,Disponible
08-04-2025,20:41:21,Bebidas,"Zumo de melocotón, manzana y uva Carrefour brik 1 l.","1,08 €","1,08 €/l",https://www.carrefour.es/supermercado/zumo-de-melocoton-manzana-y-uva-carrefour-brik-1-l/R-820614220/p,https://static.carrefour.es/hd_350x_/img_pim_food/955069_00_1.jpg,Disponible
08-04-2025,20:41:21,Bebidas,Cerveza El Aguila dorada lata 50 cl.,"1,37 €","2,74 €/l",https://www.carrefour.es/supermercado/cerveza-el-aguila-dorada-lata-50-cl/R-VC4AECOMM-216392/p,https://static.carrefour.es/hd_350x_/img_pim_food/216392_00_1.jpg,Disponible
08-04-2025,20:41:21,Bebidas,"Aquarius sabor limón pack de 2 botellas de 1,5 l.","3,69 €","1,23 €/l",https://www.carrefour.es/supermercado/aquarius-sabor-limon-pack-de-2-botellas-de-15-l/R-789915234/p,https://static.carrefour.es/hd_350x_/img_pim_food/311056_00_1.jpg,Disponible
08-04-2025,20:42:02,Bebidas,Zumo blue berry Cancún Sunny Delight botella 33 cl.,"0,99 €",3 €/l,https://www.carrefour.es/supermercado/zumo-blue-berry-cancun-sunny-delight-botella-33-cl/R-VC4AECOMM-187397/p,https://static.carrefour.es/hd_350x_/img_pim_food/187397_00_1.jpg,Disponible
08-04-2025,20:42:02,Bebidas,Tinto de verano Ladrón de Verano con limón lata 33 cl.,"1,65 €",5 €/l,https://www.carrefour.es/supermercado/tinto-de-verano-ladron-de-verano-con-limon-lata-33-cl/R-VC4AECOMM-360314/p,https://static.carrefour.es/hd_350x_/img_pim_food/360314_00_1.jpg,Disponible
08-04-2025,20:42:02,Bebidas,Cerveza 1906 Red Vintage La Colorada lata 33 cl.,"1,17 €","3,55 €/l",https://www.carrefour.es/supermercado/cerveza-1906-red-vintage-la-colorada-lata-33-cl/R-VC4AECOMM-589416/p,https://static.carrefour.es/hd_350x_/img_pim_food/589416_00_1.jpg,Disponible
08-04-2025,20:42:02,Bebidas,Cerveza San Miguel especial Lager pack de 24 botellas de 25 cl.,"10,89 €","1,82 €/l",https://www.carrefour.es/supermercado/cerveza-san-miguel-especial-lager-pack-de-24-botellas-de-25-cl/R-521028273/p,https://static.carrefour.es/hd_350x_/img_pim_food/153815_00_1.jpg,Disponible
08-04-2025,20:42:02,Bebidas,Cerveza Mahou 5 Estrellas especial sin gluten botella 33 cl.,"1,17 €","3,55 €/l",https://www.carrefour.es/supermercado/cerveza-mahou-5-estrellas-especial-sin-gluten-botella-33-cl/R-829844976/p,https://static.carrefour.es/hd_350x_/img_pim_food/965205_00_1.jpg,Disponible
08-04-2025,20:42:02,Bebidas,Vino D.O. Rioja tinto crianza El Coto 75 cl.,"6,49 €","6,49 €/ud",https://www.carrefour.es/supermercado/vino-do-rioja-tinto-crianza-el-coto-75-cl/R-520662379/p,https://static.carrefour.es/hd_350x_/img_pim_food/033291_00_1.jpg,Disponible
08-04-2025,20:42:02,Bebidas,"Tinto de verano con limón sin alcohol La Casera botella 1,5 l.","2,55 €","1,70 €/l",https://www.carrefour.es/supermercado/tinto-de-verano-con-limon-sin-alcohol-la-casera-botella-15-l/R-774909699/p,https://static.carrefour.es/hd_350x_/img_pim_food/783159_00_1.jpg,Disponible
08-04-2025,20:42:02,Bebidas,Cerveza Daura sin gluten lata 33 cl.,"1,05 €","3,18 €/l",https://www.carrefour.es/supermercado/cerveza-daura-sin-gluten-lata-33-cl/R-816214798/p,https://static.carrefour.es/hd_350x_/img_pim_food/945572_00_1.jpg,Disponible
08-04-2025,20:42:02,Bebidas,Aquarius sabor limón pack de 9 latas de 33 cl.,"7,99 €","2,69 €/l",https://www.carrefour.es/supermercado/aquarius-sabor-limon-pack-de-9-latas-de-33-cl/R-663801809/p,https://static.carrefour.es/hd_350x_/img_pim_food/316703_00_1.jpg,Disponible
08-04-2025,20:42:02,Bebidas,Zumo Tropical Original Bifrutas pack de 6 briks de 33 cl.,"5,09 €","2,57 €/l",https://www.carrefour.es/supermercado/zumo-tropical-original-bifrutas-pack-de-6-briks-de-33-cl/R-prod920171/p,https://static.carrefour.es/hd_350x_/img_pim_food/039554_00_1.jpg,Disponible
08-04-2025,20:42:02,Bebidas,Vino tinto brik 1 l.,"0,90 €","0,90 €/l",https://www.carrefour.es/supermercado/vino-tinto-brik-1-l/R-prod880828/p,https://static.carrefour.es/hd_350x_/img_pim_food/029333_00_1.jpg,Disponible
08-04-2025,20:42:02,Bebidas,Zumo de manzana exprimido Carrefour brik 1 l.,"1,65 €","1,65 €/l",https://www.carrefour.es/supermercado/zumo-de-manzana-exprimido-carrefour-brik-1-l/R-521030016/p,https://static.carrefour.es/hd_350x_/img_pim_food/450476_00_1.jpg,Disponible
08-04-2025,20:42:02,Bebidas,Refresco sabor limón Zero Carrefour Classic' botella 2 l.,"0,95 €","0,47 €/l",https://www.carrefour.es/supermercado/refresco-sabor-limon-zero-carrefour-classic-botella-2-l/R-prod1120329/p,https://static.carrefour.es/hd_350x_/img_pim_food/778546_00_1.jpg,Disponible
08-04-2025,20:42:02,Bebidas,Néctar de manzana Carrefour Classic brik 1 l.,"1,05 €","1,05 €/l",https://www.carrefour.es/supermercado/nectar-de-manzana-carrefour-classic-brik-1-l/R-784208963/p,https://static.carrefour.es/hd_350x_/img_pim_food/870672_00_1.jpg,Disponible
08-04-2025,20:42:02,Bebidas,Refresco Carrefour Classic' limón 2 l.,"1,07 €","0,53 €/l",https://www.carrefour.es/supermercado/refresco-carrefour-classic-limon-2-l/R-VC4AECOMM-766578/p,https://static.carrefour.es/hd_350x_/img_pim_food/766578_00_1.jpg,Disponible
08-04-2025,20:42:02,Bebidas,Red Bull Bebida Energética Zero lata 25 cl,"1,73 €","6,92 €/l",https://www.carrefour.es/supermercado/red-bull-bebida-energetica-zero-lata-25-cl/R-VC4AECOMM-471020/p,https://static.carrefour.es/hd_350x_/img_pim_food/471020_00_1.jpg,Disponible
08-04-2025,20:42:02,Bebidas,Vino tinto reserva Carrizal D.O.Ca Rioja 75 cl.,"6,35 €","6,35 €/ud",https://www.carrefour.es/supermercado/vino-tinto-reserva-carrizal-doca-rioja-75-cl/R-784000500/p,https://static.carrefour.es/hd_350x_/img_pim_food/870985_00_1.jpg,Disponible
08-04-2025,20:42:02,Bebidas,"La Casera de naranja zero azucares añadidos pack de 2 botellas de 1,5 l.","1,84 €","0,61 €/l",https://www.carrefour.es/supermercado/la-casera-de-naranja-zero-azucares-anadidos-pack-de-2-botellas-de-15-l/R-690302028/p,https://static.carrefour.es/hd_350x_/img_pim_food/081797_00_1.jpg,Disponible
08-04-2025,20:42:02,Bebidas,"Té sabor melocotón zero Carrefour Classic´ botella 1,5 l.","0,99 €","0,66 €/l",https://www.carrefour.es/supermercado/te-sabor-melocoton-zero-carrefour-classic-botella-15-l/R-prod381957/p,https://static.carrefour.es/hd_350x_/img_pim_food/349528_00_1.jpg,Disponible
08-04-2025,20:42:02,Bebidas,Cerveza Carrefour Classic pack de 6 botellas de 25 cl.,"2,19 €","1,46 €/l",https://www.carrefour.es/supermercado/cerveza-carrefour-classic-pack-de-6-botellas-de-25-cl/R-520661309/p,https://static.carrefour.es/hd_350x_/img_pim_food/559187_00_1.jpg,Disponible
08-04-2025,20:42:02,Bebidas,Kas Zero de naranja sin azúcar lata 33 cl.,"0,69 €","2,09 €/l",https://www.carrefour.es/supermercado/kas-zero-de-naranja-sin-azucar-lata-33-cl/R-520660563/p,https://static.carrefour.es/hd_350x_/img_pim_food/000079_00_1.jpg,Disponible
08-04-2025,20:42:02,Bebidas,Bebida de fruta guayaba Carrefour Classic´ sin azúcar añadido brik 1 l.,"1,30 €","1,30 €/l",https://www.carrefour.es/supermercado/bebida-de-fruta-guayaba-carrefour-classic-sin-azucar-anadido-brik-1-l/R-prod730833/p,https://static.carrefour.es/hd_350x_/img_pim_food/855252_00_1.jpg,Disponible
08-04-2025,20:42:02,Bebidas,Whisky Ballantine's escocés 70 cl.,"13,55 €","19,36 €/l",https://www.carrefour.es/supermercado/whisky-ballantines-escoces-70-cl/R-521028329/p,https://static.carrefour.es/hd_350x_/img_pim_food/000312_00_1.jpg,Disponible
08-04-2025,20:42:02,Bebidas,Agua mineral con gas Vichy Catalán natural 33 cl.,"1,23 €","3,73 €/l",https://www.carrefour.es/supermercado/agua-mineral-con-gas-vichy-catalan-natural-33-cl/R-684403400/p,https://static.carrefour.es/hd_350x_/img_pim_food/072972_00_1.jpg,Disponible
08-04-2025,20:42:45,Bebidas,"Bebida refrescante aromatizada con agua mineral y zumo de limón Carrefour Sensation sin azúcares añadidos 1,5 l.","1,31 €","0,87 €/l",https://www.carrefour.es/supermercado/bebida-refrescante-aromatizada-con-agua-mineral-y-zumo-de-limon-carrefour-sensation-sin-azucares-anadidos-15-l/R-VC4AECOMM-435083/p,https://static.carrefour.es/hd_350x_/img_pim_food/435083_00_1.jpg,Disponible
08-04-2025,20:42:45,Bebidas,Vino blanco joven Fuenteviña 75 cl.,"1,10 €","1,47 €/l",https://www.carrefour.es/supermercado/vino-blanco-joven-fuentevina-75-cl/R-814300317/p,https://static.carrefour.es/hd_350x_/img_pim_food/936048_00_1.jpg,Disponible
08-04-2025,20:42:45,Bebidas,"Cerveza tostada Victoria 0,0 alcohol sin gluten lata 33 cl.","0,74 €","2,24 €/l",https://www.carrefour.es/supermercado/cerveza-tostada-victoria-00-alcohol-sin-gluten-lata-33-cl/R-VC4AECOMM-399002/p,https://static.carrefour.es/hd_350x_/img_pim_food/399002_00_1.jpg,Disponible
08-04-2025,20:42:45,Bebidas,Agua mineral con gas Perrier 1 l.,"1,58 €","1,58 €/l",https://www.carrefour.es/supermercado/agua-mineral-con-gas-perrier-1-l/R-700709035/p,https://static.carrefour.es/hd_350x_/img_pim_food/725439_00_1.jpg,Disponible
08-04-2025,20:42:45,Bebidas,Coca Cola zero azúcar pack 4 botellas 2 l.,8 €,1 €/l,https://www.carrefour.es/supermercado/coca-cola-zero-azucar-pack-4-botellas-2-l/R-521015966/p,https://static.carrefour.es/hd_350x_/img_pim_food/697623_00_1.jpg,Disponible
08-04-2025,20:42:45,Bebidas,Ron añejo Brugal 70 cl.,"15,75 €","22,50 €/l",https://www.carrefour.es/supermercado/ron-anejo-brugal-70-cl/R-520662989/p,https://static.carrefour.es/hd_350x_/img_pim_food/043484_00_1.jpg,Disponible
08-04-2025,20:42:45,Bebidas,Monster Energy Ultra Gold Bebida Energética sin azúcar lata 500 ml.,"1,79 €","3,58 €/l",https://www.carrefour.es/supermercado/monster-energy-ultra-gold-bebida-energetica-sin-azucar-lata-500-ml/R-VC4AECOMM-173892/p,https://static.carrefour.es/hd_350x_/img_pim_food/173892_00_1.jpg,Disponible
08-04-2025,20:42:45,Bebidas,Cerveza Mahou 5 Estrellas especial pack de 24 botellas de 25 cl.,"14,75 €","2,46 €/l",https://www.carrefour.es/supermercado/cerveza-mahou-5-estrellas-especial-pack-de-24-botellas-de-25-cl/R-530363694/p,https://static.carrefour.es/hd_350x_/img_pim_food/760660_00_1.jpg,Disponible
08-04-2025,20:42:45,Bebidas,"Agua mineral Evian 1,5 l.","2,49 €","1,66 €/l",https://www.carrefour.es/supermercado/agua-mineral-evian-15-l/R-521007963/p,https://static.carrefour.es/hd_350x_/img_pim_food/022627_00_1.jpg,Disponible
08-04-2025,20:42:45,Bebidas,Vino tinto tempranillo Elegido 1 l.,"2,19 €","2,19 €/l",https://www.carrefour.es/supermercado/vino-tinto-tempranillo-elegido-1-l/R-520661428/p,https://static.carrefour.es/hd_350x_/img_pim_food/000168_00_1.jpg,Disponible
08-04-2025,20:42:45,Bebidas,"Bebida de maracuyá, manzana y mango Carrefour Classic sin azúcar añadido brik 1 l.","1,62 €","1,62 €/l",https://www.carrefour.es/supermercado/bebida-de-maracuya-manzana-y-mango-carrefour-classic-sin-azucar-anadido-brik-1-l/R-prod730836/p,https://static.carrefour.es/hd_350x_/img_pim_food/855248_00_1.jpg,Disponible
08-04-2025,20:42:45,Bebidas,Kuyx light tropical sin gluten 3 l.,"2,19 €","0,73 €/l",https://www.carrefour.es/supermercado/kuyx-light-tropical-sin-gluten-3-l/R-fprod1360368/p,https://static.carrefour.es/hd_350x_/img_pim_food/896833_00_1.jpg,Disponible
08-04-2025,20:42:45,Bebidas,Zumo de naranja Carrefour exprimido sin pulpa brik 1 l.,"2,05 €","2,05 €/l",https://www.carrefour.es/supermercado/zumo-de-naranja-carrefour-exprimido-sin-pulpa-brik-1-l/R-829518667/p,https://static.carrefour.es/hd_350x_/img_pim_food/943690_00_1.jpg,Disponible
08-04-2025,20:42:45,Bebidas,Vino tinto crianza Señorío de los Llanos  D.O. Valdepeñas 75 cl.,"1,95 €","1,95 €/ud",https://www.carrefour.es/supermercado/vino-tinto-crianza-senorio-de-los-llanos-do-valdepenas-75-cl/R-520662780/p,https://static.carrefour.es/hd_350x_/img_pim_food/029249_00_1.jpg,Disponible
08-04-2025,20:42:45,Bebidas,Monster Energy Ultra Peachy Keen Bebida Energética sin azúcar lata 500 ml.,"1,95 €","3,90 €/l",https://www.carrefour.es/supermercado/monster-energy-ultra-peachy-keen-bebida-energetica-sin-azucar-lata-500-ml/R-VC4AECOMM-416917/p,https://static.carrefour.es/hd_350x_/img_pim_food/416917_00_1.jpg,Disponible
08-04-2025,20:42:45,Bebidas,"Tinto de verano con limón Don Simón botella 1,5 l.","1,85 €","1,23 €/l",https://www.carrefour.es/supermercado/tinto-de-verano-con-limon-don-simon-botella-15-l/R-520661451/p,https://static.carrefour.es/hd_350x_/img_pim_food/710334_00_1.jpg,Disponible
08-04-2025,20:42:45,Bebidas,"Aquarius sabor naranja pack 2 botellas 1,5 l.","3,69 €","1,23 €/l",https://www.carrefour.es/supermercado/aquarius-sabor-naranja-pack-2-botellas-15-l/R-857900578/p,https://static.carrefour.es/hd_350x_/img_pim_food/106602_00_1.jpg,Disponible
08-04-2025,20:42:45,Bebidas,Vino D.O. Rioja blanco 3 Reinos 75 cl.,"3,35 €","3,35 €/ud",https://www.carrefour.es/supermercado/vino-do-rioja-blanco-3-reinos-75-cl/R-prod590335/p,https://static.carrefour.es/hd_350x_/img_pim_food/838589_00_1.jpg,Disponible
08-04-2025,20:42:45,Bebidas,Coca Cola pack 4 botellas 2 l.,"7,99 €",1 €/l,https://www.carrefour.es/supermercado/coca-cola-pack-4-botellas-2-l/R-521028125/p,https://static.carrefour.es/hd_350x_/img_pim_food/030127_00_1.jpg,Disponible
08-04-2025,20:42:45,Bebidas,"Néctar de piña Don Simón Disfruta sin azúcar añadido botella 1,5 l.","2,15 €","1,43 €/l",https://www.carrefour.es/supermercado/nectar-de-pina-don-simon-disfruta-sin-azucar-anadido-botella-15-l/R-526627322/p,https://static.carrefour.es/hd_350x_/img_pim_food/279258_00_1.jpg,Disponible
08-04-2025,20:42:45,Bebidas,"Sangría Don Simón botella 1,5 l.","2,05 €","1,37 €/l",https://www.carrefour.es/supermercado/sangria-don-simon-botella-15-l/R-530014339/p,https://static.carrefour.es/hd_350x_/img_pim_food/048284_00_1.jpg,Disponible
08-04-2025,20:42:45,Bebidas,"Zumo de piña, manzana y uva Don Simón pack de 6 briks de 20 cl.","2,15 €","1,79 €/l",https://www.carrefour.es/supermercado/zumo-de-pina-manzana-y-uva-don-simon-pack-de-6-briks-de-20-cl/R-520660832/p,https://static.carrefour.es/hd_350x_/img_pim_food/501004_00_1.jpg,Agotado temporalmente
08-04-2025,20:42:45,Bebidas,Cerveza Grimbergen doble ambrée botella 33 cl.,"2,15 €","6,52 €/l",https://www.carrefour.es/supermercado/cerveza-grimbergen-doble-ambree-botella-33-cl/R-521007959/p,https://static.carrefour.es/hd_350x_/img_pim_food/008691_00_1.jpg,Disponible
08-04-2025,20:42:45,Bebidas,"Tinto de verano clásico La Casera botella 1,5 l.","2,35 €","1,57 €/l",https://www.carrefour.es/supermercado/tinto-de-verano-clasico-la-casera-botella-15-l/R-520661445/p,https://static.carrefour.es/hd_350x_/img_pim_food/703029_00_1.jpg,Disponible
08-04-2025,20:43:27,Bebidas,Pepsi light lata 33 cl.,"0,81 €","2,45 €/l",https://www.carrefour.es/supermercado/pepsi-light-lata-33-cl/R-520660519/p,https://static.carrefour.es/hd_350x_/img_pim_food/000051_00_1.jpg,Disponible
08-04-2025,20:43:27,Bebidas,Cerveza Leffe botella 33 cl.,"2,19 €","6,64 €/l",https://www.carrefour.es/supermercado/cerveza-leffe-botella-33-cl/R-520661170/p,https://static.carrefour.es/hd_350x_/img_pim_food/037080_00_1.jpg,Disponible
08-04-2025,20:43:27,Bebidas,Coca-Cola zero mini pack 10 latas 20 cl.,"6,65 €","3,32 €/l",https://www.carrefour.es/supermercado/coca-cola-zero-mini-pack-10-latas-20-cl/R-VC4AECOMM-506921/p,https://static.carrefour.es/hd_350x_/img_pim_food/506921_00_1.jpg,Disponible
08-04-2025,20:43:27,Bebidas,Prime Ice Pop bebida isotónica botella 50 cl.,"3,05 €","6,10 €/l",https://www.carrefour.es/supermercado/prime-ice-pop-bebida-isotonica-botella-50-cl/R-VC4AECOMM-194928/p,https://static.carrefour.es/hd_350x_/img_pim_food/194928_00_1.jpg,Disponible
08-04-2025,20:43:27,Bebidas,Fanta de naranja pack 9 latas 33 cl.,"6,95 €","2,34 €/l",https://www.carrefour.es/supermercado/fanta-de-naranja-pack-9-latas-33-cl/R-664810926/p,https://static.carrefour.es/hd_350x_/img_pim_food/314871_00_1.jpg,Disponible
08-04-2025,20:43:27,Bebidas,Refresco de limón Trina sin gas lata 33 cl.,"0,69 €","2,09 €/l",https://www.carrefour.es/supermercado/refresco-de-limon-trina-sin-gas-lata-33-cl/R-520660626/p,https://static.carrefour.es/hd_350x_/img_pim_food/760875_00_1.jpg,Disponible
08-04-2025,20:43:27,Bebidas,Cerveza Victoria pack 24 latas 33 cl.,"16,39 €","2,07 €/l",https://www.carrefour.es/supermercado/cerveza-victoria-pack-24-latas-33-cl/R-VC4AECOMM-407327/p,https://static.carrefour.es/hd_350x_/img_pim_food/407327_00_1.jpg,Disponible
08-04-2025,20:43:27,Bebidas,Bebida espirituosa Terry Centenario 1 l.,"9,29 €","9,29 €/l",https://www.carrefour.es/supermercado/bebida-espirituosa-terry-centenario-1-l/R-649302119/p,https://static.carrefour.es/hd_350x_/img_pim_food/819231_00_1.jpg,Disponible
08-04-2025,20:43:27,Bebidas,Vino D.O. Rioja blanco El Coto 75 cl.,"4,35 €","4,35 €/ud",https://www.carrefour.es/supermercado/vino-do-rioja-blanco-el-coto-75-cl/R-520661493/p,https://static.carrefour.es/hd_350x_/img_pim_food/236940_00_1.jpg,Disponible
08-04-2025,20:43:27,Bebidas,Zumo de naranja Don Simón exprimido con pulpa brik 1 l.,"2,35 €","2,35 €/l",https://www.carrefour.es/supermercado/zumo-de-naranja-don-simon-exprimido-con-pulpa-brik-1-l/R-520660822/p,https://static.carrefour.es/hd_350x_/img_pim_food/194724_00_1.jpg,Disponible
08-04-2025,20:43:27,Bebidas,Whisky Loch Castle escocés 1 l.,"8,57 €","8,57 €/l",https://www.carrefour.es/supermercado/whisky-loch-castle-escoces-1-l/R-prod100159/p,https://static.carrefour.es/hd_350x_/img_pim_food/224637_00_1.jpg,Disponible
08-04-2025,20:43:27,Bebidas,Zumo de fruta y leche Carrefour Mediterráneo pack de 3 briks de 33 cl.,"0,98 €","0,99 €/l",https://www.carrefour.es/supermercado/zumo-de-fruta-y-leche-carrefour-mediterraneo-pack-de-3-briks-de-33-cl/R-800766416/p,https://static.carrefour.es/hd_350x_/img_pim_food/902190_00_1.jpg,Disponible
08-04-2025,20:43:27,Bebidas,Vino blanco Dama del Lago D.O. Rueda 75 cl.,"3,29 €","3,29 €/ud",https://www.carrefour.es/supermercado/vino-blanco-dama-del-lago-do-rueda-75-cl/R-836507271/p,https://static.carrefour.es/hd_350x_/img_pim_food/973575_00_1.jpg,Disponible
08-04-2025,20:43:27,Bebidas,Vino D.O. Rueda blanco moralinos verdejo Pagos del Rey 75 cl.,"5,05 €","5,05 €/ud",https://www.carrefour.es/supermercado/vino-do-rueda-blanco-moralinos-verdejo-pagos-del-rey-75-cl/R-742134715/p,https://static.carrefour.es/hd_350x_/img_pim_food/722202_00_1.jpg,Disponible
08-04-2025,20:43:27,Bebidas,Eneryeti Anyel sabor coco Bebida Energética lata 50 cl.,"1,41 €","2,82 €/l",https://www.carrefour.es/supermercado/eneryeti-anyel-sabor-coco-bebida-energetica-lata-50-cl/R-VC4AECOMM-236342/p,https://static.carrefour.es/hd_350x_/img_pim_food/236342_00_1.jpg,Disponible
08-04-2025,20:43:27,Bebidas,7UP Zero de lima-limón sin azúcar pack 2 botellas 2 l.,"3,15 €","0,79 €/l",https://www.carrefour.es/supermercado/7up-zero-de-lima-limon-sin-azucar-pack-2-botellas-2-l/R-526627352/p,https://static.carrefour.es/hd_350x_/img_pim_food/363418_00_1.jpg,Disponible
08-04-2025,20:43:27,Bebidas,Zumo de piña Carrefour brik 1 l.,"2,29 €","2,29 €/l",https://www.carrefour.es/supermercado/zumo-de-pina-carrefour-brik-1-l/R-521030032/p,https://static.carrefour.es/hd_350x_/img_pim_food/356742_00_1.jpg,Disponible
08-04-2025,20:43:27,Bebidas,Pony Malta botella 33 cl.,"1,82 €","5,52 €/l",https://www.carrefour.es/supermercado/pony-malta-botella-33-cl/R-618405701/p,https://static.carrefour.es/hd_350x_/img_pim_food/792365_00_1.jpg,Disponible
08-04-2025,20:43:27,Bebidas,Vino D.O. Ribera del Duero tinto roble Protos 75 cl.,"9,50 €","9,50 €/ud",https://www.carrefour.es/supermercado/vino-do-ribera-del-duero-tinto-roble-protos-75-cl/R-520662558/p,https://static.carrefour.es/hd_350x_/img_pim_food/029067_00_1.jpg,Disponible
08-04-2025,20:43:27,Bebidas,Agua mineral con gas Cabreiroá 1 l.,"1,69 €","1,69 €/l",https://www.carrefour.es/supermercado/agua-mineral-con-gas-cabreiroa-1-l/R-789391475/p,https://static.carrefour.es/hd_350x_/img_pim_food/884045_00_1.jpg,Disponible
08-04-2025,20:43:27,Bebidas,"Vino de verano con limón Carrefour Sensation botella 1,5 l.","1,20 €","0,80 €/l",https://www.carrefour.es/supermercado/vino-de-verano-con-limon-carrefour-sensation-botella-15-l/R-VC4AECOMM-258573/p,https://static.carrefour.es/hd_350x_/img_pim_food/258573_00_1.jpg,Disponible
08-04-2025,20:43:27,Bebidas,Prime bebida isotónica sabor strawberry y banana botella 50 cl.,"3,05 €","6,10 €/l",https://www.carrefour.es/supermercado/prime-bebida-isotonica-sabor-strawberry-y-banana-botella-50-cl/R-704302139/p,https://static.carrefour.es/hd_350x_/img_pim_food/408165_00_1.jpg,Disponible
08-04-2025,20:43:27,Bebidas,Zumo de fruta y leche Don Simón Caribe zero pack de 6 briks de 20 cl.,"1,50 €","1,25 €/l",https://www.carrefour.es/supermercado/zumo-de-fruta-y-leche-don-simon-caribe-zero-pack-de-6-briks-de-20-cl/R-527173292/p,https://static.carrefour.es/hd_350x_/img_pim_food/798191_00_1.jpg,Agotado temporalmente
08-04-2025,20:43:27,Bebidas,Schweppes de limón botella 1 l.,"1,99 €","1,99 €/l",https://www.carrefour.es/supermercado/schweppes-de-limon-botella-1-l/R-716603249/p,https://static.carrefour.es/hd_350x_/img_pim_food/497123_00_1.jpg,Disponible
08-04-2025,20:44:07,Bebidas,"Cerveza Desperados sabor tequila, lima y cactus botella 33 cl","1,33 €","4,03 €/l",https://www.carrefour.es/supermercado/cerveza-desperados-sabor-tequila-lima-y-cactus-botella-33-cl/R-VC4AECOMM-476380/p,https://static.carrefour.es/hd_350x_/img_pim_food/476380_00_1.jpg,Disponible
08-04-2025,20:44:07,Bebidas,Zumo fresa Sunny Delight botella 33 cl.,"0,99 €",3 €/l,https://www.carrefour.es/supermercado/zumo-fresa-sunny-delight-botella-33-cl/R-VC4AECOMM-187416/p,https://static.carrefour.es/hd_350x_/img_pim_food/187416_00_1.jpg,Disponible
08-04-2025,20:44:07,Bebidas,Zumo de naranja Don Simón sin pulpa brik 1 l.,"2,35 €","2,35 €/l",https://www.carrefour.es/supermercado/zumo-de-naranja-don-simon-sin-pulpa-brik-1-l/R-521015668/p,https://static.carrefour.es/hd_350x_/img_pim_food/726646_00_1.jpg,Disponible
08-04-2025,20:44:07,Bebidas,"Cerveza Ambar 0,0 sin alcohol sin gluten botella 33 cl.","1,47 €","4,45 €/l",https://www.carrefour.es/supermercado/cerveza-ambar-00-sin-alcohol-sin-gluten-botella-33-cl/R-639802030/p,https://static.carrefour.es/hd_350x_/img_pim_food/807536_00_1.jpg,Disponible
08-04-2025,20:44:07,Bebidas,Monster Energy Juiced Bebida Energética bad apple lata 50 cl.,"1,95 €","3,90 €/l",https://www.carrefour.es/supermercado/monster-energy-juiced-bebida-energetica-bad-apple-lata-50-cl/R-VC4AECOMM-373525/p,https://static.carrefour.es/hd_350x_/img_pim_food/373525_00_1.jpg,Disponible
08-04-2025,20:44:07,Bebidas,Sprite de lima-limón sin azúcar botella 2 l.,"1,65 €","0,82 €/l",https://www.carrefour.es/supermercado/sprite-de-lima-limon-sin-azucar-botella-2-l/R-589802808/p,https://static.carrefour.es/hd_350x_/img_pim_food/282008_00_1.jpg,Disponible
08-04-2025,20:44:07,Bebidas,Cerveza tostada Turia pack 12 latas 33 cl.,"10,89 €","2,75 €/l",https://www.carrefour.es/supermercado/cerveza-tostada-turia-pack-12-latas-33-cl/R-VC4AECOMM-615790/p,https://static.carrefour.es/hd_350x_/img_pim_food/615790_00_1.jpg,Disponible
08-04-2025,20:44:07,Bebidas,Cerveza Mahou Maestra tostada doble lúpulo botella 33 cl.,"1,52 €","4,61 €/l",https://www.carrefour.es/supermercado/cerveza-mahou-maestra-tostada-doble-lupulo-botella-33-cl/R-835263264/p,https://static.carrefour.es/hd_350x_/img_pim_food/969969_00_1.jpg,Disponible
08-04-2025,20:44:07,Bebidas,Cerveza tostada Amstel Oro pack 10 latas 33 cl.,"8,79 €","2,66 €/l",https://www.carrefour.es/supermercado/cerveza-tostada-amstel-oro-pack-10-latas-33-cl/R-fprod1190425/p,https://static.carrefour.es/hd_350x_/img_pim_food/242540_00_1.jpg,Disponible
08-04-2025,20:44:07,Bebidas,Vino rosado joven Peñascal 75 cl.,"4,29 €","4,29 €/ud",https://www.carrefour.es/supermercado/vino-rosado-joven-penascal-75-cl/R-520662152/p,https://static.carrefour.es/hd_350x_/img_pim_food/000234_00_1.jpg,Disponible
08-04-2025,20:44:07,Bebidas,Red Bull Apricot Edition Bebida Energética sin azúcar sabor albaricoque y fresa lata 25 cl.,"1,73 €","6,92 €/l",https://www.carrefour.es/supermercado/red-bull-apricot-edition-bebida-energetica-sin-azucar-sabor-albaricoque-y-fresa-lata-25-cl/R-VC4AECOMM-374737/p,https://static.carrefour.es/hd_350x_/img_pim_food/374737_00_1.jpg,Disponible
08-04-2025,20:44:07,Bebidas,Vino tinto crianza Marqués de Cáceres D.O.Ca. Rioja 75 cl.,"8,65 €","8,65 €/ud",https://www.carrefour.es/supermercado/vino-tinto-crianza-marques-de-caceres-doca-rioja-75-cl/R-520662397/p,https://static.carrefour.es/hd_350x_/img_pim_food/000206_00_1.jpg,Disponible
08-04-2025,20:44:07,Bebidas,Vino  tinto crianza Ramón Bilbao D.O.Ca Rioja 75 cl.,"9,95 €","9,95 €/ud",https://www.carrefour.es/supermercado/vino-tinto-crianza-ramon-bilbao-doca-rioja-75-cl/R-520662413/p,https://static.carrefour.es/hd_350x_/img_pim_food/053432_00_1.jpg,Disponible
08-04-2025,20:44:07,Bebidas,Vino blanco dulce barrica sauvignon blanc Árabe V.T. Extemadura 75 cl.,"4,65 €","6,20 €/l",https://www.carrefour.es/supermercado/vino-blanco-dulce-barrica-sauvignon-blanc-arabe-vt-extemadura-75-cl/R-791868049/p,https://static.carrefour.es/hd_350x_/img_pim_food/888264_00_1.jpg,Disponible
08-04-2025,20:44:07,Bebidas,Cerveza El Alcázar lata 33 cl.,"1,05 €","3,18 €/l",https://www.carrefour.es/supermercado/cerveza-el-alcazar-lata-33-cl/R-590215009/p,https://static.carrefour.es/hd_350x_/img_pim_food/671775_00_1.jpg,Disponible
08-04-2025,20:44:07,Bebidas,Aquarius sabor naranja pack de 9 latas de 33 cl.,"7,99 €","2,69 €/l",https://www.carrefour.es/supermercado/aquarius-sabor-naranja-pack-de-9-latas-de-33-cl/R-663801811/p,https://static.carrefour.es/hd_350x_/img_pim_food/316705_00_1.jpg,Disponible
08-04-2025,20:44:07,Bebidas,Energy drink ginseng Bebida Energética Carrefour lata 50 cl.,"1,05 €","2,10 €/l",https://www.carrefour.es/supermercado/energy-drink-ginseng-bebida-energetica-carrefour-lata-50-cl/R-808607594/p,https://static.carrefour.es/hd_350x_/img_pim_food/931577_00_1.jpg,Disponible
08-04-2025,20:44:07,Bebidas,Vino blanco joven verdejo Blume D.O. Rueda 75 cl.,"5,79 €","5,79 €/ud",https://www.carrefour.es/supermercado/vino-blanco-joven-verdejo-blume-do-rueda-75-cl/R-521010494/p,https://static.carrefour.es/hd_350x_/img_pim_food/644300_00_1.jpg,Disponible
08-04-2025,20:44:07,Bebidas,Ginebra Larios 1 l.,"12,45 €","12,45 €/l",https://www.carrefour.es/supermercado/ginebra-larios-1-l/R-520663009/p,https://static.carrefour.es/hd_350x_/img_pim_food/000323_00_1.jpg,Disponible
08-04-2025,20:44:07,Bebidas,Eneryeti Zyro Zafiro bebida energética sin azúcar lata 50 cl.,"1,41 €","2,82 €/l",https://www.carrefour.es/supermercado/eneryeti-zyro-zafiro-bebida-energetica-sin-azucar-lata-50-cl/R-prod841793/p,https://static.carrefour.es/hd_350x_/img_pim_food/152552_00_1.jpg,Disponible
08-04-2025,20:44:07,Bebidas,"Bebida refrescante aromatizada con agua mineral y zumo de naranja Carrefour Sensation sin azúcares añadidos 1,5 l.","1,31 €","0,87 €/l",https://www.carrefour.es/supermercado/bebida-refrescante-aromatizada-con-agua-mineral-y-zumo-de-naranja-carrefour-sensation-sin-azucares-anadidos-15-l/R-VC4AECOMM-435081/p,https://static.carrefour.es/hd_350x_/img_pim_food/435081_00_1.jpg,Disponible
08-04-2025,20:44:07,Bebidas,Zumo de naranja sin pulpa Innocent botella 900 ml.,"3,59 €","3,99 €/l",https://www.carrefour.es/supermercado/zumo-de-naranja-sin-pulpa-innocent-botella-900-ml/R-VC4AECOMM-658522/p,https://static.carrefour.es/hd_350x_/img_pim_food/658522_00_1.jpg,Disponible
08-04-2025,20:44:07,Bebidas,Cerveza Voll-Damm lata 50 cl.,"1,62 €","3,24 €/l",https://www.carrefour.es/supermercado/cerveza-voll-damm-lata-50-cl/R-VC4AECOMM-399000/p,https://static.carrefour.es/hd_350x_/img_pim_food/399000_00_1.jpg,Disponible
08-04-2025,20:44:07,Bebidas,Vino sweet semi dulce blanco Alma de Valdeguerra 75 cl.,"3,79 €","3,79 €/ud",https://www.carrefour.es/supermercado/vino-sweet-semi-dulce-blanco-alma-de-valdeguerra-75-cl/R-590204413/p,https://static.carrefour.es/hd_350x_/img_pim_food/151581_00_1.jpg,Disponible
08-04-2025,20:44:59,Bebidas,Whisky Johnnie Walker Red Label escocés 70 cl,"15,79 €","22,56 €/l",https://www.carrefour.es/supermercado/whisky-johnnie-walker-red-label-escoces-70-cl/R-521028333/p,https://static.carrefour.es/hd_350x_/img_pim_food/000303_00_1.jpg,Disponible
08-04-2025,20:44:59,Bebidas,Vino tinto tempranillo Campo Viejo D.O.Ca. Rioja  75 cl.,"4,35 €","4,35 €/ud",https://www.carrefour.es/supermercado/vino-tinto-tempranillo-campo-viejo-doca-rioja-75-cl/R-520662350/p,https://static.carrefour.es/hd_350x_/img_pim_food/048265_00_1.jpg,Disponible
08-04-2025,20:44:59,Bebidas,Fuze Tea melocotón y hibisco botella 50 cl.,"1,62 €","3,24 €/l",https://www.carrefour.es/supermercado/fuze-tea-melocoton-y-hibisco-botella-50-cl/R-VC4AECOMM-414373/p,https://static.carrefour.es/hd_350x_/img_pim_food/414373_00_1.jpg,Disponible
08-04-2025,20:44:59,Bebidas,Zumo de piña Carrefour Extra brik 1 l.,"2,45 €","2,45 €/l",https://www.carrefour.es/supermercado/zumo-de-pina-carrefour-extra-brik-1-l/R-742811427/p,https://static.carrefour.es/hd_350x_/img_pim_food/724005_00_1.jpg,Disponible
08-04-2025,20:44:59,Bebidas,"Soda Geiser sifón 1,5 l.","2,15 €","1,43 €/l",https://www.carrefour.es/supermercado/soda-geiser-sifon-15-l/R-520660440/p,https://static.carrefour.es/hd_350x_/img_pim_food/395219_00_1.jpg,Disponible
08-04-2025,20:44:59,Bebidas,Green Cola zero azúcar lata 33 cl.,"0,93 €","2,82 €/l",https://www.carrefour.es/supermercado/green-cola-zero-azucar-lata-33-cl/R-prod391399/p,https://static.carrefour.es/hd_350x_/img_pim_food/459637_00_1.jpg,Disponible
08-04-2025,20:44:59,Bebidas,"Bebida refrescante aromatizada con agua mineral y zumo de frutas del bosque Carrefour Sensation sin azúcares añadidos 1,5 l.","1,31 €","0,87 €/l",https://www.carrefour.es/supermercado/bebida-refrescante-aromatizada-con-agua-mineral-y-zumo-de-frutas-del-bosque-carrefour-sensation-sin-azucares-anadidos-15-l/R-VC4AECOMM-435080/p,https://static.carrefour.es/hd_350x_/img_pim_food/435080_00_1.jpg,Disponible
08-04-2025,20:44:59,Bebidas,Coca Cola sin cafeína botella 2 l.,"2,19 €","1,09 €/l",https://www.carrefour.es/supermercado/coca-cola-sin-cafeina-botella-2-l/R-520660467/p,https://static.carrefour.es/hd_350x_/img_pim_food/000042_00_1.jpg,Disponible
08-04-2025,20:44:59,Bebidas,Vino blanco verdejo Faustino Rivero V.T.Castilla 75 cl.,"4,19 €","4,19 €/ud",https://www.carrefour.es/supermercado/vino-blanco-verdejo-faustino-rivero-vtcastilla-75-cl/R-870701851/p,https://static.carrefour.es/hd_350x_/img_pim_food/179355_00_1.jpg,Disponible
08-04-2025,20:44:59,Bebidas,Cerveza La Rubia 18/70 lager especial lata 33 cl.,"1,05 €","3,18 €/l",https://www.carrefour.es/supermercado/cerveza-la-rubia-18-70-lager-especial-lata-33-cl/R-VC4AECOMM-360347/p,https://static.carrefour.es/hd_350x_/img_pim_food/360347_00_1.jpg,Disponible
08-04-2025,20:44:59,Bebidas,Agua mineral con gas Font Vella  50 cl.,"0,99 €","1,98 €/l",https://www.carrefour.es/supermercado/agua-mineral-con-gas-font-vella-50-cl/R-VC4AECOMM-637102/p,https://static.carrefour.es/hd_350x_/img_pim_food/637102_00_1.jpg,Disponible
08-04-2025,20:44:59,Bebidas,Bitter Carrefour pack de 6 botellas de 20 cl.,"2,59 €","2,16 €/l",https://www.carrefour.es/supermercado/bitter-carrefour-pack-de-6-botellas-de-20-cl/R-521028123/p,https://static.carrefour.es/hd_350x_/img_pim_food/228963_00_1.jpg,Disponible
08-04-2025,20:44:59,Bebidas,Zumo de clementinas Carrefour Extra exprimido brik 1 l.,"1,69 €","1,69 €/l",https://www.carrefour.es/supermercado/zumo-de-clementinas-carrefour-extra-exprimido-brik-1-l/R-745602120/p,https://static.carrefour.es/hd_350x_/img_pim_food/732946_00_1.jpg,Disponible
08-04-2025,20:44:59,Bebidas,Agua mineral con gas Vichy Catalán natural sabor limón 50 cl.,"1,52 €","3,04 €/l",https://www.carrefour.es/supermercado/agua-mineral-con-gas-vichy-catalan-natural-sabor-limon-50-cl/R-prod760135/p,https://static.carrefour.es/hd_350x_/img_pim_food/858694_00_1.jpg,Disponible
08-04-2025,20:44:59,Bebidas,Whisky Westerly 70 cl.,"6,29 €","8,99 €/l",https://www.carrefour.es/supermercado/whisky-westerly-70-cl/R-prod392958/p,https://static.carrefour.es/hd_350x_/img_pim_food/468665_00_1.jpg,Disponible
08-04-2025,20:44:59,Bebidas,Schweppes naranja zero lata 33 cl.,"1,06 €","3,21 €/l",https://www.carrefour.es/supermercado/schweppes-naranja-zero-lata-33-cl/R-VC4AECOMM-135355/p,https://static.carrefour.es/hd_350x_/img_pim_food/135355_00_1.jpg,Disponible
08-04-2025,20:44:59,Bebidas,"Vino tinto crianza D.O.Ca Rioja 18,75 cl.","2,45 €","2,45 €/ud",https://www.carrefour.es/supermercado/vino-tinto-crianza-doca-rioja-1875-cl/R-754607600/p,https://static.carrefour.es/hd_350x_/img_pim_food/747125_00_1.jpg,Disponible
08-04-2025,20:44:59,Bebidas,Zumo de fruta y leche Don Simón Caribe pack de 6 briks de 20 cl.,"1,50 €","1,25 €/l",https://www.carrefour.es/supermercado/zumo-de-fruta-y-leche-don-simon-caribe-pack-de-6-briks-de-20-cl/R-fprod1190590/p,https://static.carrefour.es/hd_350x_/img_pim_food/150236_00_1.jpg,Disponible
08-04-2025,20:44:59,Bebidas,Cerveza tostada Amstel Oro 0.0 alcohol pack de 10 latas de 33 cl.,"8,79 €","2,66 €/l",https://www.carrefour.es/supermercado/cerveza-tostada-amstel-oro-00-alcohol-pack-de-10-latas-de-33-cl/R-VC4AECOMM-371589/p,https://static.carrefour.es/hd_350x_/img_pim_food/371589_00_1.jpg,Disponible
08-04-2025,20:44:59,Bebidas,Royal Bliss Ironic lemon lata 25 cl.,"0,80 €","3,20 €/l",https://www.carrefour.es/supermercado/royal-bliss-ironic-lemon-lata-25-cl/R-VC4AECOMM-377905/p,https://static.carrefour.es/hd_350x_/img_pim_food/377905_00_1.jpg,Disponible
08-04-2025,20:44:59,Bebidas,Vino tinto reserva tempranillo Dehesas del Rey D.O. Riberda de Duero 75 cl.,"10,79 €","10,79 €/ud",https://www.carrefour.es/supermercado/vino-tinto-reserva-tempranillo-dehesas-del-rey-do-riberda-de-duero-75-cl/R-784712303/p,https://static.carrefour.es/hd_350x_/img_pim_food/874909_00_1.jpg,Disponible
08-04-2025,20:44:59,Bebidas,Whisky J&B escocés 70 cl,"12,89 €","18,41 €/l",https://www.carrefour.es/supermercado/whisky-jb-escoces-70-cl/R-521028327/p,https://static.carrefour.es/hd_350x_/img_pim_food/000308_00_1.jpg,Disponible
08-04-2025,20:44:59,Bebidas,Monster Energy Ultra Rosa Bebida Energética sin azúcar lata 500 ml.,"1,95 €","3,90 €/l",https://www.carrefour.es/supermercado/monster-energy-ultra-rosa-bebida-energetica-sin-azucar-lata-500-ml/R-VC4AECOMM-416916/p,https://static.carrefour.es/hd_350x_/img_pim_food/416916_00_1.jpg,Disponible
08-04-2025,20:44:59,Bebidas,Vino rosado Carrefour Classic brik 1 l.,"1,10 €","1,10 €/l",https://www.carrefour.es/supermercado/vino-rosado-carrefour-classic-brik-1-l/R-520661424/p,https://static.carrefour.es/hd_350x_/img_pim_food/513381_00_1.jpg,Disponible
08-04-2025,20:45:40,Bebidas,Cerveza Carrefour Shandy con limón pack de 6 botellas de 25 cl.,"1,68 €","1,12 €/l",https://www.carrefour.es/supermercado/cerveza-carrefour-shandy-con-limon-pack-de-6-botellas-de-25-cl/R-520661342/p,https://static.carrefour.es/hd_350x_/img_pim_food/011592_00_1.jpg,Disponible
08-04-2025,20:45:40,Bebidas,Bebida de fruta frutos rojos Carrefour Classic brik 1 l.,"1,86 €","1,86 €/l",https://www.carrefour.es/supermercado/bebida-de-fruta-frutos-rojos-carrefour-classic-brik-1-l/R-VC4AECOMM-520362/p,https://static.carrefour.es/hd_350x_/img_pim_food/520362_00_1.jpg,Disponible
08-04-2025,20:45:40,Bebidas,Coca Cola zero azúcar zero cafeina pack 4 botellas 2 l.,"8,19 €","1,02 €/l",https://www.carrefour.es/supermercado/coca-cola-zero-azucar-zero-cafeina-pack-4-botellas-2-l/R-prod420048/p,https://static.carrefour.es/hd_350x_/img_pim_food/822418_00_1.jpg,Disponible
08-04-2025,20:45:40,Bebidas,Tónica Schweppes Wild Berry lata 25 cl.,"0,97 €","3,88 €/l",https://www.carrefour.es/supermercado/tonica-schweppes-wild-berry-lata-25-cl/R-VC4AECOMM-398637/p,https://static.carrefour.es/hd_350x_/img_pim_food/398637_00_1.jpg,Disponible
08-04-2025,20:45:40,Bebidas,Cerveza 1906 Reserva Especial pack 6 botellas 33 cl.,"7,25 €","3,66 €/l",https://www.carrefour.es/supermercado/cerveza-1906-reserva-especial-pack-6-botellas-33-cl/R-538408091/p,https://static.carrefour.es/hd_350x_/img_pim_food/161127_00_1.jpg,Disponible
08-04-2025,20:45:40,Bebidas,Vino frizzante amabile rosado Bollicina 75 cl.,"1,89 €","1,89 €/ud",https://www.carrefour.es/supermercado/vino-frizzante-amabile-rosado-bollicina-75-cl/R-783800400/p,https://static.carrefour.es/hd_350x_/img_pim_food/872216_00_1.jpg,Disponible
08-04-2025,20:45:40,Bebidas,"Agua mineral Zero Sodio Fontarel 1,5 l.","0,75 €","0,50 €/l",https://www.carrefour.es/supermercado/agua-mineral-zero-sodio-fontarel-15-l/R-VC4AECOMM-320107/p,https://static.carrefour.es/hd_350x_/img_pim_food/320107_00_1.jpg,Disponible
08-04-2025,20:45:40,Bebidas,Tonica pink zero Schweppes lata 33 cl.,"0,99 €",3 €/l,https://www.carrefour.es/supermercado/tonica-pink-zero-schweppes-lata-33-cl/R-VC4AECOMM-676676/p,https://static.carrefour.es/hd_350x_/img_pim_food/676676_00_1.jpg,Disponible
08-04-2025,20:45:40,Bebidas,Cerveza tostada Cruzcampo Gran Reserva lata 33 cl.,"0,99 €",3 €/l,https://www.carrefour.es/supermercado/cerveza-tostada-cruzcampo-gran-reserva-lata-33-cl/R-675501643/p,https://static.carrefour.es/hd_350x_/img_pim_food/011160_00_1.jpg,Disponible
08-04-2025,20:45:40,Bebidas,Ginebra Beefeater 70 cl.,"13,89 €","19,84 €/l",https://www.carrefour.es/supermercado/ginebra-beefeater-70-cl/R-521028344/p,https://static.carrefour.es/hd_350x_/img_pim_food/000326_00_1.jpg,Disponible
08-04-2025,20:45:40,Bebidas,Sidra Menendez natural 70 cl.,"2,75 €","3,93 €/l",https://www.carrefour.es/supermercado/sidra-menendez-natural-70-cl/R-538002052/p,https://static.carrefour.es/hd_350x_/img_pim_food/213908_00_1.jpg,Disponible
08-04-2025,20:45:40,Bebidas,"Cerveza Amstel 0,0 sin alcohol lata 33 cl.","0,84 €","2,55 €/l",https://www.carrefour.es/supermercado/cerveza-amstel-00-sin-alcohol-lata-33-cl/R-593401852/p,https://static.carrefour.es/hd_350x_/img_pim_food/346883_00_1.jpg,Disponible
08-04-2025,20:45:40,Bebidas,"Fuze Tea sabor melocotón y hibisco botella 1,5 l.","2,15 €","1,43 €/l",https://www.carrefour.es/supermercado/fuze-tea-sabor-melocoton-y-hibisco-botella-15-l/R-VC4AECOMM-416938/p,https://static.carrefour.es/hd_350x_/img_pim_food/416938_00_1.jpg,Agotado temporalmente
08-04-2025,20:45:40,Bebidas,Zumo waikiki Sunny Delight botella 33 cl.,"0,99 €",3 €/l,https://www.carrefour.es/supermercado/zumo-waikiki-sunny-delight-botella-33-cl/R-VC4AECOMM-182121/p,https://static.carrefour.es/hd_350x_/img_pim_food/182121_00_1.jpg,Disponible
08-04-2025,20:45:40,Bebidas,Vino blanco con crianza Pedro Ximénez para cocinar aromatizado con hierbas Carrefour 75 cl.,"2,35 €","3,13 €/l",https://www.carrefour.es/supermercado/vino-blanco-con-crianza-pedro-ximenez-para-cocinar-aromatizado-con-hierbas-carrefour-75-cl/R-520660404/p,https://static.carrefour.es/hd_350x_/img_pim_food/744835_00_1.jpg,Disponible
08-04-2025,20:45:40,Bebidas,Agua mineral natural Nestlé Aquarel 8 l.,"3,79 €","0,47 €/l",https://www.carrefour.es/supermercado/agua-mineral-natural-nestle-aquarel-8-l/R-VC4AECOMM-132822/p,https://static.carrefour.es/hd_350x_/img_pim_food/132822_00_1.jpg,Disponible
08-04-2025,20:45:40,Bebidas,Agua mineral Evian tapón deportivo 75 cl.,"1,99 €","2,65 €/l",https://www.carrefour.es/supermercado/agua-mineral-evian-tapon-deportivo-75-cl/R-816214146/p,https://static.carrefour.es/hd_350x_/img_pim_food/943809_00_1.jpg,Disponible
08-04-2025,20:45:40,Bebidas,Agua de coco 100% natural ecológico Carrefour Bio brik 1 l.,"2,89 €","2,89 €/l",https://www.carrefour.es/supermercado/agua-de-coco-100-natural-ecologico-carrefour-bio-brik-1-l/R-VC4AECOMM-438819/p,https://static.carrefour.es/hd_350x_/img_pim_food/438819_00_1.jpg,Disponible
08-04-2025,20:45:40,Bebidas,Crema de orujo Puntemiño 70 cl.,"6,19 €","8,84 €/l",https://www.carrefour.es/supermercado/crema-de-orujo-puntemino-70-cl/R-prod620187/p,https://static.carrefour.es/hd_350x_/img_pim_food/841807_00_1.jpg,Disponible
08-04-2025,20:45:40,Bebidas,Vino blanco Elegido 1 l.,"2,19 €","2,19 €/l",https://www.carrefour.es/supermercado/vino-blanco-elegido-1-l/R-520661430/p,https://static.carrefour.es/hd_350x_/img_pim_food/000169_00_1.jpg,Disponible
08-04-2025,20:45:40,Bebidas,"Bebida refrescante aromatizada con agua mineral y zumo de manzana Carrefour sensation sin azúcares añadidos 1,5 l.","1,31 €","0,87 €/l",https://www.carrefour.es/supermercado/bebida-refrescante-aromatizada-con-agua-mineral-y-zumo-de-manzana-carrefour-sensation-sin-azucares-anadidos-15-l/R-VC4AECOMM-435254/p,https://static.carrefour.es/hd_350x_/img_pim_food/435254_00_1.jpg,Disponible
08-04-2025,20:45:40,Bebidas,Vino blanco verdejo Four Lines D.O. Rueda 75 cl.,"7,25 €","7,25 €/ud",https://www.carrefour.es/supermercado/vino-blanco-verdejo-four-lines-do-rueda-75-cl/R-807571427/p,https://static.carrefour.es/hd_350x_/img_pim_food/927691_00_1.jpg,Disponible
08-04-2025,20:45:40,Bebidas,Néctar de naranja Granini botella 1 l.,"3,49 €","3,49 €/l",https://www.carrefour.es/supermercado/nectar-de-naranja-granini-botella-1-l/R-520660892/p,https://static.carrefour.es/hd_350x_/img_pim_food/020871_00_1.jpg,Disponible
08-04-2025,20:45:40,Bebidas,Vino tinto de mesa Vegas del Rivilla 2 l.,"2,65 €","1,32 €/l",https://www.carrefour.es/supermercado/vino-tinto-de-mesa-vegas-del-rivilla-2-l/R-530014417/p,https://static.carrefour.es/hd_350x_/img_pim_food/147037_00_1.jpg,Disponible
08-04-2025,20:46:20,Bebidas,Cerveza Voll Damm doble malta pack de 6 botellas de 25 cl.,"5,45 €","3,63 €/l",https://www.carrefour.es/supermercado/cerveza-voll-damm-doble-malta-pack-de-6-botellas-de-25-cl/R-520661162/p,https://static.carrefour.es/hd_350x_/img_pim_food/026482_00_1.jpg,Disponible
08-04-2025,20:46:20,Bebidas,Zumo tropical Carrefour pack de 6 briks de 20 cl.,"1,99 €","1,66 €/l",https://www.carrefour.es/supermercado/zumo-tropical-carrefour-pack-de-6-briks-de-20-cl/R-694608976/p,https://static.carrefour.es/hd_350x_/img_pim_food/093850_00_1.jpg,Disponible
08-04-2025,20:46:20,Bebidas,Zumo de naranja y mango Carrefour botella 25 cl,"1,75 €",7 €/l,https://www.carrefour.es/supermercado/zumo-de-naranja-y-mango-carrefour-botella-25-cl/R-prod74514/p,https://static.carrefour.es/hd_350x_/img_pim_food/980210_00_1.jpg,Disponible
08-04-2025,20:46:20,Bebidas,Vino tinto crianza Campo Viejo D.O.Ca. Rioja 75 cl.,"6,79 €","6,79 €/ud",https://www.carrefour.es/supermercado/vino-tinto-crianza-campo-viejo-doca-rioja-75-cl/R-520662381/p,https://static.carrefour.es/hd_350x_/img_pim_food/048266_00_1.jpg,Disponible
08-04-2025,20:46:20,Bebidas,Salitos blue 33 cl.,"1,99 €","6,03 €/l",https://www.carrefour.es/supermercado/salitos-blue-33-cl/R-VC4AECOMM-553228/p,https://static.carrefour.es/hd_350x_/img_pim_food/553228_00_1.jpg,Disponible
08-04-2025,20:46:20,Bebidas,"Tinto de verano con limón sin alcohol Don Simón botella 1,5 l.","1,55 €","1,03 €/l",https://www.carrefour.es/supermercado/tinto-de-verano-con-limon-sin-alcohol-don-simon-botella-15-l/R-840100462/p,https://static.carrefour.es/hd_350x_/img_pim_food/977234_00_1.jpg,Disponible
08-04-2025,20:46:20,Bebidas,"Cerveza Buckler 0,0 alcohol malta lata 33 cl.","0,89 €","2,70 €/l",https://www.carrefour.es/supermercado/cerveza-buckler-00-alcohol-malta-lata-33-cl/R-520661372/p,https://static.carrefour.es/hd_350x_/img_pim_food/469592_00_1.jpg,Disponible
08-04-2025,20:46:20,Bebidas,Tinto de verano con gaseosa La Casera lata 33 cl.,"0,99 €",3 €/l,https://www.carrefour.es/supermercado/tinto-de-verano-con-gaseosa-la-casera-lata-33-cl/R-682908946/p,https://static.carrefour.es/hd_350x_/img_pim_food/069575_00_1.jpg,Disponible
08-04-2025,20:46:20,Bebidas,Pepsi Max zero azúcar botella 50 cl.,"1,37 €","2,74 €/l",https://www.carrefour.es/supermercado/pepsi-max-zero-azucar-botella-50-cl/R-600804887/p,https://static.carrefour.es/hd_350x_/img_pim_food/738741_00_1.jpg,Disponible
08-04-2025,20:46:20,Bebidas,"Ginebra Larios 1,5 l.","18,49 €","12,33 €/l",https://www.carrefour.es/supermercado/ginebra-larios-15-l/R-521015891/p,https://static.carrefour.es/hd_350x_/img_pim_food/752727_00_1.jpg,Disponible
08-04-2025,20:46:20,Bebidas,Cerveza La Sagra Original Lager lata 33 cl.,"0,92 €","2,79 €/l",https://www.carrefour.es/supermercado/cerveza-la-sagra-original-lager-lata-33-cl/R-VC4AECOMM-519194/p,https://static.carrefour.es/hd_350x_/img_pim_food/519194_00_1.jpg,Disponible
08-04-2025,20:46:20,Bebidas,"Font Vella La Limonada con zumo de limón sin gas botella 1,25 l.","1,91 €","1,53 €/l",https://www.carrefour.es/supermercado/font-vella-la-limonada-con-zumo-de-limon-sin-gas-botella-125-l/R-709601819/p,https://static.carrefour.es/hd_350x_/img_pim_food/424114_00_1.jpg,Disponible
08-04-2025,20:46:20,Bebidas,Vino rosado rufete Mateus 75 cl.,"4,49 €","4,49 €/ud",https://www.carrefour.es/supermercado/vino-rosado-rufete-mateus-75-cl/R-521007940/p,https://static.carrefour.es/hd_350x_/img_pim_food/000233_00_1.jpg,Disponible
08-04-2025,20:46:20,Bebidas,"Refresco de limón Carrefour sin gas botella 1,5 l.","1,13 €","0,75 €/l",https://www.carrefour.es/supermercado/refresco-de-limon-carrefour-sin-gas-botella-15-l/R-520660634/p,https://static.carrefour.es/hd_350x_/img_pim_food/454563_00_1.jpg,Disponible
08-04-2025,20:46:20,Bebidas,Vermut Forteni blanco 1 l.,"2,79 €","2,79 €/l",https://www.carrefour.es/supermercado/vermut-forteni-blanco-1-l/R-520663126/p,https://static.carrefour.es/hd_350x_/img_pim_food/521171_00_1.jpg,Disponible
08-04-2025,20:46:20,Bebidas,"Cerveza San Miguel 0,0 alcohol pack de 6 botellas de 25 cl.","3,29 €","2,19 €/l",https://www.carrefour.es/supermercado/cerveza-san-miguel-00-alcohol-pack-de-6-botellas-de-25-cl/R-520661348/p,https://static.carrefour.es/hd_350x_/img_pim_food/000165_00_1.jpg,Disponible
08-04-2025,20:46:20,Bebidas,"Tinto de verano clásico sin alcohol Don Simón botella 1,5 l.","1,55 €","1,03 €/l",https://www.carrefour.es/supermercado/tinto-de-verano-clasico-sin-alcohol-don-simon-botella-15-l/R-527018081/p,https://static.carrefour.es/hd_350x_/img_pim_food/243222_00_1.jpg,Disponible
08-04-2025,20:46:20,Bebidas,Agua mineral Ursu 9 Alcalina 50 cl.,"0,82 €","1,64 €/l",https://www.carrefour.es/supermercado/agua-mineral-ursu-9-alcalina-50-cl/R-VC4AECOMM-809230/p,https://static.carrefour.es/hd_350x_/img_pim_food/809230_00_1.jpg,Disponible
08-04-2025,20:46:20,Bebidas,"Red Bull Bebida Energética sin azúcar lata 35,5 cl","2,29 €","6,45 €/l",https://www.carrefour.es/supermercado/red-bull-bebida-energetica-sin-azucar-lata-355-cl/R-VC4AECOMM-470418/p,https://static.carrefour.es/hd_350x_/img_pim_food/470418_00_1.jpg,Disponible
08-04-2025,20:46:20,Bebidas,Tónica Schweppes con toque de lima premium botella 20 cl.,"1,81 €","9,05 €/l",https://www.carrefour.es/supermercado/tonica-schweppes-con-toque-de-lima-premium-botella-20-cl/R-prod250806/p,https://static.carrefour.es/hd_350x_/img_pim_food/291814_00_1.jpg,Disponible
08-04-2025,20:46:20,Bebidas,Cerveza Mahou sin alcohol pack de 6 botellas de 25 cl.,"3,49 €","2,33 €/l",https://www.carrefour.es/supermercado/cerveza-mahou-sin-alcohol-pack-de-6-botellas-de-25-cl/R-521011819/p,https://static.carrefour.es/hd_350x_/img_pim_food/000166_00_1.jpg,Disponible
08-04-2025,20:46:20,Bebidas,Cerveza Estrella Damm mediterránea pack de 12 botellas de 25 cl.,"7,75 €","2,58 €/l",https://www.carrefour.es/supermercado/cerveza-estrella-damm-mediterranea-pack-de-12-botellas-de-25-cl/R-521028261/p,https://static.carrefour.es/hd_350x_/img_pim_food/152758_00_1.jpg,Disponible
08-04-2025,20:46:20,Bebidas,Cerveza Franziskaner Dunkel botella 50 cl.,"1,79 €","3,58 €/l",https://www.carrefour.es/supermercado/cerveza-franziskaner-dunkel-botella-50-cl/R-521028238/p,https://static.carrefour.es/hd_350x_/img_pim_food/660345_00_1.jpg,Disponible
08-04-2025,20:46:20,Bebidas,Vermut Monte Esquinza rojo 1 l.,"3,65 €","3,65 €/l",https://www.carrefour.es/supermercado/vermut-monte-esquinza-rojo-1-l/R-VC4AECOMM-474624/p,https://static.carrefour.es/hd_350x_/img_pim_food/474624_00_1.jpg,Disponible
08-04-2025,20:47:01,Bebidas,Cerveza San Miguel especial Lager pack de 12 botellas de 25 cl.,"6,06 €","2,02 €/l",https://www.carrefour.es/supermercado/cerveza-san-miguel-especial-lager-pack-de-12-botellas-de-25-cl/R-521033441/p,https://static.carrefour.es/hd_350x_/img_pim_food/000146_00_1.jpg,Disponible
08-04-2025,20:47:01,Bebidas,"Trina de naranja sin gas zero botella 1,5 l.","1,84 €","1,23 €/l",https://www.carrefour.es/supermercado/trina-de-naranja-sin-gas-zero-botella-15-l/R-768607101/p,https://static.carrefour.es/hd_350x_/img_pim_food/776846_00_1.jpg,Disponible
08-04-2025,20:47:01,Bebidas,Vino tinto crianza Mucho Más 75 cl.,"7,49 €","9,99 €/l",https://www.carrefour.es/supermercado/vino-tinto-crianza-mucho-mas-75-cl/R-VC4AECOMM-696229/p,https://static.carrefour.es/hd_350x_/img_pim_food/696229_00_1.jpg,Disponible
08-04-2025,20:47:01,Bebidas,Zumo de tomate 100% Premium Granini botella 1 l.,"3,15 €","3,15 €/l",https://www.carrefour.es/supermercado/zumo-de-tomate-100-premium-granini-botella-1-l/R-520660918/p,https://static.carrefour.es/hd_350x_/img_pim_food/020872_00_1.jpg,Disponible
08-04-2025,20:47:01,Bebidas,Bebida de fruta piña Juver sin azúcar añadido pack de 6 briks de 20 cl.,"2,95 €","2,46 €/l",https://www.carrefour.es/supermercado/bebida-de-fruta-pina-juver-sin-azucar-anadido-pack-de-6-briks-de-20-cl/R-520660856/p,https://static.carrefour.es/hd_350x_/img_pim_food/383299_00_1.jpg,Disponible
08-04-2025,20:47:01,Bebidas,Cerveza rubia 18/70 botella 33 cl.,"1,17 €","3,55 €/l",https://www.carrefour.es/supermercado/cerveza-rubia-18-70-botella-33-cl/R-VC4AECOMM-489249/p,https://static.carrefour.es/hd_350x_/img_pim_food/489249_00_1.jpg,Disponible
08-04-2025,20:47:01,Bebidas,Zumo de manzana ecológico Carrefour Bio brik 1 l.,"2,29 €","2,29 €/l",https://www.carrefour.es/supermercado/zumo-de-manzana-ecologico-carrefour-bio-brik-1-l/R-526600510/p,https://static.carrefour.es/hd_350x_/img_pim_food/042614_00_1.jpg,Disponible
08-04-2025,20:47:01,Bebidas,Coca Cola zero azúcar pack 6 botellas 2 l.,"12,15 €","1,01 €/l",https://www.carrefour.es/supermercado/coca-cola-zero-azucar-pack-6-botellas-2-l/R-prod830100/p,https://static.carrefour.es/hd_350x_/img_pim_food/287561_00_1.jpg,Disponible
08-04-2025,20:47:01,Bebidas,Vino blanco joven palomino fina Castillo de San Diego V.T. Cádiz 75 cl.,"5,85 €","5,85 €/ud",https://www.carrefour.es/supermercado/vino-blanco-joven-palomino-fina-castillo-de-san-diego-vt-cadiz-75-cl/R-520662924/p,https://static.carrefour.es/hd_350x_/img_pim_food/029239_00_1.jpg,Disponible
08-04-2025,20:47:01,Bebidas,Coca Cola zero azúcar zero cafeína mini pack 10 latas 20 cl.,"6,65 €","3,32 €/l",https://www.carrefour.es/supermercado/coca-cola-zero-azucar-zero-cafeina-mini-pack-10-latas-20-cl/R-VC4AECOMM-506923/p,https://static.carrefour.es/hd_350x_/img_pim_food/506923_00_1.jpg,Disponible
08-04-2025,20:47:01,Bebidas,Cerveza rubia Heineken Lager pack de 18 latas de 33 cl.,"15,10 €","2,54 €/l",https://www.carrefour.es/supermercado/cerveza-rubia-heineken-lager-pack-de-18-latas-de-33-cl/R-725713177/p,https://static.carrefour.es/hd_350x_/img_pim_food/516671_00_1.jpg,Disponible
08-04-2025,20:47:01,Bebidas,Monster Energy Ultra Red Zero Bebida Energética sin azúcar lata 50 cl.,"1,79 €","3,58 €/l",https://www.carrefour.es/supermercado/monster-energy-ultra-red-zero-bebida-energetica-sin-azucar-lata-50-cl/R-839205016/p,https://static.carrefour.es/hd_350x_/img_pim_food/976565_00_1.jpg,Disponible
08-04-2025,20:47:01,Bebidas,"Zumo de piña,manzana y uva Don Simón brik 1 l.","1,64 €","1,64 €/l",https://www.carrefour.es/supermercado/zumo-de-pinamanzana-y-uva-don-simon-brik-1-l/R-520660801/p,https://static.carrefour.es/hd_350x_/img_pim_food/000101_00_1.jpg,Disponible
08-04-2025,20:47:01,Bebidas,Cerveza 1906 reserva especial pack 12 botellas 33 cl.,"14,09 €","3,56 €/l",https://www.carrefour.es/supermercado/cerveza-1906-reserva-especial-pack-12-botellas-33-cl/R-762603515/p,https://static.carrefour.es/hd_350x_/img_pim_food/771393_00_1.jpg,Disponible
08-04-2025,20:47:01,Bebidas,"Tinto de verano con limón 0,0 alcohol sin azúcar añadido Carrefour Sensation botella 1,5 l.","1,15 €","0,77 €/l",https://www.carrefour.es/supermercado/tinto-de-verano-con-limon-00-alcohol-sin-azucar-anadido-carrefour-sensation-botella-15-l/R-VC4AECOMM-258597/p,https://static.carrefour.es/hd_350x_/img_pim_food/258597_00_1.jpg,Disponible
08-04-2025,20:47:01,Bebidas,Vino blanco semi-dulce Bach D.O. Cataluña 75 cl.,"4,49 €","4,49 €/ud",https://www.carrefour.es/supermercado/vino-blanco-semi-dulce-bach-do-cataluna-75-cl/R-520662825/p,https://static.carrefour.es/hd_350x_/img_pim_food/000219_00_1.jpg,Disponible
08-04-2025,20:47:01,Bebidas,Schweppes de limón Zero botella 1 l.,"2,15 €","2,15 €/l",https://www.carrefour.es/supermercado/schweppes-de-limon-zero-botella-1-l/R-714713239/p,https://static.carrefour.es/hd_350x_/img_pim_food/471060_00_1.jpg,Disponible
08-04-2025,20:47:01,Bebidas,Bebida de naranja y mango Carrefour Classic sin azúcar añadido brik 1 l.,"1,39 €","1,39 €/l",https://www.carrefour.es/supermercado/bebida-de-naranja-y-mango-carrefour-classic-sin-azucar-anadido-brik-1-l/R-prod730768/p,https://static.carrefour.es/hd_350x_/img_pim_food/855123_00_1.jpg,Disponible
08-04-2025,20:47:01,Bebidas,Zumo Tropical 100% Natural Bifrutas sin azúcar añadido botella 24 cl.,"0,99 €","4,12 €/l",https://www.carrefour.es/supermercado/zumo-tropical-100-natural-bifrutas-sin-azucar-anadido-botella-24-cl/R-VC4AECOMM-671115/p,https://static.carrefour.es/hd_350x_/img_pim_food/671115_00_1.jpg,Disponible
08-04-2025,20:47:01,Bebidas,Ron Carum añejo 70 cl.,"7,45 €","10,64 €/l",https://www.carrefour.es/supermercado/ron-carum-anejo-70-cl/R-VC4AECOMM-487905/p,https://static.carrefour.es/hd_350x_/img_pim_food/487905_00_1.jpg,Disponible
08-04-2025,20:47:01,Bebidas,Whisky Dyc 70 cl.,"10,45 €","14,93 €/l",https://www.carrefour.es/supermercado/whisky-dyc-70-cl/R-520662282/p,https://static.carrefour.es/hd_350x_/img_pim_food/000298_00_1.jpg,Disponible
08-04-2025,20:47:01,Bebidas,"Gaseosa La Casera cero calorías pack de 4 botellas de 1,5 l.","4,89 €","0,81 €/l",https://www.carrefour.es/supermercado/gaseosa-la-casera-cero-calorias-pack-de-4-botellas-de-15-l/R-521033459/p,https://static.carrefour.es/hd_350x_/img_pim_food/026554_00_1.jpg,Disponible
08-04-2025,20:47:01,Bebidas,Vino frizzante blanco verdejo Yllera 5.5 75 cl.,"6,65 €","6,65 €/ud",https://www.carrefour.es/supermercado/vino-frizzante-blanco-verdejo-yllera-55-75-cl/R-618404982/p,https://static.carrefour.es/hd_350x_/img_pim_food/364930_00_1.jpg,Disponible
08-04-2025,20:47:01,Bebidas,Agua mineral Regas natural 8 l.,"2,05 €","0,26 €/l",https://www.carrefour.es/supermercado/agua-mineral-regas-natural-8-l/R-521028200/p,https://static.carrefour.es/hd_350x_/img_pim_food/000130_00_1.jpg,Disponible
08-04-2025,20:47:42,Bebidas,Bebida refrescante naranja Simon Life 33 cl.,"0,67 €","2,03 €/l",https://www.carrefour.es/supermercado/bebida-refrescante-naranja-simon-life-33-cl/R-VC4AECOMM-400079/p,https://static.carrefour.es/hd_350x_/img_pim_food/400079_00_1.jpg,Disponible
08-04-2025,20:47:42,Bebidas,"Pepsi zero azúcar zero cafeína pack de 2 botellas de 1,75 cl.","3,55 €","1,01 €/l",https://www.carrefour.es/supermercado/pepsi-zero-azucar-zero-cafeina-pack-de-2-botellas-de-175-cl/R-VC4AECOMM-689328/p,https://static.carrefour.es/hd_350x_/img_pim_food/689328_00_1.jpg,Disponible
08-04-2025,20:47:42,Bebidas,Coca Cola pack 6 botellas 2 l.,"12,19 €","1,02 €/l",https://www.carrefour.es/supermercado/coca-cola-pack-6-botellas-2-l/R-521028135/p,https://static.carrefour.es/hd_350x_/img_pim_food/435477_00_1.jpg,Disponible
08-04-2025,20:47:42,Bebidas,Vitamin Well reload sabor lima-limón botella 50 cl.,"2,39 €","4,78 €/l",https://www.carrefour.es/supermercado/vitamin-well-reload-sabor-lima-limon-botella-50-cl/R-828922443/p,https://static.carrefour.es/hd_350x_/img_pim_food/964053_00_1.jpg,Disponible
08-04-2025,20:47:42,Bebidas,Cerveza tostada Cruzcampo 0.0 alcohol gran reserva lata 33 cl.,"0,91 €","2,76 €/l",https://www.carrefour.es/supermercado/cerveza-tostada-cruzcampo-00-alcohol-gran-reserva-lata-33-cl/R-VC4AECOMM-082288/p,https://static.carrefour.es/hd_350x_/img_pim_food/082288_00_1.jpg,Disponible
08-04-2025,20:47:42,Bebidas,Cerveza artesana Carrefour Sensation tipo IPA botella 33 cl.,"1,44 €","4,36 €/l",https://www.carrefour.es/supermercado/cerveza-artesana-carrefour-sensation-tipo-ipa-botella-33-cl/R-VC4AECOMM-573262/p,https://static.carrefour.es/hd_350x_/img_pim_food/573262_00_1.jpg,Disponible
08-04-2025,20:47:42,Bebidas,Pepsi zero azúcar lima pack de 9 latas de 33 cl.,"6,57 €","2,21 €/l",https://www.carrefour.es/supermercado/pepsi-zero-azucar-lima-pack-de-9-latas-de-33-cl/R-VC4AECOMM-199170/p,https://static.carrefour.es/hd_350x_/img_pim_food/199170_00_1.jpg,Disponible
08-04-2025,20:47:42,Bebidas,Bebida refrescante mandarina Simon Life 33 cl.,"0,67 €","2,03 €/l",https://www.carrefour.es/supermercado/bebida-refrescante-mandarina-simon-life-33-cl/R-VC4AECOMM-400081/p,https://static.carrefour.es/hd_350x_/img_pim_food/400081_00_1.jpg,Disponible
08-04-2025,20:47:42,Bebidas,Agua mineral Cabreiroá grifo 8 l.,"3,89 €","0,49 €/l",https://www.carrefour.es/supermercado/agua-mineral-cabreiroa-grifo-8-l/R-VC4AECOMM-674623/p,https://static.carrefour.es/hd_350x_/img_pim_food/674623_00_1.jpg,Disponible
08-04-2025,20:47:42,Bebidas,Vino D.O. Rueda blanco verdejo Protos 75 cl.,"7,65 €","7,65 €/ud",https://www.carrefour.es/supermercado/vino-do-rueda-blanco-verdejo-protos-75-cl/R-521010553/p,https://static.carrefour.es/hd_350x_/img_pim_food/714791_00_1.jpg,Disponible
08-04-2025,20:47:42,Bebidas,Bebida de fruta arándanos y uva Granini sin azúcares añadidos botella 1 l.,"3,25 €","3,25 €/l",https://www.carrefour.es/supermercado/bebida-de-fruta-arandanos-y-uva-granini-sin-azucares-anadidos-botella-1-l/R-VC4AECOMM-050348/p,https://static.carrefour.es/hd_350x_/img_pim_food/050348_00_1.jpg,Disponible
08-04-2025,20:47:42,Bebidas,Vino tinto Señorío Extremeño 5 l.,"5,89 €","1,18 €/l",https://www.carrefour.es/supermercado/vino-tinto-senorio-extremeno-5-l/R-fprod1220084/p,https://static.carrefour.es/hd_350x_/img_pim_food/271200_00_1.jpg,Disponible
08-04-2025,20:47:42,Bebidas,Coca Cola pack 4 botellas 50 cl.,"5,39 €","2,69 €/l",https://www.carrefour.es/supermercado/coca-cola-pack-4-botellas-50-cl/R-634001753/p,https://static.carrefour.es/hd_350x_/img_pim_food/809531_00_1.jpg,Disponible
08-04-2025,20:47:42,Bebidas,Vino de Aguja blanco Blanc Pescador 75 cl.,"4,45 €","4,45 €/ud",https://www.carrefour.es/supermercado/vino-de-aguja-blanco-blanc-pescador-75-cl/R-520662861/p,https://static.carrefour.es/hd_350x_/img_pim_food/000236_00_1.jpg,Disponible
08-04-2025,20:47:42,Bebidas,Carrefour Energy Bebida Energénica sabor mango lata 50 cl.,"1,13 €","2,26 €/l",https://www.carrefour.es/supermercado/carrefour-energy-bebida-energenica-sabor-mango-lata-50-cl/R-VC4AECOMM-314234/p,https://static.carrefour.es/hd_350x_/img_pim_food/314234_00_1.jpg,Disponible
08-04-2025,20:47:42,Bebidas,"Tinto de verano con limón sin alcohol Don Simón botella 1,5 l.","1,55 €","1,03 €/l",https://www.carrefour.es/supermercado/tinto-de-verano-con-limon-sin-alcohol-don-simon-botella-15-l/R-527018083/p,https://static.carrefour.es/hd_350x_/img_pim_food/243349_00_1.jpg,Disponible
08-04-2025,20:47:42,Bebidas,Vino tinto tempranillo Faustino VII D.O.Ca. Rioja 75 cl.,"4,35 €","4,35 €/ud",https://www.carrefour.es/supermercado/vino-tinto-tempranillo-faustino-vii-doca-rioja-75-cl/R-520662342/p,https://static.carrefour.es/hd_350x_/img_pim_food/007746_00_1.jpg,Disponible
08-04-2025,20:47:42,Bebidas,"Cerveza Heineken Lager 0,0 sin alcohol pack 6 botellas 25 cl.","4,25 €","2,83 €/l",https://www.carrefour.es/supermercado/cerveza-heineken-lager-00-sin-alcohol-pack-6-botellas-25-cl/R-prod72758/p,https://static.carrefour.es/hd_350x_/img_pim_food/201552_00_1.jpg,Disponible
08-04-2025,20:47:42,Bebidas,Zumo multivitamínico Capri Sun 20 cl.,"0,81 €","4,05 €/l",https://www.carrefour.es/supermercado/zumo-multivitaminico-capri-sun-20-cl/R-VC4AECOMM-447116/p,https://static.carrefour.es/hd_350x_/img_pim_food/447116_00_1.jpg,Disponible
08-04-2025,20:47:42,Bebidas,Cerveza Miller Genuine Draft Lager Norteamericana botella 33 cl.,"1,33 €","4,03 €/l",https://www.carrefour.es/supermercado/cerveza-miller-genuine-draft-lager-norteamericana-botella-33-cl/R-521013858/p,https://static.carrefour.es/hd_350x_/img_pim_food/029264_00_1.jpg,Disponible
08-04-2025,20:47:42,Bebidas,Ginebra Larios 12 premium 70 cl.,"16,79 €","23,99 €/l",https://www.carrefour.es/supermercado/ginebra-larios-12-premium-70-cl/R-546003965/p,https://static.carrefour.es/hd_350x_/img_pim_food/276318_00_1.jpg,Disponible
08-04-2025,20:47:42,Bebidas,Cerveza Mahou 5 Estrellas especial pack de 28 latas de 33 cl.,"22,38 €","2,42 €/l",https://www.carrefour.es/supermercado/cerveza-mahou-5-estrellas-especial-pack-de-28-latas-de-33-cl/R-520661305/p,https://static.carrefour.es/hd_350x_/img_pim_food/718560_00_1.jpg,Disponible
08-04-2025,20:47:42,Bebidas,Cerveza Daura sin gluten botella 33 cl.,"1,47 €","4,45 €/l",https://www.carrefour.es/supermercado/cerveza-daura-sin-gluten-botella-33-cl/R-589802508/p,https://static.carrefour.es/hd_350x_/img_pim_food/259656_00_1.jpg,Disponible
08-04-2025,20:47:42,Bebidas,Vino moscatel Cortijo de Ceret D.O. Valencia 75 cl.,"3,95 €","3,95 €/ud",https://www.carrefour.es/supermercado/vino-moscatel-cortijo-de-ceret-do-valencia-75-cl/R-VC4AECOMM-442114/p,https://static.carrefour.es/hd_350x_/img_pim_food/442114_00_1.jpg,Disponible
08-04-2025,20:48:24,Bebidas,"Refresco de naranja Carrefour sin gas botella 1,5 l.","1,13 €","0,75 €/l",https://www.carrefour.es/supermercado/refresco-de-naranja-carrefour-sin-gas-botella-15-l/R-520660606/p,https://static.carrefour.es/hd_350x_/img_pim_food/454368_00_1.jpg,Disponible
08-04-2025,20:48:24,Bebidas,Smoothie de mango y maracuyá Innocent sin azúcares añadidos botella 25 cl.,"2,55 €","10,20 €/l",https://www.carrefour.es/supermercado/smoothie-de-mango-y-maracuya-innocent-sin-azucares-anadidos-botella-25-cl/R-835367321/p,https://static.carrefour.es/hd_350x_/img_pim_food/970746_00_1.jpg,Disponible
08-04-2025,20:48:24,Bebidas,Zumo de uva roja ecológico Carrefour Bio brik 1 l.,"2,25 €","2,25 €/l",https://www.carrefour.es/supermercado/zumo-de-uva-roja-ecologico-carrefour-bio-brik-1-l/R-prod880430/p,https://static.carrefour.es/hd_350x_/img_pim_food/025660_00_1.jpg,Disponible
08-04-2025,20:48:24,Bebidas,Vino manzanilla Muy Fina D.O. Sanlúcar de Barrameda  75 cl.,"4,85 €","4,85 €/ud",https://www.carrefour.es/supermercado/vino-manzanilla-muy-fina-do-sanlucar-de-barrameda-75-cl/R-520662938/p,https://static.carrefour.es/hd_350x_/img_pim_food/030399_00_1.jpg,Disponible
08-04-2025,20:48:24,Bebidas,Cerveza San Miguel especial sin gluten botella 33 cl.,"1,10 €","3,33 €/l",https://www.carrefour.es/supermercado/cerveza-san-miguel-especial-sin-gluten-botella-33-cl/R-814634942/p,https://static.carrefour.es/hd_350x_/img_pim_food/945279_00_1.jpg,Disponible
08-04-2025,20:48:24,Bebidas,"Refresco de naranja zero Carrefour Classic botella 1,5 l.","1,13 €","0,75 €/l",https://www.carrefour.es/supermercado/refresco-de-naranja-zero-carrefour-classic-botella-15-l/R-871618455/p,https://static.carrefour.es/hd_350x_/img_pim_food/183345_00_1.jpg,Disponible
08-04-2025,20:48:24,Bebidas,Monster Energy Ultra Watermelon Bebida Energética zero azúcar lata 50 cl.,"1,95 €","3,90 €/l",https://www.carrefour.es/supermercado/monster-energy-ultra-watermelon-bebida-energetica-zero-azucar-lata-50-cl/R-VC4AECOMM-745489/p,https://static.carrefour.es/hd_350x_/img_pim_food/745489_00_1.jpg,Disponible
08-04-2025,20:48:24,Bebidas,"Nestea té verde con mango-piña bajo en calorías botella 1,5 l.","2,05 €","1,37 €/l",https://www.carrefour.es/supermercado/nestea-te-verde-con-mango-pina-bajo-en-calorias-botella-15-l/R-590204439/p,https://static.carrefour.es/hd_350x_/img_pim_food/153090_00_1.jpg,Disponible
08-04-2025,20:48:24,Bebidas,Cerveza sin alcohol pack de 6 botellas de 25 cl.,"2,05 €","1,37 €/l",https://www.carrefour.es/supermercado/cerveza-sin-alcohol-pack-de-6-botellas-de-25-cl/R-520661344/p,https://static.carrefour.es/hd_350x_/img_pim_food/668340_00_1.jpg,Disponible
08-04-2025,20:48:24,Bebidas,Pepsi zero azúcar pack de 12 latas de 33 cl.,"8,85 €","2,23 €/l",https://www.carrefour.es/supermercado/pepsi-zero-azucar-pack-de-12-latas-de-33-cl/R-VC4AECOMM-471342/p,https://static.carrefour.es/hd_350x_/img_pim_food/471342_00_1.jpg,Agotado temporalmente
08-04-2025,20:48:24,Bebidas,Prime bebida isotonica lemonade botella 50 cl.,"3,05 €","6,10 €/l",https://www.carrefour.es/supermercado/prime-bebida-isotonica-lemonade-botella-50-cl/R-VC4AECOMM-475578/p,https://static.carrefour.es/hd_350x_/img_pim_food/475578_00_1.jpg,Disponible
08-04-2025,20:48:24,Bebidas,Vino tinto roble tempranillo Celeste D.O. Ribera del Duero 75 cl.,"9,95 €","9,95 €/ud",https://www.carrefour.es/supermercado/vino-tinto-roble-tempranillo-celeste-do-ribera-del-duero-75-cl/R-606509757/p,https://static.carrefour.es/hd_350x_/img_pim_food/387884_00_1.jpg,Disponible
08-04-2025,20:48:24,Bebidas,Vino tinto joven Sangre de Toro D.O. Cataluña 75 cl.,"6,39 €","6,39 €/ud",https://www.carrefour.es/supermercado/vino-tinto-joven-sangre-de-toro-do-cataluna-75-cl/R-520662863/p,https://static.carrefour.es/hd_350x_/img_pim_food/000221_00_1.jpg,Disponible
08-04-2025,20:48:24,Bebidas,Vino tinto 3 Reinos D.O. Valdepeñas 75 cl.,"1,57 €","1,57 €/ud",https://www.carrefour.es/supermercado/vino-tinto-3-reinos-do-valdepenas-75-cl/R-fprod1260290/p,https://static.carrefour.es/hd_350x_/img_pim_food/323004_00_1.jpg,Disponible
08-04-2025,20:48:24,Bebidas,"Agua mineral Font Vella Sensación con zumo de limón 1,25 l.","1,94 €","1,55 €/l",https://www.carrefour.es/supermercado/agua-mineral-font-vella-sensacion-con-zumo-de-limon-125-l/R-520661122/p,https://static.carrefour.es/hd_350x_/img_pim_food/606454_00_1.jpg,Disponible
08-04-2025,20:48:24,Bebidas,Zumo multifrutas Carrefour exprimido brik 1 l.,"1,85 €","1,85 €/l",https://www.carrefour.es/supermercado/zumo-multifrutas-carrefour-exprimido-brik-1-l/R-521030022/p,https://static.carrefour.es/hd_350x_/img_pim_food/014107_00_1.jpg,Disponible
08-04-2025,20:48:24,Bebidas,Monster Energy MIXXD Punch Bebida Energética lata 50 cl.,"1,79 €","3,58 €/l",https://www.carrefour.es/supermercado/monster-energy-mixxd-punch-bebida-energetica-lata-50-cl/R-prod800264/p,https://static.carrefour.es/hd_350x_/img_pim_food/991744_00_1.jpg,Disponible
08-04-2025,20:48:24,Bebidas,Tónica Schweppes con hibiscus premium botella 20 cl.,"1,89 €","9,45 €/l",https://www.carrefour.es/supermercado/tonica-schweppes-con-hibiscus-premium-botella-20-cl/R-prod270782/p,https://static.carrefour.es/hd_350x_/img_pim_food/299875_00_1.jpg,Agotado temporalmente
08-04-2025,20:48:24,Bebidas,"Smoothie super energía de fresa, cereza, manzana, guaraná,  semillas de lino y vitaminas Innocent botella 30 cl.","2,49 €","8,30 €/l",https://www.carrefour.es/supermercado/smoothie-super-energia-de-fresa-cereza-manzana-guarana-semillas-de-lino-y-vitaminas-innocent-botella-30-cl/R-prod71129/p,https://static.carrefour.es/hd_350x_/img_pim_food/149467_00_1.jpg,Disponible
08-04-2025,20:48:24,Bebidas,Kas de limón sin azúcares añadidos lata 33 cl.,"0,79 €","2,39 €/l",https://www.carrefour.es/supermercado/kas-de-limon-sin-azucares-anadidos-lata-33-cl/R-590212993/p,https://static.carrefour.es/hd_350x_/img_pim_food/501025_00_1.jpg,Disponible
08-04-2025,20:48:24,Bebidas,Ron Bacardí Carta blanca 1 l.,"20,50 €","20,50 €/l",https://www.carrefour.es/supermercado/ron-bacardi-carta-blanca-1-l/R-520662286/p,https://static.carrefour.es/hd_350x_/img_pim_food/000330_00_1.jpg,Disponible
08-04-2025,20:48:24,Bebidas,Cerveza Desperados sabor mojito lata 50 cl.,"1,99 €","3,98 €/l",https://www.carrefour.es/supermercado/cerveza-desperados-sabor-mojito-lata-50-cl/R-VC4AECOMM-476323/p,https://static.carrefour.es/hd_350x_/img_pim_food/476323_00_1.jpg,Disponible
08-04-2025,20:48:24,Bebidas,Eneryeti Freshyeti sabor piruleta Bebida Energética lata 50 cl.,"1,19 €","2,38 €/l",https://www.carrefour.es/supermercado/eneryeti-freshyeti-sabor-piruleta-bebida-energetica-lata-50-cl/R-VC4AECOMM-024825/p,https://static.carrefour.es/hd_350x_/img_pim_food/024825_00_1.jpg,Disponible
08-04-2025,20:48:24,Bebidas,Cerveza Cruzcampo Tremenda lata 33 cl.,"0,94 €","2,85 €/l",https://www.carrefour.es/supermercado/cerveza-cruzcampo-tremenda-lata-33-cl/R-VC4AECOMM-173907/p,https://static.carrefour.es/hd_350x_/img_pim_food/173907_00_1.jpg,Disponible
08-04-2025,20:49:04,Bebidas,Sidra El Gaiter sin gluten 75 cl,"2,49 €","3,32 €/l",https://www.carrefour.es/supermercado/sidra-el-gaiter-sin-gluten-75-cl/R-VC4AECOMM-424243/p,https://static.carrefour.es/hd_350x_/img_pim_food/424243_00_1.jpg,Disponible
08-04-2025,20:49:04,Bebidas,"N?CT S/AZ NJA DISF. DSIMON 1,5","2,85 €","1,90 €/l",https://www.carrefour.es/supermercado/nct-s-az-nja-disf-dsimon-15/R-526627320/p,https://static.carrefour.es/hd_350x_/img_pim_food/279231_00_1.jpg,Disponible
08-04-2025,20:49:04,Bebidas,Cerveza La Estrella de Galicia botella 33 cl.,"1,07 €","3,24 €/l",https://www.carrefour.es/supermercado/cerveza-la-estrella-de-galicia-botella-33-cl/R-VC4AECOMM-128084/p,https://static.carrefour.es/hd_350x_/img_pim_food/128084_00_1.jpg,Disponible
08-04-2025,20:49:04,Bebidas,"Font Vella La Limonada con zumo de limón sin gas zero botella 1,25 l.","1,91 €","1,53 €/l",https://www.carrefour.es/supermercado/font-vella-la-limonada-con-zumo-de-limon-sin-gas-zero-botella-125-l/R-prod1160091/p,https://static.carrefour.es/hd_350x_/img_pim_food/205163_00_1.jpg,Disponible
08-04-2025,20:49:04,Bebidas,Royal Bliss yuzu lata 25 cl.,"0,80 €","3,20 €/l",https://www.carrefour.es/supermercado/royal-bliss-yuzu-lata-25-cl/R-VC4AECOMM-377902/p,https://static.carrefour.es/hd_350x_/img_pim_food/377902_00_1.jpg,Disponible
08-04-2025,20:49:04,Bebidas,Vino tinto barrica tempranillo Federico Paternina Banda Azul Vendimia Seleccionada D.O.Ca. Rioja 75 cl.,"7,59 €","7,59 €/ud",https://www.carrefour.es/supermercado/vino-tinto-barrica-tempranillo-federico-paternina-banda-azul-vendimia-seleccionada-doca-rioja-75-cl/R-VC4AECOMM-808840/p,https://static.carrefour.es/hd_350x_/img_pim_food/808840_00_1.jpg,Disponible
08-04-2025,20:49:04,Bebidas,Cerveza negra Bock-Damm Munich lata 33 cl.,"1,10 €","3,33 €/l",https://www.carrefour.es/supermercado/cerveza-negra-bock-damm-munich-lata-33-cl/R-521028206/p,https://static.carrefour.es/hd_350x_/img_pim_food/538933_00_1.jpg,Disponible
08-04-2025,20:49:04,Bebidas,Cerveza Coronita pack de 6 botellas de 21 cl.,"5,45 €","4,33 €/l",https://www.carrefour.es/supermercado/cerveza-coronita-pack-de-6-botellas-de-21-cl/R-540201898/p,https://static.carrefour.es/hd_350x_/img_pim_food/197503_00_1.jpg,Disponible
08-04-2025,20:49:04,Bebidas,Whisky Jack Daniel’s con Coca-Cola lata 33 cl.,"2,99 €","9,06 €/l",https://www.carrefour.es/supermercado/whisky-jack-daniels-con-coca-cola-lata-33-cl/R-VC4AECOMM-173896/p,https://static.carrefour.es/hd_350x_/img_pim_food/173896_00_1.jpg,Disponible
08-04-2025,20:49:04,Bebidas,Vino D.O. Ribera del Duero tinto roble Tres Reinos 75 cl.,"4,09 €","4,09 €/ud",https://www.carrefour.es/supermercado/vino-do-ribera-del-duero-tinto-roble-tres-reinos-75-cl/R-590208325/p,https://static.carrefour.es/hd_350x_/img_pim_food/236225_00_1.jpg,Disponible
08-04-2025,20:49:04,Bebidas,Vino blanco verdejo ecológico Marqués de Riscal D.O. Rueda 75 cl.,"9,55 €","9,55 €/ud",https://www.carrefour.es/supermercado/vino-blanco-verdejo-ecologico-marques-de-riscal-do-rueda-75-cl/R-521011835/p,https://static.carrefour.es/hd_350x_/img_pim_food/007336_00_1.jpg,Disponible
08-04-2025,20:49:04,Bebidas,Tónica Schweppes limón lata 33 cl,"1,08 €","3,27 €/l",https://www.carrefour.es/supermercado/tonica-schweppes-limon-lata-33-cl/R-521013553/p,https://static.carrefour.es/hd_350x_/img_pim_food/414738_00_1.jpg,Disponible
08-04-2025,20:49:04,Bebidas,Fanta de naranja Zero pack 2 botellas 2 l.,,"0,75 €/l",https://www.carrefour.es/supermercado/fanta-de-naranja-zero-pack-2-botellas-2-l/R-803482697/p,https://static.carrefour.es/hd_350x_/img_pim_food/911719_00_1.jpg,Disponible
08-04-2025,20:49:04,Bebidas,Burn Zero Raspberry Bebida Energética sin azúcar lata 50 cl.,"1,35 €","2,70 €/l",https://www.carrefour.es/supermercado/burn-zero-raspberry-bebida-energetica-sin-azucar-lata-50-cl/R-VC4AECOMM-306767/p,https://static.carrefour.es/hd_350x_/img_pim_food/306767_00_1.jpg,Disponible
08-04-2025,20:49:04,Bebidas,Cerveza tostada extra San Miguel Selecta botella 33 cl.,"1,24 €","3,76 €/l",https://www.carrefour.es/supermercado/cerveza-tostada-extra-san-miguel-selecta-botella-33-cl/R-520661134/p,https://static.carrefour.es/hd_350x_/img_pim_food/761120_00_1.jpg,Disponible
08-04-2025,20:49:04,Bebidas,Vino frizzante blanco verdejo Amaranta 75 cl.,"2,69 €","2,69 €/ud",https://www.carrefour.es/supermercado/vino-frizzante-blanco-verdejo-amaranta-75-cl/R-VC4AECOMM-439350/p,https://static.carrefour.es/hd_350x_/img_pim_food/439350_00_1.jpg,Disponible
08-04-2025,20:49:04,Bebidas,Vino tinto crianza Azpilicueta D.O.Ca. Rioja 75 cl.,"8,95 €","8,95 €/ud",https://www.carrefour.es/supermercado/vino-tinto-crianza-azpilicueta-doca-rioja-75-cl/R-520662409/p,https://static.carrefour.es/hd_350x_/img_pim_food/266931_00_1.jpg,Disponible
08-04-2025,20:49:04,Bebidas,Cerveza tostada Ambar Export doble fermentación botella 33 cl.,"1,54 €","4,67 €/l",https://www.carrefour.es/supermercado/cerveza-tostada-ambar-export-doble-fermentacion-botella-33-cl/R-665802208/p,https://static.carrefour.es/hd_350x_/img_pim_food/322750_00_1.jpg,Disponible
08-04-2025,20:49:04,Bebidas,Zumo de frutas y leche Carrefour sabor mediterráneo brik 1 l.,"0,95 €","0,95 €/l",https://www.carrefour.es/supermercado/zumo-de-frutas-y-leche-carrefour-sabor-mediterraneo-brik-1-l/R-799715338/p,https://static.carrefour.es/hd_350x_/img_pim_food/902171_00_1.jpg,Disponible
08-04-2025,20:49:04,Bebidas,Coca Cola zero azúcar pack 4 botellas 50 cl.,"5,40 €","2,70 €/l",https://www.carrefour.es/supermercado/coca-cola-zero-azucar-pack-4-botellas-50-cl/R-867011697/p,https://static.carrefour.es/hd_350x_/img_pim_food/164218_00_1.jpg,Disponible
08-04-2025,20:49:04,Bebidas,Zumo de manzana y frutos del bosque Carrefour botella 25 cl.,"1,75 €",7 €/l,https://www.carrefour.es/supermercado/zumo-de-manzana-y-frutos-del-bosque-carrefour-botella-25-cl/R-841500512/p,https://static.carrefour.es/hd_350x_/img_pim_food/980202_00_1.jpg,Disponible
08-04-2025,20:49:04,Bebidas,"Agua mineral Font Vella Sensación con zumo de manzana 1,25 l.","1,94 €","1,55 €/l",https://www.carrefour.es/supermercado/agua-mineral-font-vella-sensacion-con-zumo-de-manzana-125-l/R-520661124/p,https://static.carrefour.es/hd_350x_/img_pim_food/631030_00_1.jpg,Disponible
08-04-2025,20:49:04,Bebidas,Pepsi zero azúcar zero cafeína pack 9 latas 33 cl.,,"2,21 €/l",https://www.carrefour.es/supermercado/pepsi-zero-azucar-zero-cafeina-pack-9-latas-33-cl/R-prod540037/p,https://static.carrefour.es/hd_350x_/img_pim_food/834685_00_1.jpg,Disponible
08-04-2025,20:49:04,Bebidas,Zumo de piña y mango Carrefour Selección exprimido botella 75 cl.,"2,35 €","3,13 €/l",https://www.carrefour.es/supermercado/zumo-de-pina-y-mango-carrefour-seleccion-exprimido-botella-75-cl/R-551801863/p,https://static.carrefour.es/hd_350x_/img_pim_food/230997_00_1.jpg,Disponible
08-04-2025,20:49:45,Bebidas,Zumo multifrutas exprimido Carrefour Extra brik de 1 l.,"1,59 €","1,59 €/l",https://www.carrefour.es/supermercado/zumo-multifrutas-exprimido-carrefour-extra-brik-de-1-l/R-745602118/p,https://static.carrefour.es/hd_350x_/img_pim_food/732936_00_1.jpg,Disponible
08-04-2025,20:49:45,Bebidas,"Tinto de verano clásico Carrefour Sensation 1,5 l.","1,20 €","0,80 €/l",https://www.carrefour.es/supermercado/tinto-de-verano-clasico-carrefour-sensation-15-l/R-VC4AECOMM-258339/p,https://static.carrefour.es/hd_350x_/img_pim_food/258339_00_1.jpg,Disponible
08-04-2025,20:49:45,Bebidas,Tónica Fever-Tree Premium Indian botella 20 cl.,"1,82 €","9,10 €/l",https://www.carrefour.es/supermercado/tonica-fever-tree-premium-indian-botella-20-cl/R-VC4AECOMM-249321/p,https://static.carrefour.es/hd_350x_/img_pim_food/249321_00_1.jpg,Disponible
08-04-2025,20:49:45,Bebidas,Whisky Dyc 1 l.,"14,65 €","14,65 €/l",https://www.carrefour.es/supermercado/whisky-dyc-1-l/R-520662284/p,https://static.carrefour.es/hd_350x_/img_pim_food/043642_00_1.jpg,Disponible
08-04-2025,20:49:45,Bebidas,Refresco de cola Pepsi botella 50 cl.,"1,45 €","2,90 €/l",https://www.carrefour.es/supermercado/refresco-de-cola-pepsi-botella-50-cl/R-590211861/p,https://static.carrefour.es/hd_350x_/img_pim_food/360453_00_1.jpg,Disponible
08-04-2025,20:49:45,Bebidas,Licor de hierbas Puntemiño 70 cl.,"5,99 €","8,56 €/l",https://www.carrefour.es/supermercado/licor-de-hierbas-puntemino-70-cl/R-prod620197/p,https://static.carrefour.es/hd_350x_/img_pim_food/841811_00_1.jpg,Disponible
08-04-2025,20:49:45,Bebidas,Limonada Carrefour botella 1 l.,"2,05 €","2,05 €/l",https://www.carrefour.es/supermercado/limonada-carrefour-botella-1-l/R-530362942/p,https://static.carrefour.es/hd_350x_/img_pim_food/158263_00_1.jpg,Disponible
08-04-2025,20:49:45,Bebidas,Vino tinto joven tempranillo Enrique I  D.O. Ribera del Duero 75 cl.,"3,89 €","3,89 €/ud",https://www.carrefour.es/supermercado/vino-tinto-joven-tempranillo-enrique-i-do-ribera-del-duero-75-cl/R-718102621/p,https://static.carrefour.es/hd_350x_/img_pim_food/519774_00_1.jpg,Disponible
08-04-2025,20:49:45,Bebidas,Vino blanco ecológico Viña Sol D.O. Cataluña 75 cl.,"6,39 €","6,39 €/ud",https://www.carrefour.es/supermercado/vino-blanco-ecologico-vina-sol-do-cataluna-75-cl/R-520662829/p,https://static.carrefour.es/hd_350x_/img_pim_food/000222_00_1.jpg,Disponible
08-04-2025,20:49:45,Bebidas,Vino blanco Marqués de Vizhoja 75 cl.,"6,55 €","6,55 €/ud",https://www.carrefour.es/supermercado/vino-blanco-marques-de-vizhoja-75-cl/R-538408057/p,https://static.carrefour.es/hd_350x_/img_pim_food/035473_00_1.jpg,Disponible
08-04-2025,20:49:45,Bebidas,Cerveza artesana Carrefour Sensation sin gluten botella 33 cl.,"1,13 €","3,42 €/l",https://www.carrefour.es/supermercado/cerveza-artesana-carrefour-sensation-sin-gluten-botella-33-cl/R-VC4AECOMM-573248/p,https://static.carrefour.es/hd_350x_/img_pim_food/573248_00_1.jpg,Disponible
08-04-2025,20:49:45,Bebidas,Vino tinto Viña Mayor D.O. Ribera del Duero 75 cl.,"11,45 €","11,45 €/ud",https://www.carrefour.es/supermercado/vino-tinto-vina-mayor-do-ribera-del-duero-75-cl/R-VC4AECOMM-559721/p,https://static.carrefour.es/hd_350x_/img_pim_food/559721_00_1.jpg,Disponible
08-04-2025,20:49:45,Bebidas,Vino rosado joven Tres Reinos D.O.Ca. Rioja 75 cl.,"2,85 €","2,85 €/ud",https://www.carrefour.es/supermercado/vino-rosado-joven-tres-reinos-doca-rioja-75-cl/R-prod590334/p,https://static.carrefour.es/hd_350x_/img_pim_food/838587_00_1.jpg,Disponible
08-04-2025,20:49:45,Bebidas,Cerveza Stella Artois botella 33 cl.,"1,99 €","6,03 €/l",https://www.carrefour.es/supermercado/cerveza-stella-artois-botella-33-cl/R-520661199/p,https://static.carrefour.es/hd_350x_/img_pim_food/037085_00_1.jpg,Disponible
08-04-2025,20:49:45,Bebidas,Carrefour Sensation Isofresh bebida isotónica yellow botella 50 cl.,"0,72 €","1,44 €/l",https://www.carrefour.es/supermercado/carrefour-sensation-isofresh-bebida-isotonica-yellow-botella-50-cl/R-prod620189/p,https://static.carrefour.es/hd_350x_/img_pim_food/841804_00_1.jpg,Disponible
08-04-2025,20:49:45,Bebidas,Vino blanco joven viura Blume D.O. Rueda 75 cl.,"5,75 €","5,75 €/ud",https://www.carrefour.es/supermercado/vino-blanco-joven-viura-blume-do-rueda-75-cl/R-521009238/p,https://static.carrefour.es/hd_350x_/img_pim_food/644307_00_1.jpg,Disponible
08-04-2025,20:49:45,Bebidas,Zumo de naranja Carrefour ecológico exprimido sin pulpa brik 1 l.,"2,69 €","2,69 €/l",https://www.carrefour.es/supermercado/zumo-de-naranja-carrefour-ecologico-exprimido-sin-pulpa-brik-1-l/R-VC4AECOMM-438468/p,https://static.carrefour.es/hd_350x_/img_pim_food/438468_00_1.jpg,Disponible
08-04-2025,20:49:45,Bebidas,Kombucha jengibre limón ecológico Carrefour Bio botella 250 ml.,"2,45 €","9,80 €/l",https://www.carrefour.es/supermercado/kombucha-jengibre-limon-ecologico-carrefour-bio-botella-250-ml/R-VC4AECOMM-174823/p,https://static.carrefour.es/hd_350x_/img_pim_food/174823_00_1.jpg,Disponible
08-04-2025,20:49:45,Bebidas,Vino blanco joven palomino Pazo D.O. Ribeiro 75 cl.,"5,29 €","5,29 €/ud",https://www.carrefour.es/supermercado/vino-blanco-joven-palomino-pazo-do-ribeiro-75-cl/R-521007961/p,https://static.carrefour.es/hd_350x_/img_pim_food/013292_00_1.jpg,Disponible
08-04-2025,20:49:45,Bebidas,Brandy Torres 10 Reserva Imperial botella 70 cl.,"12,69 €","18,13 €/l",https://www.carrefour.es/supermercado/brandy-torres-10-reserva-imperial-botella-70-cl/R-520663021/p,https://static.carrefour.es/hd_350x_/img_pim_food/000400_00_1.jpg,Disponible
08-04-2025,20:49:45,Bebidas,Whiskey Jack Daniel's 70 cl.,23 €,"32,86 €/l",https://www.carrefour.es/supermercado/whiskey-jack-daniels-70-cl/R-520662280/p,https://static.carrefour.es/hd_350x_/img_pim_food/000320_00_1.jpg,Disponible
08-04-2025,20:49:45,Bebidas,"Tinto de verano clásico Don Simón botella 1,5 l.","1,85 €","1,23 €/l",https://www.carrefour.es/supermercado/tinto-de-verano-clasico-don-simon-botella-15-l/R-520661449/p,https://static.carrefour.es/hd_350x_/img_pim_food/710330_00_1.jpg,Disponible
08-04-2025,20:49:45,Bebidas,Cerveza tostada Cruzcampo gran reserva botella 33 cl.,"1,39 €","4,21 €/l",https://www.carrefour.es/supermercado/cerveza-tostada-cruzcampo-gran-reserva-botella-33-cl/R-528412734/p,https://static.carrefour.es/hd_350x_/img_pim_food/144766_00_1.jpg,Disponible
08-04-2025,20:49:45,Bebidas,"Pepsi zero azúcar pack de 4 botellas de 1,75 l.","6,59 €","0,94 €/l",https://www.carrefour.es/supermercado/pepsi-zero-azucar-pack-de-4-botellas-de-175-l/R-VC4AECOMM-689667/p,https://static.carrefour.es/hd_350x_/img_pim_food/689667_00_1.jpg,Disponible
08-04-2025,20:50:26,Bebidas,Cerveza Guinness Original irlandesa negra botella 33 cl.,"2,49 €","7,55 €/l",https://www.carrefour.es/supermercado/cerveza-guinness-original-irlandesa-negra-botella-33-cl/R-564401540/p,https://static.carrefour.es/hd_350x_/img_pim_food/272324_00_1.jpg,Disponible
08-04-2025,20:50:26,Bebidas,Limonada con limones exprimidos light Don Simón botella 33 cl.,"0,45 €","1,36 €/l",https://www.carrefour.es/supermercado/limonada-con-limones-exprimidos-light-don-simon-botella-33-cl/R-VC4AECOMM-440039/p,https://static.carrefour.es/hd_350x_/img_pim_food/440039_00_1.jpg,Disponible
08-04-2025,20:50:26,Bebidas,Zumo de naranja Don Simón brik 1 l.,"1,92 €","1,92 €/l",https://www.carrefour.es/supermercado/zumo-de-naranja-don-simon-brik-1-l/R-520660799/p,https://static.carrefour.es/hd_350x_/img_pim_food/000100_00_1.jpg,Disponible
08-04-2025,20:50:26,Bebidas,Vermut Yzaguirre rojo 1 l.,"8,19 €","8,19 €/l",https://www.carrefour.es/supermercado/vermut-yzaguirre-rojo-1-l/R-538408241/p,https://static.carrefour.es/hd_350x_/img_pim_food/554042_00_1.jpg,Disponible
08-04-2025,20:50:26,Bebidas,"Cerveza San Miguel 0,0 sin alcohol Lager pack de 12 latas de 33 cl.","8,55 €","2,16 €/l",https://www.carrefour.es/supermercado/cerveza-san-miguel-00-sin-alcohol-lager-pack-de-12-latas-de-33-cl/R-520661354/p,https://static.carrefour.es/hd_350x_/img_pim_food/646833_00_1.jpg,Disponible
08-04-2025,20:50:26,Bebidas,Bebida Espirituosa Altorreal 1 l.,"5,89 €","5,89 €/l",https://www.carrefour.es/supermercado/bebida-espirituosa-altorreal-1-l/R-VC4AECOMM-610431/p,https://static.carrefour.es/hd_350x_/img_pim_food/610431_00_1.jpg,Disponible
08-04-2025,20:50:26,Bebidas,Vino tinto crianza tempranillo Altos de Peñalen D.O.Ca Rioja 75 cl.,"2,89 €","2,89 €/ud",https://www.carrefour.es/supermercado/vino-tinto-crianza-tempranillo-altos-de-penalen-doca-rioja-75-cl/R-VC4AECOMM-642461/p,https://static.carrefour.es/hd_350x_/img_pim_food/642461_00_1.jpg,Disponible
08-04-2025,20:50:26,Bebidas,Vino fino crianza bajo velo flor Pedro Ximénez La Sultana D.O.Montilla Morilés 75 cl.,"3,29 €","3,29 €/ud",https://www.carrefour.es/supermercado/vino-fino-crianza-bajo-velo-flor-pedro-ximenez-la-sultana-domontilla-moriles-75-cl/R-520662948/p,https://static.carrefour.es/hd_350x_/img_pim_food/009982_00_1.jpg,Disponible
08-04-2025,20:50:26,Bebidas,Vino blanco semidulce Emparrado 75 cl.,"3,45 €","4,60 €/l",https://www.carrefour.es/supermercado/vino-blanco-semidulce-emparrado-75-cl/R-520661394/p,https://static.carrefour.es/hd_350x_/img_pim_food/042536_00_1.jpg,Disponible
08-04-2025,20:50:26,Bebidas,Whisky Dewar's White Label escocés 1 l.,"19,85 €","19,85 €/l",https://www.carrefour.es/supermercado/whisky-dewars-white-label-escoces-1-l/R-520662621/p,https://static.carrefour.es/hd_350x_/img_pim_food/288830_00_1.jpg,Disponible
08-04-2025,20:50:26,Bebidas,Kas naranja botella 2 l.,"1,90 €","0,95 €/l",https://www.carrefour.es/supermercado/kas-naranja-botella-2-l/R-VC4AECOMM-398680/p,https://static.carrefour.es/hd_350x_/img_pim_food/398680_00_1.jpg,Disponible
08-04-2025,20:50:26,Bebidas,Cerveza Leffe Brune negra botella 33 cl.,"2,19 €","6,64 €/l",https://www.carrefour.es/supermercado/cerveza-leffe-brune-negra-botella-33-cl/R-520661173/p,https://static.carrefour.es/hd_350x_/img_pim_food/037082_00_1.jpg,Disponible
08-04-2025,20:50:26,Bebidas,Cerveza tostada extra San Miguel Selecta lata 33 cl.,"1,10 €","3,33 €/l",https://www.carrefour.es/supermercado/cerveza-tostada-extra-san-miguel-selecta-lata-33-cl/R-520661136/p,https://static.carrefour.es/hd_350x_/img_pim_food/761122_00_1.jpg,Disponible
08-04-2025,20:50:26,Bebidas,Néctar de pera Granini Selección botella 1 l.,"2,95 €","2,95 €/l",https://www.carrefour.es/supermercado/nectar-de-pera-granini-seleccion-botella-1-l/R-520660961/p,https://static.carrefour.es/hd_350x_/img_pim_food/020866_00_1.jpg,Agotado temporalmente
08-04-2025,20:50:26,Bebidas,"Cerveza Heineken Lager 0,0 alcohol pack 12 latas 33 cl.","10,45 €","2,64 €/l",https://www.carrefour.es/supermercado/cerveza-heineken-lager-00-alcohol-pack-12-latas-33-cl/R-prod780137/p,https://static.carrefour.es/hd_350x_/img_pim_food/864274_00_1.jpg,Agotado temporalmente
08-04-2025,20:50:26,Bebidas,Cerveza Grimbergen blonde botella 33 cl.,"2,15 €","6,52 €/l",https://www.carrefour.es/supermercado/cerveza-grimbergen-blonde-botella-33-cl/R-679601863/p,https://static.carrefour.es/hd_350x_/img_pim_food/269012_00_1.jpg,Disponible
08-04-2025,20:50:26,Bebidas,Crema irlandesa Baileys 70 cl.,"16,59 €","23,70 €/l",https://www.carrefour.es/supermercado/crema-irlandesa-baileys-70-cl/R-520663106/p,https://static.carrefour.es/hd_350x_/img_pim_food/000371_00_1.jpg,Disponible
08-04-2025,20:50:26,Bebidas,Cerveza Alhambra Reserva 1925 pack de 12 botellas de 33 cl.,"15,85 €",4 €/l,https://www.carrefour.es/supermercado/cerveza-alhambra-reserva-1925-pack-de-12-botellas-de-33-cl/R-521028210/p,https://static.carrefour.es/hd_350x_/img_pim_food/587130_00_1.jpg,Disponible
08-04-2025,20:50:26,Bebidas,Fanta de limón pack 9 latas 33 cl.,"6,95 €","2,34 €/l",https://www.carrefour.es/supermercado/fanta-de-limon-pack-9-latas-33-cl/R-678501899/p,https://static.carrefour.es/hd_350x_/img_pim_food/049303_00_1.jpg,Disponible
08-04-2025,20:50:26,Bebidas,"Té verde Carrefour Classic 1,5 l.","0,99 €","0,66 €/l",https://www.carrefour.es/supermercado/te-verde-carrefour-classic-15-l/R-VC4AECOMM-506475/p,https://static.carrefour.es/hd_350x_/img_pim_food/506475_00_1.jpg,Disponible
08-04-2025,20:50:26,Bebidas,"Carrefour Sensation Isofresh bebida isotónica blue botella 1,5 l.","1,57 €","1,05 €/l",https://www.carrefour.es/supermercado/carrefour-sensation-isofresh-bebida-isotonica-blue-botella-15-l/R-VC4AECOMM-547116/p,https://static.carrefour.es/hd_350x_/img_pim_food/547116_00_1.jpg,Disponible
08-04-2025,20:50:26,Bebidas,Vino tinto joven Fuenteviña Tirilla Vendimia Seleccionada 75 cl.,"1,46 €","1,95 €/l",https://www.carrefour.es/supermercado/vino-tinto-joven-fuentevina-tirilla-vendimia-seleccionada-75-cl/R-prod90285/p,https://static.carrefour.es/hd_350x_/img_pim_food/936335_00_1.jpg,Disponible
08-04-2025,20:50:26,Bebidas,Coca Cola light pack 9 latas 33 cl.,"8,10 €","2,73 €/l",https://www.carrefour.es/supermercado/coca-cola-light-pack-9-latas-33-cl/R-733411778/p,https://static.carrefour.es/hd_350x_/img_pim_food/454946_00_1.jpg,Disponible
08-04-2025,20:50:26,Bebidas,"Zumo de frutas del bosque Sunny Delight Blue botella 1,25 l.","2,15 €","1,72 €/l",https://www.carrefour.es/supermercado/zumo-de-frutas-del-bosque-sunny-delight-blue-botella-125-l/R-prod120336/p,https://static.carrefour.es/hd_350x_/img_pim_food/227239_00_1.jpg,Disponible
08-04-2025,20:51:07,Bebidas,7UP Zero de lima-limón sin azúcar pack 9 latas 33 cl.,"4,95 €","1,67 €/l",https://www.carrefour.es/supermercado/7up-zero-de-lima-limon-sin-azucar-pack-9-latas-33-cl/R-VC4AECOMM-287894/p,https://static.carrefour.es/hd_350x_/img_pim_food/287894_00_1.jpg,Disponible
08-04-2025,20:51:07,Bebidas,Coca Cola light pack 2 botellas 2 l.,4 €,1 €/l,https://www.carrefour.es/supermercado/coca-cola-light-pack-2-botellas-2-l/R-530604664/p,https://static.carrefour.es/hd_350x_/img_pim_food/481168_00_1.jpg,Disponible
08-04-2025,20:51:07,Bebidas,Monster Ultra Bebida Energética pack 4 latas 50 cl.,"6,68 €","3,34 €/l",https://www.carrefour.es/supermercado/monster-ultra-bebida-energetica-pack-4-latas-50-cl/R-prod690110/p,https://static.carrefour.es/hd_350x_/img_pim_food/847308_00_1.jpg,Disponible
08-04-2025,20:51:07,Bebidas,"Vermut Martini rojo 1,5 l.","14,54 €","9,69 €/l",https://www.carrefour.es/supermercado/vermut-martini-rojo-15-l/R-546306884/p,https://static.carrefour.es/hd_350x_/img_pim_food/529606_00_1.jpg,Disponible
08-04-2025,20:51:07,Bebidas,Cerveza El Alcázar botella 33 cl.,"1,27 €","3,85 €/l",https://www.carrefour.es/supermercado/cerveza-el-alcazar-botella-33-cl/R-VC4AECOMM-034625/p,https://static.carrefour.es/hd_350x_/img_pim_food/034625_00_1.jpg,Disponible
08-04-2025,20:51:07,Bebidas,"Refresco Carrefour Classic sabor fresa botella 1,5 l.","1,41 €","0,94 €/l",https://www.carrefour.es/supermercado/refresco-carrefour-classic-sabor-fresa-botella-15-l/R-812922914/p,https://static.carrefour.es/hd_350x_/img_pim_food/942192_00_1.jpg,Disponible
08-04-2025,20:51:07,Bebidas,Cerveza Franziskaner Weissbier sin alcohol botella 50 cl.,"1,79 €","3,58 €/l",https://www.carrefour.es/supermercado/cerveza-franziskaner-weissbier-sin-alcohol-botella-50-cl/R-629301968/p,https://static.carrefour.es/hd_350x_/img_pim_food/806031_00_1.jpg,Disponible
08-04-2025,20:51:07,Bebidas,Coca Cola sabor vanilla lata 33 cl.,"2,05 €","6,21 €/l",https://www.carrefour.es/supermercado/coca-cola-sabor-vanilla-lata-33-cl/R-794526837/p,https://static.carrefour.es/hd_350x_/img_pim_food/894273_00_1.jpg,Disponible
08-04-2025,20:51:07,Bebidas,Royal Bliss yuzu zero lata 25 cl.,"0,80 €","3,20 €/l",https://www.carrefour.es/supermercado/royal-bliss-yuzu-zero-lata-25-cl/R-VC4AECOMM-377983/p,https://static.carrefour.es/hd_350x_/img_pim_food/377983_00_1.jpg,Disponible
08-04-2025,20:51:07,Bebidas,"Coca Cola zero azúcar pack 4 botellas 1,25 l.","5,59 €","1,12 €/l",https://www.carrefour.es/supermercado/coca-cola-zero-azucar-pack-4-botellas-125-l/R-VC4AECOMM-500142/p,https://static.carrefour.es/hd_350x_/img_pim_food/500142_00_1.jpg,Disponible
08-04-2025,20:51:07,Bebidas,Cerveza Inedit Damm malta botella 33 cl.,"1,84 €","5,58 €/l",https://www.carrefour.es/supermercado/cerveza-inedit-damm-malta-botella-33-cl/R-788499255/p,https://static.carrefour.es/hd_350x_/img_pim_food/883047_00_1.jpg,Disponible
08-04-2025,20:51:07,Bebidas,Néctar de pomelo rosa Granini Selección botella 1 l.,"2,95 €","2,95 €/l",https://www.carrefour.es/supermercado/nectar-de-pomelo-rosa-granini-seleccion-botella-1-l/R-520660959/p,https://static.carrefour.es/hd_350x_/img_pim_food/151649_00_1.jpg,Disponible
08-04-2025,20:51:07,Bebidas,Cerveza San Miguel Magna golden lager lata 33 cl.,"0,87 €","2,64 €/l",https://www.carrefour.es/supermercado/cerveza-san-miguel-magna-golden-lager-lata-33-cl/R-fprod1180063/p,https://static.carrefour.es/hd_350x_/img_pim_food/218188_00_1.jpg,Disponible
08-04-2025,20:51:07,Bebidas,Vino tinto Viña Lobón botella 75 cl.,"2,39 €","2,39 €/ud",https://www.carrefour.es/supermercado/vino-tinto-vina-lobon-botella-75-cl/R-803403858/p,https://static.carrefour.es/hd_350x_/img_pim_food/913296_00_1.jpg,Disponible
08-04-2025,20:51:07,Bebidas,Vino D.O. Valdepeñas Rosado tempranillo Viña Lobón 75 cl.,"1,68 €","1,68 €/ud",https://www.carrefour.es/supermercado/vino-do-valdepenas-rosado-tempranillo-vina-lobon-75-cl/R-prod212112/p,https://static.carrefour.es/hd_350x_/img_pim_food/267925_00_1.jpg,Disponible
08-04-2025,20:51:07,Bebidas,"Fanta de frambuesa Zero botella 1,25 l.","1,62 €","1,30 €/l",https://www.carrefour.es/supermercado/fanta-de-frambuesa-zero-botella-125-l/R-VC4AECOMM-416937/p,https://static.carrefour.es/hd_350x_/img_pim_food/416937_00_1.jpg,Disponible
08-04-2025,20:51:07,Bebidas,Powerade Ice Storm Zero bebida isotónica botella 50 cl.,"1,62 €","3,24 €/l",https://www.carrefour.es/supermercado/powerade-ice-storm-zero-bebida-isotonica-botella-50-cl/R-prod60724/p,https://static.carrefour.es/hd_350x_/img_pim_food/210192_00_1.jpg,Disponible
08-04-2025,20:51:07,Bebidas,Vino tinto roble tempranillo Enrique I D.O. Ribera de Duero 75 cl.,"4,45 €","4,45 €/ud",https://www.carrefour.es/supermercado/vino-tinto-roble-tempranillo-enrique-i-do-ribera-de-duero-75-cl/R-prod1010216/p,https://static.carrefour.es/hd_350x_/img_pim_food/091582_00_1.jpg,Disponible
08-04-2025,20:51:07,Bebidas,Cerveza Daura Marzen Lager sin gluten botella 33 cl.,"1,54 €","4,67 €/l",https://www.carrefour.es/supermercado/cerveza-daura-marzen-lager-sin-gluten-botella-33-cl/R-801540513/p,https://static.carrefour.es/hd_350x_/img_pim_food/909933_00_1.jpg,Disponible
08-04-2025,20:51:07,Bebidas,Zumo tropical Innocent botella 900 ml.,"3,19 €","3,54 €/l",https://www.carrefour.es/supermercado/zumo-tropical-innocent-botella-900-ml/R-VC4AECOMM-658509/p,https://static.carrefour.es/hd_350x_/img_pim_food/658509_00_1.jpg,Disponible
08-04-2025,20:51:07,Bebidas,Refresco de limón con gas Kas 2 l.,"1,75 €","0,87 €/l",https://www.carrefour.es/supermercado/refresco-de-limon-con-gas-kas-2-l/R-520660572/p,https://static.carrefour.es/hd_350x_/img_pim_food/000083_00_1.jpg,Disponible
08-04-2025,20:51:07,Bebidas,Eneryeti Freshyeti sabor plátano Bebida Energética lata 50 cl.,"1,19 €","2,38 €/l",https://www.carrefour.es/supermercado/eneryeti-freshyeti-sabor-platano-bebida-energetica-lata-50-cl/R-VC4AECOMM-190540/p,https://static.carrefour.es/hd_350x_/img_pim_food/190540_00_1.jpg,Disponible
08-04-2025,20:51:07,Bebidas,"Tinto de verano clásico sin alcohol La Casera botella 1,5 l.","2,55 €","1,70 €/l",https://www.carrefour.es/supermercado/tinto-de-verano-clasico-sin-alcohol-la-casera-botella-15-l/R-774909695/p,https://static.carrefour.es/hd_350x_/img_pim_food/783156_00_1.jpg,Disponible
08-04-2025,20:51:07,Bebidas,Vino tinto crianza tempranillo 3 Reinos D.O. Ribera del Duero 75 cl.,"4,39 €","4,39 €/ud",https://www.carrefour.es/supermercado/vino-tinto-crianza-tempranillo-3-reinos-do-ribera-del-duero-75-cl/R-fprod1190255/p,https://static.carrefour.es/hd_350x_/img_pim_food/236233_00_1.jpg,Disponible
08-04-2025,20:51:49,Bebidas,Ginger Beer Fever-Tree Premium botella 20 cl.,"1,83 €","9,15 €/l",https://www.carrefour.es/supermercado/ginger-beer-fever-tree-premium-botella-20-cl/R-VC4AECOMM-249324/p,https://static.carrefour.es/hd_350x_/img_pim_food/249324_00_1.jpg,Disponible
08-04-2025,20:51:49,Bebidas,Zumo de piña y coco Carrefour botella 250 ml,"1,75 €",7 €/l,https://www.carrefour.es/supermercado/zumo-de-pina-y-coco-carrefour-botella-250-ml/R-VC4AECOMM-631620/p,https://static.carrefour.es/hd_350x_/img_pim_food/631620_00_1.jpg,Disponible
08-04-2025,20:51:49,Bebidas,Zumo de fruta y leche Carrefour Tropical sin lactosa pack de 6 briks de 20 cl.,"2,25 €","1,87 €/l",https://www.carrefour.es/supermercado/zumo-de-fruta-y-leche-carrefour-tropical-sin-lactosa-pack-de-6-briks-de-20-cl/R-prod570182/p,https://static.carrefour.es/hd_350x_/img_pim_food/837366_00_1.jpg,Disponible
08-04-2025,20:51:49,Bebidas,"Zumo de melocotón, manzana y uva Don Simón pack de 6 briks de 20 cl.","2,09 €","1,74 €/l",https://www.carrefour.es/supermercado/zumo-de-melocoton-manzana-y-uva-don-simon-pack-de-6-briks-de-20-cl/R-520660830/p,https://static.carrefour.es/hd_350x_/img_pim_food/500997_00_1.jpg,Disponible
08-04-2025,20:51:49,Bebidas,Whisky John Cor 70 cl.,"10,45 €","14,93 €/l",https://www.carrefour.es/supermercado/whisky-john-cor-70-cl/R-VC4AECOMM-652867/p,https://static.carrefour.es/hd_350x_/img_pim_food/652867_00_1.jpg,Disponible
08-04-2025,20:51:49,Bebidas,Coca Cola pack de 4 botellas de 20 cl.,"4,32 €","5,40 €/l",https://www.carrefour.es/supermercado/coca-cola-pack-de-4-botellas-de-20-cl/R-VC4AECOMM-434683/p,https://static.carrefour.es/hd_350x_/img_pim_food/434683_00_1.jpg,Disponible
08-04-2025,20:51:49,Bebidas,Cerveza Estrella Galicia especial botella 66 cl.,"2,25 €","3,41 €/l",https://www.carrefour.es/supermercado/cerveza-estrella-galicia-especial-botella-66-cl/R-fprod1460093/p,https://static.carrefour.es/hd_350x_/img_pim_food/387462_00_1.jpg,Disponible
08-04-2025,20:51:49,Bebidas,Bebida energética Carrefour Energy sabor tropical 50 cl.,"0,98 €","1,96 €/l",https://www.carrefour.es/supermercado/bebida-energetica-carrefour-energy-sabor-tropical-50-cl/R-prod620185/p,https://static.carrefour.es/hd_350x_/img_pim_food/841806_00_1.jpg,Disponible
08-04-2025,20:51:49,Bebidas,Zumo de manzana Don Simón brik 1 l.,"1,64 €","1,64 €/l",https://www.carrefour.es/supermercado/zumo-de-manzana-don-simon-brik-1-l/R-520660820/p,https://static.carrefour.es/hd_350x_/img_pim_food/040240_00_1.jpg,Disponible
08-04-2025,20:51:49,Bebidas,Zumo de naranja con pulpa ecológico Carrefour Bio brik 1 l.,"2,79 €","2,79 €/l",https://www.carrefour.es/supermercado/zumo-de-naranja-con-pulpa-ecologico-carrefour-bio-brik-1-l/R-VC4AECOMM-438487/p,https://static.carrefour.es/hd_350x_/img_pim_food/438487_00_1.jpg,Disponible
08-04-2025,20:51:49,Bebidas,Sidra La Asturiana 75 cl.,"1,81 €","2,41 €/l",https://www.carrefour.es/supermercado/sidra-la-asturiana-75-cl/R-VC4AECOMM-602466/p,https://static.carrefour.es/hd_350x_/img_pim_food/602466_00_1.jpg,Disponible
08-04-2025,20:51:49,Bebidas,Gaseosa La Casera limón 0% calorías y azucares lata 33 cl.,"0,70 €","2,12 €/l",https://www.carrefour.es/supermercado/gaseosa-la-casera-limon-0-calorias-y-azucares-lata-33-cl/R-VC4AECOMM-668695/p,https://static.carrefour.es/hd_350x_/img_pim_food/668695_00_1.jpg,Disponible
08-04-2025,20:51:49,Bebidas,Té verde fermentado con concentrado de fresa y arándano ecológico Carrefour Bio 250 ml.,"2,45 €","9,80 €/l",https://www.carrefour.es/supermercado/te-verde-fermentado-con-concentrado-de-fresa-y-arandano-ecologico-carrefour-bio-250-ml/R-VC4AECOMM-337693/p,https://static.carrefour.es/hd_350x_/img_pim_food/337693_00_1.jpg,Disponible
08-04-2025,20:51:49,Bebidas,Licor de hierbas Jagermeister 70 cl.,"14,69 €","20,99 €/l",https://www.carrefour.es/supermercado/licor-de-hierbas-jagermeister-70-cl/R-prod4440003/p,https://static.carrefour.es/hd_350x_/img_pim_food/029606_00_1.jpg,Disponible
08-04-2025,20:51:49,Bebidas,Estuche de 2 botellas de vino tinto crianza 75 cl. + 1 botella de vino tinto crianza El Coto D.O. Ca. Rioja 50 cl.,"14,29 €","14,29 €/ud",https://www.carrefour.es/supermercado/estuche-de-2-botellas-de-vino-tinto-crianza-75-cl-1-botella-de-vino-tinto-crianza-el-coto-do-ca-rioja-50-cl/R-693502443/p,https://static.carrefour.es/hd_350x_/img_pim_food/090378_00_1.jpg,Disponible
08-04-2025,20:51:49,Bebidas,Kombucha dragon lemonade Flax & Kale lata 33 cl.,"2,79 €","8,45 €/l",https://www.carrefour.es/supermercado/kombucha-dragon-lemonade-flax-kale-lata-33-cl/R-VC4AECOMM-405928/p,https://static.carrefour.es/hd_350x_/img_pim_food/405928_00_1.jpg,Disponible
08-04-2025,20:51:49,Bebidas,Vino tinto reserva Estola D.O. La Mancha 75 cl.,"4,45 €","4,45 €/ud",https://www.carrefour.es/supermercado/vino-tinto-reserva-estola-do-la-mancha-75-cl/R-520662815/p,https://static.carrefour.es/hd_350x_/img_pim_food/548859_00_1.jpg,Disponible
08-04-2025,20:51:49,Bebidas,Cerveza Mahou 5 Estrellas Radler con zumo natural de limón lata 33 cl.,"0,82 €","2,48 €/l",https://www.carrefour.es/supermercado/cerveza-mahou-5-estrellas-radler-con-zumo-natural-de-limon-lata-33-cl/R-prod810734/p,https://static.carrefour.es/hd_350x_/img_pim_food/226464_00_1.jpg,Disponible
08-04-2025,20:51:49,Bebidas,Limon&Nada sin gas Minute Maid botella 1 l.,"1,81 €","1,81 €/l",https://www.carrefour.es/supermercado/limonnada-sin-gas-minute-maid-botella-1-l/R-520660638/p,https://static.carrefour.es/hd_350x_/img_pim_food/724568_00_1.jpg,Disponible
08-04-2025,20:51:49,Bebidas,Cerveza Budweiser Lager botella 33 cl.,"1,78 €","5,39 €/l",https://www.carrefour.es/supermercado/cerveza-budweiser-lager-botella-33-cl/R-520661191/p,https://static.carrefour.es/hd_350x_/img_pim_food/007333_00_1.jpg,Disponible
08-04-2025,20:51:49,Bebidas,Kas narajanja pack de 2 botellas de 2 l.,"3,45 €","0,86 €/l",https://www.carrefour.es/supermercado/kas-narajanja-pack-de-2-botellas-de-2-l/R-VC4AECOMM-398658/p,https://static.carrefour.es/hd_350x_/img_pim_food/398658_00_1.jpg,Disponible
08-04-2025,20:51:49,Bebidas,Tónica Royal Bliss berry sensation botella 20 cl.,"1,25 €","6,25 €/l",https://www.carrefour.es/supermercado/tonica-royal-bliss-berry-sensation-botella-20-cl/R-prod1022375/p,https://static.carrefour.es/hd_350x_/img_pim_food/098862_00_1.jpg,Disponible
08-04-2025,20:51:49,Bebidas,Bebida multifrutas Granini sin azúcares añadidos botella 1 l.,"3,19 €","3,19 €/l",https://www.carrefour.es/supermercado/bebida-multifrutas-granini-sin-azucares-anadidos-botella-1-l/R-VC4AECOMM-050313/p,https://static.carrefour.es/hd_350x_/img_pim_food/050313_00_1.jpg,Disponible
08-04-2025,20:51:49,Bebidas,Vino tinto reserva tempranillo Coto de Imaz D.O.Ca. Rioja 75 cl.,"8,85 €","8,85 €/ud",https://www.carrefour.es/supermercado/vino-tinto-reserva-tempranillo-coto-de-imaz-doca-rioja-75-cl/R-520662504/p,https://static.carrefour.es/hd_350x_/img_pim_food/236936_00_1.jpg,Disponible
08-04-2025,20:52:32,Bebidas,Kombucha piña colada ecológico Komvida 25 cl.,"2,79 €","11,16 €/l",https://www.carrefour.es/supermercado/kombucha-pina-colada-ecologico-komvida-25-cl/R-VC4AECOMM-045881/p,https://static.carrefour.es/hd_350x_/img_pim_food/045881_00_1.jpg,Disponible
08-04-2025,20:52:32,Bebidas,La Casera sabor cola lata 33 cl.,"0,65 €","1,97 €/l",https://www.carrefour.es/supermercado/la-casera-sabor-cola-lata-33-cl/R-589701676/p,https://static.carrefour.es/hd_350x_/img_pim_food/029588_00_1.jpg,Disponible
08-04-2025,20:52:32,Bebidas,Vino dulce Carrefour Pedro Ximenez D.O.Jerez-Xérés-Sherry 75 cl.,"5,99 €","5,99 €/ud",https://www.carrefour.es/supermercado/vino-dulce-carrefour-pedro-ximenez-dojerez-xeres-sherry-75-cl/R-VC4AECOMM-501502/p,https://static.carrefour.es/hd_350x_/img_pim_food/501502_00_1.jpg,Disponible
08-04-2025,20:52:32,Bebidas,"Fuze Tea limón pack 2 botellas 1,5 l.","3,89 €","1,30 €/l",https://www.carrefour.es/supermercado/fuze-tea-limon-pack-2-botellas-15-l/R-VC4AECOMM-529623/p,https://static.carrefour.es/hd_350x_/img_pim_food/529623_00_1.jpg,Disponible
08-04-2025,20:52:32,Bebidas,Monster Energy Green Bebida Energética pack de 4 latas 50 cl.,"6,69 €","3,34 €/l",https://www.carrefour.es/supermercado/monster-energy-green-bebida-energetica-pack-de-4-latas-50-cl/R-715626956/p,https://static.carrefour.es/hd_350x_/img_pim_food/488778_00_1.jpg,Disponible
08-04-2025,20:52:32,Bebidas,"Trina de limón sin gas zero botella 1,5 l.","1,84 €","1,23 €/l",https://www.carrefour.es/supermercado/trina-de-limon-sin-gas-zero-botella-15-l/R-768607103/p,https://static.carrefour.es/hd_350x_/img_pim_food/776859_00_1.jpg,Disponible
08-04-2025,20:52:32,Bebidas,Cerveza rubia Amstel pack 6 botellas 25 cl.,"3,15 €","2,10 €/l",https://www.carrefour.es/supermercado/cerveza-rubia-amstel-pack-6-botellas-25-cl/R-521011813/p,https://static.carrefour.es/hd_350x_/img_pim_food/000138_00_1.jpg,Agotado temporalmente
08-04-2025,20:52:32,Bebidas,Whisky Ballantines finest 1 l.,"18,79 €","18,79 €/l",https://www.carrefour.es/supermercado/whisky-ballantines-finest-1-l/R-521028099/p,https://static.carrefour.es/hd_350x_/img_pim_food/237788_00_1.jpg,Disponible
08-04-2025,20:52:32,Bebidas,Vino rosado Clarete Carrizal D.O.Ca Rioja 75 cl.,"3,20 €","3,20 €/ud",https://www.carrefour.es/supermercado/vino-rosado-clarete-carrizal-doca-rioja-75-cl/R-795768689/p,https://static.carrefour.es/hd_350x_/img_pim_food/895523_00_1.jpg,Disponible
08-04-2025,20:52:32,Bebidas,Zumo de piña 100% Premium Granini botella 1 l.,"3,15 €","3,15 €/l",https://www.carrefour.es/supermercado/zumo-de-pina-100-premium-granini-botella-1-l/R-fprod1190404/p,https://static.carrefour.es/hd_350x_/img_pim_food/241919_00_1.jpg,Disponible
08-04-2025,20:52:32,Bebidas,Monster Energy Juiced Monarch Bebida Energética lata 50 cl.,"1,95 €","3,90 €/l",https://www.carrefour.es/supermercado/monster-energy-juiced-monarch-bebida-energetica-lata-50-cl/R-prod74647/p,https://static.carrefour.es/hd_350x_/img_pim_food/306736_00_1.jpg,Disponible
08-04-2025,20:52:32,Bebidas,Vino tinto tempranillo Viña Espolón  D.O.Ca. Rioja 75 cl.,"4,79 €","4,79 €/ud",https://www.carrefour.es/supermercado/vino-tinto-tempranillo-vina-espolon-doca-rioja-75-cl/R-fprod1320045/p,https://static.carrefour.es/hd_350x_/img_pim_food/334208_00_1.jpg,Disponible
08-04-2025,20:52:32,Bebidas,Vino blanco crianza sobre lías verdejo Cuatro Rayas D.O. Rueda 75 cl.,"7,89 €","7,89 €/ud",https://www.carrefour.es/supermercado/vino-blanco-crianza-sobre-lias-verdejo-cuatro-rayas-do-rueda-75-cl/R-prod220871/p,https://static.carrefour.es/hd_350x_/img_pim_food/269497_00_1.jpg,Disponible
08-04-2025,20:52:32,Bebidas,Whisky J&B escocés 1 l.,"18,05 €","18,05 €/l",https://www.carrefour.es/supermercado/whisky-jb-escoces-1-l/R-521028299/p,https://static.carrefour.es/hd_350x_/img_pim_food/235444_00_1.jpg,Disponible
08-04-2025,20:52:32,Bebidas,Vino D.O. Ribera del Duero tinto Tres Reinos 75 cl.,"3,79 €","3,79 €/ud",https://www.carrefour.es/supermercado/vino-do-ribera-del-duero-tinto-tres-reinos-75-cl/R-fprod1190215/p,https://static.carrefour.es/hd_350x_/img_pim_food/235836_00_1.jpg,Disponible
08-04-2025,20:52:32,Bebidas,Vermut Cinzano rojo 1 l.,"7,79 €","7,79 €/l",https://www.carrefour.es/supermercado/vermut-cinzano-rojo-1-l/R-prod330233/p,https://static.carrefour.es/hd_350x_/img_pim_food/000276_00_1.jpg,Disponible
08-04-2025,20:52:32,Bebidas,Kombucha de mango ecológico KomVida sin gluten botella 25 cl.,"2,79 €","11,16 €/l",https://www.carrefour.es/supermercado/kombucha-de-mango-ecologico-komvida-sin-gluten-botella-25-cl/R-VC4AECOMM-418499/p,https://static.carrefour.es/hd_350x_/img_pim_food/418499_00_1.jpg,Disponible
08-04-2025,20:52:32,Bebidas,Vino blanco verdejo Apoteosis D.O. Rueda 75 cl.,"2,79 €","2,79 €/ud",https://www.carrefour.es/supermercado/vino-blanco-verdejo-apoteosis-do-rueda-75-cl/R-788499221/p,https://static.carrefour.es/hd_350x_/img_pim_food/883029_00_1.jpg,Disponible
08-04-2025,20:52:32,Bebidas,Zumo de zanahoria ecológico Carrefour Bio botella 750 ml.,"2,49 €","3,32 €/l",https://www.carrefour.es/supermercado/zumo-de-zanahoria-ecologico-carrefour-bio-botella-750-ml/R-fprod1280620/p,https://static.carrefour.es/hd_350x_/img_pim_food/331210_00_1.jpg,Disponible
08-04-2025,20:52:32,Bebidas,Sidra Kopparberg Premium sabor fresa y lima lata 50 cl.,"2,49 €","4,98 €/l",https://www.carrefour.es/supermercado/sidra-kopparberg-premium-sabor-fresa-y-lima-lata-50-cl/R-762342240/p,https://static.carrefour.es/hd_350x_/img_pim_food/770967_00_1.jpg,Disponible
08-04-2025,20:52:32,Bebidas,"Zumo California Sunny Delight 1,25 l.","2,15 €","1,72 €/l",https://www.carrefour.es/supermercado/zumo-california-sunny-delight-125-l/R-715627914/p,https://static.carrefour.es/hd_350x_/img_pim_food/489202_00_1.jpg,Disponible
08-04-2025,20:52:32,Bebidas,"Ginebra Beefeater 1,5 l.","28,30 €","18,87 €/l",https://www.carrefour.es/supermercado/ginebra-beefeater-15-l/R-804031113/p,https://static.carrefour.es/hd_350x_/img_pim_food/577278_00_1.jpg,Disponible
08-04-2025,20:52:32,Bebidas,Cerveza Estrella Galicia sin gluten pack de 6 botellas de 25 cl.,"4,09 €","2,73 €/l",https://www.carrefour.es/supermercado/cerveza-estrella-galicia-sin-gluten-pack-de-6-botellas-de-25-cl/R-VC4AECOMM-331067/p,https://static.carrefour.es/hd_350x_/img_pim_food/331067_00_1.jpg,Disponible
08-04-2025,20:52:32,Bebidas,Vino tinto roble tempranillo Cune D.O. Ribera del Duero 75 cl.,"8,65 €","8,65 €/ud",https://www.carrefour.es/supermercado/vino-tinto-roble-tempranillo-cune-do-ribera-del-duero-75-cl/R-694303867/p,https://static.carrefour.es/hd_350x_/img_pim_food/092804_00_1.jpg,Disponible
08-04-2025,20:53:13,Bebidas,"Trina de limón sin gas botella 1,5 l.","1,77 €","1,18 €/l",https://www.carrefour.es/supermercado/trina-de-limon-sin-gas-botella-15-l/R-520660618/p,https://static.carrefour.es/hd_350x_/img_pim_food/000073_00_1.jpg,Disponible
08-04-2025,20:53:13,Bebidas,Ginebra Tanqueray 70 cl.,"16,49 €","23,56 €/l",https://www.carrefour.es/supermercado/ginebra-tanqueray-70-cl/R-521028342/p,https://static.carrefour.es/hd_350x_/img_pim_food/000325_00_1.jpg,Disponible
08-04-2025,20:53:13,Bebidas,Vino tinto reserva Gran Vendema D.O.Ca. Rioja 75 cl.,"6,65 €","6,65 €/ud",https://www.carrefour.es/supermercado/vino-tinto-reserva-gran-vendema-doca-rioja-75-cl/R-prod890170/p,https://static.carrefour.es/hd_350x_/img_pim_food/035928_00_1.jpg,Disponible
08-04-2025,20:53:13,Bebidas,Pepsi pack de 12 latas de 33 cl.,"8,99 €","2,27 €/l",https://www.carrefour.es/supermercado/pepsi-pack-de-12-latas-de-33-cl/R-521008354/p,https://static.carrefour.es/hd_350x_/img_pim_food/343406_00_1.jpg,Disponible
08-04-2025,20:53:13,Bebidas,Cava Jaume Serra brut nature 75 cl.,"4,25 €","4,25 €/ud",https://www.carrefour.es/supermercado/cava-jaume-serra-brut-nature-75-cl/R-521009214/p,https://static.carrefour.es/hd_350x_/img_pim_food/121300_00_1.jpg,Disponible
08-04-2025,20:53:13,Bebidas,Zumo de melocotón y uva ecológico Carrefour Bio brik 1 l.,"2,55 €","2,55 €/l",https://www.carrefour.es/supermercado/zumo-de-melocoton-y-uva-ecologico-carrefour-bio-brik-1-l/R-521015875/p,https://static.carrefour.es/hd_350x_/img_pim_food/040659_00_1.jpg,Disponible
08-04-2025,20:53:13,Bebidas,Tónica Schweppes pomelo y baya del Nepal botella 20 cl,"1,89 €","9,45 €/l",https://www.carrefour.es/supermercado/tonica-schweppes-pomelo-y-baya-del-nepal-botella-20-cl/R-VC4AECOMM-060043/p,https://static.carrefour.es/hd_350x_/img_pim_food/060043_00_1.jpg,Disponible
08-04-2025,20:53:13,Bebidas,Vino D.O. Montilla-Moriles fino Deley 75 cl.,"3,29 €","3,29 €/ud",https://www.carrefour.es/supermercado/vino-do-montilla-moriles-fino-deley-75-cl/R-521010464/p,https://static.carrefour.es/hd_350x_/img_pim_food/602618_00_1.jpg,Disponible
08-04-2025,20:53:13,Bebidas,Cerveza Alhambra especial sin alcohol botella 1 l.,"1,89 €","1,89 €/l",https://www.carrefour.es/supermercado/cerveza-alhambra-especial-sin-alcohol-botella-1-l/R-526600820/p,https://static.carrefour.es/hd_350x_/img_pim_food/618750_00_1.jpg,Disponible
08-04-2025,20:53:13,Bebidas,Néctar de piña Juver brik 2 l.,"2,05 €","1,02 €/l",https://www.carrefour.es/supermercado/nectar-de-pina-juver-brik-2-l/R-636501709/p,https://static.carrefour.es/hd_350x_/img_pim_food/260403_00_1.jpg,Disponible
08-04-2025,20:53:13,Bebidas,Bebida de fruta de naranja y mango con extracto de guaraná Juver brik 33 cl.,"1,22 €","3,70 €/l",https://www.carrefour.es/supermercado/bebida-de-fruta-de-naranja-y-mango-con-extracto-de-guarana-juver-brik-33-cl/R-520660963/p,https://static.carrefour.es/hd_350x_/img_pim_food/345889_00_1.jpg,Disponible
08-04-2025,20:53:13,Bebidas,Vino lambrusco rosato Signoria Dei Duchi 75 cl.,"5,05 €","5,05 €/ud",https://www.carrefour.es/supermercado/vino-lambrusco-rosato-signoria-dei-duchi-75-cl/R-VC4AECOMM-185958/p,https://static.carrefour.es/hd_350x_/img_pim_food/185958_00_1.jpg,Disponible
08-04-2025,20:53:13,Bebidas,Vino tinto roble tinto fino Dominio de Nogara D.O. Ribera del Duero 75 cl.,"11,65 €","11,65 €/ud",https://www.carrefour.es/supermercado/vino-tinto-roble-tinto-fino-dominio-de-nogara-do-ribera-del-duero-75-cl/R-fprod1200276/p,https://static.carrefour.es/hd_350x_/img_pim_food/254601_00_1.jpg,Disponible
08-04-2025,20:53:13,Bebidas,Cerveza Ambar Radler Lager premium botella 33 cl.,"1,35 €","4,09 €/l",https://www.carrefour.es/supermercado/cerveza-ambar-radler-lager-premium-botella-33-cl/R-842200630/p,https://static.carrefour.es/hd_350x_/img_pim_food/981889_00_1.jpg,Disponible
08-04-2025,20:53:13,Bebidas,Tónica Schweppes pink zero botella 1 l.,"2,15 €","2,15 €/l",https://www.carrefour.es/supermercado/tonica-schweppes-pink-zero-botella-1-l/R-VC4AECOMM-398640/p,https://static.carrefour.es/hd_350x_/img_pim_food/398640_00_1.jpg,Disponible
08-04-2025,20:53:13,Bebidas,Vino dulce joven malvar Dulce María D.O. Vinos de Madrid 75 cl.,"4,09 €","4,09 €/ud",https://www.carrefour.es/supermercado/vino-dulce-joven-malvar-dulce-maria-do-vinos-de-madrid-75-cl/R-704404143/p,https://static.carrefour.es/hd_350x_/img_pim_food/408572_00_1.jpg,Disponible
08-04-2025,20:53:13,Bebidas,Brandy Veterano 1 l.,"10,05 €","10,05 €/l",https://www.carrefour.es/supermercado/brandy-veterano-1-l/R-520662692/p,https://static.carrefour.es/hd_350x_/img_pim_food/256299_00_1.jpg,Disponible
08-04-2025,20:53:13,Bebidas,Reign Razzle Berry Bebida Energética sabor frambuesa lata 50 cl.,"2,19 €","4,38 €/l",https://www.carrefour.es/supermercado/reign-razzle-berry-bebida-energetica-sabor-frambuesa-lata-50-cl/R-VC4AECOMM-514811/p,https://static.carrefour.es/hd_350x_/img_pim_food/514811_00_1.jpg,Disponible
08-04-2025,20:53:13,Bebidas,"Zumo de melocotón, manzana y uva Don Simón brik 1 l.","1,64 €","1,64 €/l",https://www.carrefour.es/supermercado/zumo-de-melocoton-manzana-y-uva-don-simon-brik-1-l/R-520660803/p,https://static.carrefour.es/hd_350x_/img_pim_food/000102_00_1.jpg,Disponible
08-04-2025,20:53:13,Bebidas,"Trina de manzana sin gas zero botella 1,5 l.","1,84 €","1,23 €/l",https://www.carrefour.es/supermercado/trina-de-manzana-sin-gas-zero-botella-15-l/R-768503590/p,https://static.carrefour.es/hd_350x_/img_pim_food/776862_00_1.jpg,Disponible
08-04-2025,20:53:13,Bebidas,Cava blanco Bonaval brut D.O Cava 75 cl.,"3,65 €","3,65 €/ud",https://www.carrefour.es/supermercado/cava-blanco-bonaval-brut-do-cava-75-cl/R-673301789/p,https://static.carrefour.es/hd_350x_/img_pim_food/008548_00_1.jpg,Disponible
08-04-2025,20:53:13,Bebidas,Cerveza Mahou Maestra Dunkel lager oscura botella 33 cl.,"1,61 €","4,88 €/l",https://www.carrefour.es/supermercado/cerveza-mahou-maestra-dunkel-lager-oscura-botella-33-cl/R-prod970898/p,https://static.carrefour.es/hd_350x_/img_pim_food/061017_00_1.jpg,Disponible
08-04-2025,20:53:13,Bebidas,Don Simón té frío sabor limón sin calorías cero calorías lata 33 cl.,"0,63 €","1,91 €/l",https://www.carrefour.es/supermercado/don-simon-te-frio-sabor-limon-sin-calorias-cero-calorias-lata-33-cl/R-VC4AECOMM-405078/p,https://static.carrefour.es/hd_350x_/img_pim_food/405078_00_1.jpg,Disponible
08-04-2025,20:53:13,Bebidas,Sidra El Gaitero sin alcohol etiqueta verde sin gluten 75 cl.,"2,95 €","3,93 €/l",https://www.carrefour.es/supermercado/sidra-el-gaitero-sin-alcohol-etiqueta-verde-sin-gluten-75-cl/R-VC4AECOMM-423828/p,https://static.carrefour.es/hd_350x_/img_pim_food/423828_00_1.jpg,Disponible
08-04-2025,20:53:53,Bebidas,Fanta de naranja mini pack 6 latas 20 cl.,"3,75 €","3,12 €/l",https://www.carrefour.es/supermercado/fanta-de-naranja-mini-pack-6-latas-20-cl/R-VC4AECOMM-432265/p,https://static.carrefour.es/hd_350x_/img_pim_food/432265_00_1.jpg,Disponible
08-04-2025,20:53:53,Bebidas,Vino tinto barrica tempranillo tinta fina Yllera D.O. Ribera del Duero 75 cl.,"11,09 €","11,09 €/ud",https://www.carrefour.es/supermercado/vino-tinto-barrica-tempranillo-tinta-fina-yllera-do-ribera-del-duero-75-cl/R-VC4AECOMM-182920/p,https://static.carrefour.es/hd_350x_/img_pim_food/182920_00_1.jpg,Disponible
08-04-2025,20:53:53,Bebidas,Cava Bach Extrísimo brut nature 75 cl.,"5,55 €","5,55 €/ud",https://www.carrefour.es/supermercado/cava-bach-extrisimo-brut-nature-75-cl/R-520662165/p,https://static.carrefour.es/hd_350x_/img_pim_food/026550_00_1.jpg,Disponible
08-04-2025,20:53:53,Bebidas,Bebida de fruta de arándano rojo Carrefour Sensation brik 1 l.,"2,19 €","2,19 €/l",https://www.carrefour.es/supermercado/bebida-de-fruta-de-arandano-rojo-carrefour-sensation-brik-1-l/R-687502762/p,https://static.carrefour.es/hd_350x_/img_pim_food/078682_00_1.jpg,Disponible
08-04-2025,20:53:53,Bebidas,Brandy de Jerez Magno solera reserva 1 l.,"18,69 €","18,69 €/l",https://www.carrefour.es/supermercado/brandy-de-jerez-magno-solera-reserva-1-l/R-859516622/p,https://static.carrefour.es/hd_350x_/img_pim_food/679095_00_1.jpg,Disponible
08-04-2025,20:53:53,Bebidas,"Fuze Tea limón sin azúcar pack 2 botellas 1,5 l.","4,19 €","1,40 €/l",https://www.carrefour.es/supermercado/fuze-tea-limon-sin-azucar-pack-2-botellas-15-l/R-VC4AECOMM-529630/p,https://static.carrefour.es/hd_350x_/img_pim_food/529630_00_1.jpg,Disponible
08-04-2025,20:53:53,Bebidas,Tónica Fever-Tree Mediterranean botella 20 cl.,"1,83 €","9,15 €/l",https://www.carrefour.es/supermercado/tonica-fever-tree-mediterranean-botella-20-cl/R-VC4AECOMM-249270/p,https://static.carrefour.es/hd_350x_/img_pim_food/249270_00_1.jpg,Disponible
08-04-2025,20:53:53,Bebidas,Kas de limón pack de 2 botellas de 2 l.,"3,45 €","0,86 €/l",https://www.carrefour.es/supermercado/kas-de-limon-pack-de-2-botellas-de-2-l/R-526627350/p,https://static.carrefour.es/hd_350x_/img_pim_food/363343_00_1.jpg,Disponible
08-04-2025,20:53:53,Bebidas,"Coca Cola pack 4 botellas 1,25 l.","6,25 €","1,25 €/l",https://www.carrefour.es/supermercado/coca-cola-pack-4-botellas-125-l/R-VC4AECOMM-500143/p,https://static.carrefour.es/hd_350x_/img_pim_food/500143_00_1.jpg,Disponible
08-04-2025,20:53:53,Bebidas,Don simón té frío sabor melocotón sin calorías cero calorías lata 33 cl.,"0,63 €","1,91 €/l",https://www.carrefour.es/supermercado/don-simon-te-frio-sabor-melocoton-sin-calorias-cero-calorias-lata-33-cl/R-VC4AECOMM-405061/p,https://static.carrefour.es/hd_350x_/img_pim_food/405061_00_1.jpg,Disponible
08-04-2025,20:53:53,Bebidas,Néctar de plátano Granini Selección botella 1 l.,"2,95 €","2,95 €/l",https://www.carrefour.es/supermercado/nectar-de-platano-granini-seleccion-botella-1-l/R-521010330/p,https://static.carrefour.es/hd_350x_/img_pim_food/029562_00_1.jpg,Disponible
08-04-2025,20:53:53,Bebidas,Zumo de naranja con pulpa Innocent botella 900 ml.,"3,65 €","4,06 €/l",https://www.carrefour.es/supermercado/zumo-de-naranja-con-pulpa-innocent-botella-900-ml/R-VC4AECOMM-766418/p,https://static.carrefour.es/hd_350x_/img_pim_food/766418_00_1.jpg,Disponible
08-04-2025,20:53:53,Bebidas,Vino tinto crianza Beronia D.O.Ca. Rioja 75 cl.,"8,49 €","8,49 €/ud",https://www.carrefour.es/supermercado/vino-tinto-crianza-beronia-doca-rioja-75-cl/R-520662393/p,https://static.carrefour.es/hd_350x_/img_pim_food/196812_00_1.jpg,Disponible
08-04-2025,20:53:53,Bebidas,Néctar de melocotón Juver brik 2 l.,"2,05 €","1,02 €/l",https://www.carrefour.es/supermercado/nectar-de-melocoton-juver-brik-2-l/R-636501711/p,https://static.carrefour.es/hd_350x_/img_pim_food/260677_00_1.jpg,Disponible
08-04-2025,20:53:53,Bebidas,Mosto Carrefour tinto botella 1 l.,"2,55 €","2,55 €/l",https://www.carrefour.es/supermercado/mosto-carrefour-tinto-botella-1-l/R-520661001/p,https://static.carrefour.es/hd_350x_/img_pim_food/228773_00_1.jpg,Disponible
08-04-2025,20:53:53,Bebidas,Coca Cola light pack 24 latas 33 cl.,,"2,42 €/l",https://www.carrefour.es/supermercado/coca-cola-light-pack-24-latas-33-cl/R-521028141/p,https://static.carrefour.es/hd_350x_/img_pim_food/290318_00_1.jpg,Disponible
08-04-2025,20:53:53,Bebidas,Fanta de naranja Zero pack 6 latas 33 cl.,"4,75 €","2,40 €/l",https://www.carrefour.es/supermercado/fanta-de-naranja-zero-pack-6-latas-33-cl/R-769403223/p,https://static.carrefour.es/hd_350x_/img_pim_food/778150_00_1.jpg,Disponible
08-04-2025,20:53:53,Bebidas,Tequila Jose Cuervo especial reposado 70 cl.,"17,75 €","25,36 €/l",https://www.carrefour.es/supermercado/tequila-jose-cuervo-especial-reposado-70-cl/R-521028354/p,https://static.carrefour.es/hd_350x_/img_pim_food/164358_00_1.jpg,Disponible
08-04-2025,20:53:53,Bebidas,Vino tinto joven tempranillo Marqués Dospalacios Vendimia Seleccionada 75 cl.,"1,30 €","1,73 €/l",https://www.carrefour.es/supermercado/vino-tinto-joven-tempranillo-marques-dospalacios-vendimia-seleccionada-75-cl/R-520661386/p,https://static.carrefour.es/hd_350x_/img_pim_food/300426_00_1.jpg,Disponible
08-04-2025,20:53:53,Bebidas,"Cerveza negra Guinnes Draught 0,0 lata 44 cl.","3,19 €","7,25 €/l",https://www.carrefour.es/supermercado/cerveza-negra-guinnes-draught-00-lata-44-cl/R-VC4AECOMM-723970/p,https://static.carrefour.es/hd_350x_/img_pim_food/723970_00_1.jpg,Disponible
08-04-2025,20:53:53,Bebidas,Zumo de melocotón y uva ecológico Carrefour Bio exprimido pack de 3 briks de 20 cl.,"2,19 €","3,65 €/l",https://www.carrefour.es/supermercado/zumo-de-melocoton-y-uva-ecologico-carrefour-bio-exprimido-pack-de-3-briks-de-20-cl/R-prod880427/p,https://static.carrefour.es/hd_350x_/img_pim_food/025668_00_1.jpg,Disponible
08-04-2025,20:53:53,Bebidas,Vino tinto reserva Licenciado D.O. Rioja 75 cl.,"14,95 €","14,95 €/ud",https://www.carrefour.es/supermercado/vino-tinto-reserva-licenciado-do-rioja-75-cl/R-784000498/p,https://static.carrefour.es/hd_350x_/img_pim_food/870981_00_1.jpg,Disponible
08-04-2025,20:53:53,Bebidas,Coca Cola botella 1 l.,"2,55 €","2,55 €/l",https://www.carrefour.es/supermercado/coca-cola-botella-1-l/R-prod280233/p,https://static.carrefour.es/hd_350x_/img_pim_food/339418_00_1.jpg,Disponible
08-04-2025,20:53:53,Bebidas,Cerveza roja Alhambra reserva pack de 4 botellas de 33 cl.,"6,65 €","5,04 €/l",https://www.carrefour.es/supermercado/cerveza-roja-alhambra-reserva-pack-de-4-botellas-de-33-cl/R-860001260/p,https://static.carrefour.es/hd_350x_/img_pim_food/129763_00_1.jpg,Disponible
08-04-2025,20:54:35,Bebidas,Vino D.O. Mancha blanco Airén Viña Lobón 75 cl.,"1,45 €","1,45 €/ud",https://www.carrefour.es/supermercado/vino-do-mancha-blanco-airen-vina-lobon-75-cl/R-847106003/p,https://static.carrefour.es/hd_350x_/img_pim_food/016518_00_1.jpg,Disponible
08-04-2025,20:54:35,Bebidas,Zumo de piña sin azúcar añadido Juver-Disfruta brik 2 l.,"3,99 €","1,99 €/l",https://www.carrefour.es/supermercado/zumo-de-pina-sin-azucar-anadido-juver-disfruta-brik-2-l/R-521028163/p,https://static.carrefour.es/hd_350x_/img_pim_food/231409_00_1.jpg,Disponible
08-04-2025,20:54:35,Bebidas,Bebida de fruta zanahoria y naranja Granini sin azúcares añadidos botella 1 l.,"3,19 €","3,19 €/l",https://www.carrefour.es/supermercado/bebida-de-fruta-zanahoria-y-naranja-granini-sin-azucares-anadidos-botella-1-l/R-VC4AECOMM-050322/p,https://static.carrefour.es/hd_350x_/img_pim_food/050322_00_1.jpg,Disponible
08-04-2025,20:54:35,Bebidas,Vino rosado Sabasan D.O.Navarra 75 cl.,"2,09 €","2,09 €/ud",https://www.carrefour.es/supermercado/vino-rosado-sabasan-donavarra-75-cl/R-VC4AECOMM-493470/p,https://static.carrefour.es/hd_350x_/img_pim_food/493470_00_1.jpg,Disponible
08-04-2025,20:54:35,Bebidas,Kombucha lemon fantasy Flax & Kale lata 33 cl.,"2,79 €","8,45 €/l",https://www.carrefour.es/supermercado/kombucha-lemon-fantasy-flax-kale-lata-33-cl/R-VC4AECOMM-405948/p,https://static.carrefour.es/hd_350x_/img_pim_food/405948_00_1.jpg,Disponible
08-04-2025,20:54:35,Bebidas,Cerveza Franziskaner Weissbier Naturtrüb lata 50 cl.,"1,99 €","3,98 €/l",https://www.carrefour.es/supermercado/cerveza-franziskaner-weissbier-naturtrub-lata-50-cl/R-521028218/p,https://static.carrefour.es/hd_350x_/img_pim_food/101851_00_1.jpg,Disponible
08-04-2025,20:54:35,Bebidas,Vermut Yzaguirre reserva rojo 1 l.,"13,79 €","13,79 €/l",https://www.carrefour.es/supermercado/vermut-yzaguirre-reserva-rojo-1-l/R-538408239/p,https://static.carrefour.es/hd_350x_/img_pim_food/554041_00_1.jpg,Disponible
08-04-2025,20:54:35,Bebidas,Refresco lima-limón Enjoy botella 2 L,"0,93 €","0,46 €/l",https://www.carrefour.es/supermercado/refresco-lima-limon-enjoy-botella-2-l/R-VC4AECOMM-045070/p,https://static.carrefour.es/hd_350x_/img_pim_food/045070_00_1.jpg,Disponible
08-04-2025,20:54:35,Bebidas,Ginebra Rives original 1 l.,"15,93 €","15,93 €/l",https://www.carrefour.es/supermercado/ginebra-rives-original-1-l/R-522713452/p,https://static.carrefour.es/hd_350x_/img_pim_food/046027_00_1.jpg,Disponible
08-04-2025,20:54:35,Bebidas,Mojito Bacardí lata 25 cl.,"2,89 €","11,56 €/l",https://www.carrefour.es/supermercado/mojito-bacardi-lata-25-cl/R-fprod1360084/p,https://static.carrefour.es/hd_350x_/img_pim_food/338974_00_1.jpg,Disponible
08-04-2025,20:54:35,Bebidas,Cava Freixenet semiseco D.O. Cava 75 cl.,"7,45 €","7,45 €/ud",https://www.carrefour.es/supermercado/cava-freixenet-semiseco-do-cava-75-cl/R-520662221/p,https://static.carrefour.es/hd_350x_/img_pim_food/000265_00_1.jpg,Disponible
08-04-2025,20:54:35,Bebidas,Ginebra Xpress 70 cl.,"4,95 €","7,07 €/l",https://www.carrefour.es/supermercado/ginebra-xpress-70-cl/R-VC4AECOMM-504013/p,https://static.carrefour.es/hd_350x_/img_pim_food/504013_00_1.jpg,Disponible
08-04-2025,20:54:35,Bebidas,Vino tinto Habla de la Tierra V.T. Extremadura 75 cl.,"7,89 €","7,89 €/ud",https://www.carrefour.es/supermercado/vino-tinto-habla-de-la-tierra-vt-extremadura-75-cl/R-796105916/p,https://static.carrefour.es/hd_350x_/img_pim_food/897700_00_1.jpg,Disponible
08-04-2025,20:54:35,Bebidas,Anís dulce Altorreal 1 l.,"8,29 €","8,29 €/l",https://www.carrefour.es/supermercado/anis-dulce-altorreal-1-l/R-VC4AECOMM-497671/p,https://static.carrefour.es/hd_350x_/img_pim_food/497671_00_1.jpg,Disponible
08-04-2025,20:54:35,Bebidas,Cerveza Alhambra Lager Singular pack de 12 latas de 33 cl.,"10,87 €","2,74 €/l",https://www.carrefour.es/supermercado/cerveza-alhambra-lager-singular-pack-de-12-latas-de-33-cl/R-618405687/p,https://static.carrefour.es/hd_350x_/img_pim_food/718540_00_1.jpg,Disponible
08-04-2025,20:54:35,Bebidas,Piña colada Malibu lata 25 cl.,"2,85 €","11,40 €/l",https://www.carrefour.es/supermercado/pina-colada-malibu-lata-25-cl/R-VC4AECOMM-242808/p,https://static.carrefour.es/hd_350x_/img_pim_food/242808_00_1.jpg,Disponible
08-04-2025,20:54:35,Bebidas,Bebida de fruta melocotón sin azúcar añadido Juver-disfruta pack de 6 brik de 20 cl.,"2,95 €","2,46 €/l",https://www.carrefour.es/supermercado/bebida-de-fruta-melocoton-sin-azucar-anadido-juver-disfruta-pack-de-6-brik-de-20-cl/R-520660862/p,https://static.carrefour.es/hd_350x_/img_pim_food/383300_00_1.jpg,Disponible
08-04-2025,20:54:35,Bebidas,Zumo Mediterráneo Original Bifrutas pack de 6 briks de 20 cl.,"2,65 €","2,21 €/l",https://www.carrefour.es/supermercado/zumo-mediterraneo-original-bifrutas-pack-de-6-briks-de-20-cl/R-VC4AECOMM-671114/p,https://static.carrefour.es/hd_350x_/img_pim_food/671114_00_1.jpg,Disponible
08-04-2025,20:54:35,Bebidas,Vino tinto crianza tempranillo Durón D.O. Ribera del Duero 75 cl.,"9,39 €","9,39 €/ud",https://www.carrefour.es/supermercado/vino-tinto-crianza-tempranillo-duron-do-ribera-del-duero-75-cl/R-530363346/p,https://static.carrefour.es/hd_350x_/img_pim_food/166019_00_1.jpg,Disponible
08-04-2025,20:54:35,Bebidas,Cava Anna Codorniu brut 75 cl.,"9,15 €","9,15 €/ud",https://www.carrefour.es/supermercado/cava-anna-codorniu-brut-75-cl/R-520662173/p,https://static.carrefour.es/hd_350x_/img_pim_food/000240_00_1.jpg,Disponible
08-04-2025,20:54:35,Bebidas,Schweppes ginger Beer & chile botella 20 cl.,"1,89 €","9,45 €/l",https://www.carrefour.es/supermercado/schweppes-ginger-beer-chile-botella-20-cl/R-VC4AECOMM-616970/p,https://static.carrefour.es/hd_350x_/img_pim_food/616970_00_1.jpg,Disponible
08-04-2025,20:54:35,Bebidas,Cava Bonaval semiseco D.O Cava 75 cl.,"3,65 €","3,65 €/ud",https://www.carrefour.es/supermercado/cava-bonaval-semiseco-do-cava-75-cl/R-679101735/p,https://static.carrefour.es/hd_350x_/img_pim_food/054668_00_1.jpg,Disponible
08-04-2025,20:54:35,Bebidas,Zumo de manzana sin azúcar añadido Juver Disfruta brik 2 l.,"3,69 €","1,84 €/l",https://www.carrefour.es/supermercado/zumo-de-manzana-sin-azucar-anadido-juver-disfruta-brik-2-l/R-521034294/p,https://static.carrefour.es/hd_350x_/img_pim_food/369046_00_1.jpg,Disponible
08-04-2025,20:54:35,Bebidas,Vino tinto crianza tempranillo Glorioso D.O.Ca. Rioja 75 cl.,"7,45 €","7,45 €/ud",https://www.carrefour.es/supermercado/vino-tinto-crianza-tempranillo-glorioso-doca-rioja-75-cl/R-546003447/p,https://static.carrefour.es/hd_350x_/img_pim_food/013281_00_1.jpg,Disponible
08-04-2025,20:55:18,Bebidas,Kombucha jengibre y limón ecológico Komvida sin gluten 75 cl.,"7,59 €","10,12 €/l",https://www.carrefour.es/supermercado/kombucha-jengibre-y-limon-ecologico-komvida-sin-gluten-75-cl/R-VC4AECOMM-654859/p,https://static.carrefour.es/hd_350x_/img_pim_food/654859_00_1.jpg,Disponible
08-04-2025,20:55:18,Bebidas,Néctar de pomelo Carrefour Classic brik 1 l.,"1,71 €","1,71 €/l",https://www.carrefour.es/supermercado/nectar-de-pomelo-carrefour-classic-brik-1-l/R-526600880/p,https://static.carrefour.es/hd_350x_/img_pim_food/760584_00_1.jpg,Disponible
08-04-2025,20:55:18,Bebidas,Cerveza Voll Damm doble malta pack de 12 botellas de 25 cl.,"10,09 €","3,36 €/l",https://www.carrefour.es/supermercado/cerveza-voll-damm-doble-malta-pack-de-12-botellas-de-25-cl/R-804324146/p,https://static.carrefour.es/hd_350x_/img_pim_food/914906_00_1.jpg,Disponible
08-04-2025,20:55:18,Bebidas,Cerveza tostada Mahou Maestra doble lúpulo pack de 12 latas de 33 cl.,"12,53 €","3,16 €/l",https://www.carrefour.es/supermercado/cerveza-tostada-mahou-maestra-doble-lupulo-pack-de-12-latas-de-33-cl/R-prod280143/p,https://static.carrefour.es/hd_350x_/img_pim_food/338217_00_1.jpg,Disponible
08-04-2025,20:55:18,Bebidas,Ginger Ale Schweppes botella 1 l.,"2,15 €","2,15 €/l",https://www.carrefour.es/supermercado/ginger-ale-schweppes-botella-1-l/R-589802658/p,https://static.carrefour.es/hd_350x_/img_pim_food/271035_00_1.jpg,Disponible
08-04-2025,20:55:18,Bebidas,Sprite de lima-limón bajo en azúcar pack 2 botellas 2 l.,"3,25 €","0,81 €/l",https://www.carrefour.es/supermercado/sprite-de-lima-limon-bajo-en-azucar-pack-2-botellas-2-l/R-prod280313/p,https://static.carrefour.es/hd_350x_/img_pim_food/339361_00_1.jpg,Disponible
08-04-2025,20:55:18,Bebidas,"Cerveza Free Damm Lager 0,0 sin alcohol sin gluten pack de 6 botellas de 25 cl.","3,69 €","2,46 €/l",https://www.carrefour.es/supermercado/cerveza-free-damm-lager-00-sin-alcohol-sin-gluten-pack-de-6-botellas-de-25-cl/R-521035191/p,https://static.carrefour.es/hd_350x_/img_pim_food/026488_00_1.jpg,Disponible
08-04-2025,20:55:18,Bebidas,Vodka Absolut raspberri lemonade lata 25 cl.,"2,85 €","11,40 €/l",https://www.carrefour.es/supermercado/vodka-absolut-raspberri-lemonade-lata-25-cl/R-VC4AECOMM-243179/p,https://static.carrefour.es/hd_350x_/img_pim_food/243179_00_1.jpg,Disponible
08-04-2025,20:55:18,Bebidas,Vino rosado El Coto D.O.Ca Rioja 75 cl.,"5,79 €","5,79 €/ud",https://www.carrefour.es/supermercado/vino-rosado-el-coto-doca-rioja-75-cl/R-521011957/p,https://static.carrefour.es/hd_350x_/img_pim_food/046744_00_1.jpg,Disponible
08-04-2025,20:55:18,Bebidas,Kas naranja pack de 9 latas de 33 cl.,"5,95 €",2 €/l,https://www.carrefour.es/supermercado/kas-naranja-pack-de-9-latas-de-33-cl/R-VC4AECOMM-398661/p,https://static.carrefour.es/hd_350x_/img_pim_food/398661_00_1.jpg,Disponible
08-04-2025,20:55:18,Bebidas,Sidra El Gaitero achampanada extra botella sin gluten 75 cl.,"3,55 €","4,73 €/l",https://www.carrefour.es/supermercado/sidra-el-gaitero-achampanada-extra-botella-sin-gluten-75-cl/R-520662253/p,https://static.carrefour.es/hd_350x_/img_pim_food/022149_00_1.jpg,Disponible
08-04-2025,20:55:18,Bebidas,Vino tinto Carrefour pack 3 brik 20 cl.,"1,45 €","2,58 €/l",https://www.carrefour.es/supermercado/vino-tinto-carrefour-pack-3-brik-20-cl/R-546003441/p,https://static.carrefour.es/hd_350x_/img_pim_food/004127_00_1.jpg,Disponible
08-04-2025,20:55:18,Bebidas,Nectar de melocotón Juver sin azúcar añadido brik 2 l.,"3,99 €","1,99 €/l",https://www.carrefour.es/supermercado/nectar-de-melocoton-juver-sin-azucar-anadido-brik-2-l/R-521028167/p,https://static.carrefour.es/hd_350x_/img_pim_food/231411_00_1.jpg,Disponible
08-04-2025,20:55:18,Bebidas,Whisky Johnnie Walker escocés 1 l.,"22,10 €","22,10 €/l",https://www.carrefour.es/supermercado/whisky-johnnie-walker-escoces-1-l/R-521014889/p,https://static.carrefour.es/hd_350x_/img_pim_food/235430_00_1.jpg,Disponible
08-04-2025,20:55:18,Bebidas,Mosto Greip tinto botella 1 l.,"2,89 €","2,89 €/l",https://www.carrefour.es/supermercado/mosto-greip-tinto-botella-1-l/R-530363204/p,https://static.carrefour.es/hd_350x_/img_pim_food/162749_00_1.jpg,Disponible
08-04-2025,20:55:18,Bebidas,Kombucha té verde ecológico Carrefour Bio botella 250 ml.,"2,45 €","9,80 €/l",https://www.carrefour.es/supermercado/kombucha-te-verde-ecologico-carrefour-bio-botella-250-ml/R-VC4AECOMM-174829/p,https://static.carrefour.es/hd_350x_/img_pim_food/174829_00_1.jpg,Disponible
08-04-2025,20:55:18,Bebidas,Té verde kombucha con jengibre y limón en bolsitas Hornimans 20 ud.,"3,35 €","111,67 €/kg",https://www.carrefour.es/supermercado/te-verde-kombucha-con-jengibre-y-limon-en-bolsitas-hornimans-20-ud/R-VC4AECOMM-599943/p,https://static.carrefour.es/hd_350x_/img_pim_food/599943_00_1.jpg,Disponible
08-04-2025,20:55:18,Bebidas,Cava Freixenet semiseco pack de 3 botellas de 20 cl.,"8,69 €","8,69 €/ud",https://www.carrefour.es/supermercado/cava-freixenet-semiseco-pack-de-3-botellas-de-20-cl/R-520662223/p,https://static.carrefour.es/hd_350x_/img_pim_food/000266_00_1.jpg,Disponible
08-04-2025,20:55:18,Bebidas,Vino tinto envejecido roble tempranillo La Planta D.O. Ribera del Duero 75 cl.,"9,25 €","9,25 €/ud",https://www.carrefour.es/supermercado/vino-tinto-envejecido-roble-tempranillo-la-planta-do-ribera-del-duero-75-cl/R-654802095/p,https://static.carrefour.es/hd_350x_/img_pim_food/646295_00_1.jpg,Disponible
08-04-2025,20:55:18,Bebidas,Whisky Dyc 8 años 70 cl.,"15,09 €","21,56 €/l",https://www.carrefour.es/supermercado/whisky-dyc-8-anos-70-cl/R-521011882/p,https://static.carrefour.es/hd_350x_/img_pim_food/029226_00_1.jpg,Disponible
08-04-2025,20:55:18,Bebidas,Bebida de fruta naranja y mango Granini Selección Mix botella 1 l.,"3,15 €","3,15 €/l",https://www.carrefour.es/supermercado/bebida-de-fruta-naranja-y-mango-granini-seleccion-mix-botella-1-l/R-520660931/p,https://static.carrefour.es/hd_350x_/img_pim_food/578431_00_1.jpg,Disponible
08-04-2025,20:55:18,Bebidas,Vino tinto roble tempranillo Viña Espolón D.O. Ribera del Duero 75 cl.,6 €,6 €/ud,https://www.carrefour.es/supermercado/vino-tinto-roble-tempranillo-vina-espolon-do-ribera-del-duero-75-cl/R-fprod1260299/p,https://static.carrefour.es/hd_350x_/img_pim_food/323011_00_1.jpg,Disponible
08-04-2025,20:55:18,Bebidas,Zumo paraíso Original Bifrutas pack de 3 briks 330 ml.,"2,65 €","2,68 €/l",https://www.carrefour.es/supermercado/zumo-paraiso-original-bifrutas-pack-de-3-briks-330-ml/R-VC4AECOMM-671096/p,https://static.carrefour.es/hd_350x_/img_pim_food/671096_00_1.jpg,Disponible
08-04-2025,20:55:18,Bebidas,Vino D.O. Ribera del Duero tinto roble Moralinos 75 cl.,"6,95 €","6,95 €/ud",https://www.carrefour.es/supermercado/vino-do-ribera-del-duero-tinto-roble-moralinos-75-cl/R-795768693/p,https://static.carrefour.es/hd_350x_/img_pim_food/895529_00_1.jpg,Disponible
08-04-2025,20:55:59,Bebidas,Estuche de 2 botellas de vino tinto roble Protos D.O. Ribera del Duero 75 cl,"19,49 €","19,49 €/ud",https://www.carrefour.es/supermercado/estuche-de-2-botellas-de-vino-tinto-roble-protos-do-ribera-del-duero-75-cl/R-730010761/p,https://static.carrefour.es/hd_350x_/img_pim_food/679284_00_1.jpg,Disponible
08-04-2025,20:55:59,Bebidas,Vino tinto syrah Habla del Silencio V.T. Extremadura 75 cl.,"11,89 €","11,89 €/ud",https://www.carrefour.es/supermercado/vino-tinto-syrah-habla-del-silencio-vt-extremadura-75-cl/R-595501671/p,https://static.carrefour.es/hd_350x_/img_pim_food/195141_00_1.jpg,Disponible
08-04-2025,20:55:59,Bebidas,Vino tinto tinta de toro Matsu el Picaro D.O. Toro 75 cl.,"8,55 €","8,55 €/ud",https://www.carrefour.es/supermercado/vino-tinto-tinta-de-toro-matsu-el-picaro-do-toro-75-cl/R-864900605/p,https://static.carrefour.es/hd_350x_/img_pim_food/154642_00_1.jpg,Disponible
08-04-2025,20:55:59,Bebidas,Ginebra Old Thames pink 70 cl.,"7,15 €","10,21 €/l",https://www.carrefour.es/supermercado/ginebra-old-thames-pink-70-cl/R-fprod1180082/p,https://static.carrefour.es/hd_350x_/img_pim_food/219610_00_1.jpg,Disponible
08-04-2025,20:55:59,Bebidas,Zumo de 10 frutas y vitaminas sin azúcar añadido Juver- Disfruta brik 2 l.,"3,69 €","1,84 €/l",https://www.carrefour.es/supermercado/zumo-de-10-frutas-y-vitaminas-sin-azucar-anadido-juver-disfruta-brik-2-l/R-522714071/p,https://static.carrefour.es/hd_350x_/img_pim_food/273711_00_1.jpg,Disponible
08-04-2025,20:55:59,Bebidas,Orujo blanco Puntemiño 70 cl.,"7,09 €","10,13 €/l",https://www.carrefour.es/supermercado/orujo-blanco-puntemino-70-cl/R-prod620194/p,https://static.carrefour.es/hd_350x_/img_pim_food/841812_00_1.jpg,Disponible
08-04-2025,20:55:59,Bebidas,Vino generoso Cortijo Ceret D.O. Manzanilla-Sanlúcar de Barrameda 75 cl.,"3,89 €","3,89 €/ud",https://www.carrefour.es/supermercado/vino-generoso-cortijo-ceret-do-manzanilla-sanlucar-de-barrameda-75-cl/R-VC4AECOMM-501510/p,https://static.carrefour.es/hd_350x_/img_pim_food/501510_00_1.jpg,Disponible
08-04-2025,20:55:59,Bebidas,Vino frizzante rosado Joven Capel 75 cl.,"3,29 €","3,29 €/ud",https://www.carrefour.es/supermercado/vino-frizzante-rosado-joven-capel-75-cl/R-520661398/p,https://static.carrefour.es/hd_350x_/img_pim_food/000178_00_1.jpg,Disponible
08-04-2025,20:55:59,Bebidas,Vino tinto crianza Sabasan D.O.Navarra 75 cl.,"2,45 €","2,45 €/ud",https://www.carrefour.es/supermercado/vino-tinto-crianza-sabasan-donavarra-75-cl/R-VC4AECOMM-493473/p,https://static.carrefour.es/hd_350x_/img_pim_food/493473_00_1.jpg,Disponible
08-04-2025,20:55:59,Bebidas,Ginger Ale Schweppes jengibre intenso premium botella 20 cl.,"1,94 €","9,70 €/l",https://www.carrefour.es/supermercado/ginger-ale-schweppes-jengibre-intenso-premium-botella-20-cl/R-prod271612/p,https://static.carrefour.es/hd_350x_/img_pim_food/303731_00_1.jpg,Disponible
08-04-2025,20:55:59,Bebidas,Zumo de manzana y frutos del bosque Carrefour botella 1 l.,"3,95 €","3,95 €/l",https://www.carrefour.es/supermercado/zumo-de-manzana-y-frutos-del-bosque-carrefour-botella-1-l/R-804031983/p,https://static.carrefour.es/hd_350x_/img_pim_food/912948_00_1.jpg,Disponible
08-04-2025,20:55:59,Bebidas,Vino D.O. Valdepeñas tinto crianza Tres Reinos 75 cl.,"2,95 €","2,95 €/ud",https://www.carrefour.es/supermercado/vino-do-valdepenas-tinto-crianza-tres-reinos-75-cl/R-fprod1260332/p,https://static.carrefour.es/hd_350x_/img_pim_food/323000_00_1.jpg,Disponible
08-04-2025,20:55:59,Bebidas,Ron miel Carum 70 cl.,"6,89 €","9,84 €/l",https://www.carrefour.es/supermercado/ron-miel-carum-70-cl/R-VC4AECOMM-487876/p,https://static.carrefour.es/hd_350x_/img_pim_food/487876_00_1.jpg,Disponible
08-04-2025,20:55:59,Bebidas,Cerveza Mahou Barrica envejecida edición original botella 33 cl.,"2,15 €","6,52 €/l",https://www.carrefour.es/supermercado/cerveza-mahou-barrica-envejecida-edicion-original-botella-33-cl/R-858900436/p,https://static.carrefour.es/hd_350x_/img_pim_food/118674_00_1.jpg,Disponible
08-04-2025,20:55:59,Bebidas,Pacharán Anduí 1 l.,"8,09 €","8,09 €/l",https://www.carrefour.es/supermercado/pacharan-andui-1-l/R-prod620186/p,https://static.carrefour.es/hd_350x_/img_pim_food/841808_00_1.jpg,Disponible
08-04-2025,20:55:59,Bebidas,Cerveza Alhambra Lager Singular pack 6 botellas de 25 cl.,"4,35 €","2,90 €/l",https://www.carrefour.es/supermercado/cerveza-alhambra-lager-singular-pack-6-botellas-de-25-cl/R-827510484/p,https://static.carrefour.es/hd_350x_/img_pim_food/962154_00_1.jpg,Disponible
08-04-2025,20:55:59,Bebidas,Schweppes de naranja Zero botella 1 l.,"2,15 €","2,15 €/l",https://www.carrefour.es/supermercado/schweppes-de-naranja-zero-botella-1-l/R-VC4AECOMM-135353/p,https://static.carrefour.es/hd_350x_/img_pim_food/135353_00_1.jpg,Disponible
08-04-2025,20:55:59,Bebidas,Zumo de melocotón y uva 100% Premium Granini botella 1 l.,"3,35 €","3,35 €/l",https://www.carrefour.es/supermercado/zumo-de-melocoton-y-uva-100-premium-granini-botella-1-l/R-fprod1190402/p,https://static.carrefour.es/hd_350x_/img_pim_food/241915_00_1.jpg,Disponible
08-04-2025,20:55:59,Bebidas,Ron dorado Lupe 70 cl.,"7,39 €","10,56 €/l",https://www.carrefour.es/supermercado/ron-dorado-lupe-70-cl/R-VC4AECOMM-504014/p,https://static.carrefour.es/hd_350x_/img_pim_food/504014_00_1.jpg,Disponible
08-04-2025,20:55:59,Bebidas,Vino D.O. Valdepeñas tinto gran reserva Viña Lobón 75 cl.,"4,19 €","4,19 €/ud",https://www.carrefour.es/supermercado/vino-do-valdepenas-tinto-gran-reserva-vina-lobon-75-cl/R-855600428/p,https://static.carrefour.es/hd_350x_/img_pim_food/087732_00_1.jpg,Disponible
08-04-2025,20:55:59,Bebidas,Cerveza rubia Heineken Lager pack 12 botellas 25 cl.,"7,35 €","2,45 €/l",https://www.carrefour.es/supermercado/cerveza-rubia-heineken-lager-pack-12-botellas-25-cl/R-589601205/p,https://static.carrefour.es/hd_350x_/img_pim_food/672150_00_1.jpg,Disponible
08-04-2025,20:55:59,Bebidas,"Zumo de piña, plátano y coco Carrefour Selección exprimido botella 75 cl.","2,29 €","3,05 €/l",https://www.carrefour.es/supermercado/zumo-de-pina-platano-y-coco-carrefour-seleccion-exprimido-botella-75-cl/R-VC4AECOMM-657965/p,https://static.carrefour.es/hd_350x_/img_pim_food/657965_00_1.jpg,Disponible
08-04-2025,20:55:59,Bebidas,Tónica Carrefour Sensation pack de 6 botellas de 20 cl.,"2,79 €","2,32 €/l",https://www.carrefour.es/supermercado/tonica-carrefour-sensation-pack-de-6-botellas-de-20-cl/R-521028109/p,https://static.carrefour.es/hd_350x_/img_pim_food/228962_00_1.jpg,Disponible
08-04-2025,20:55:59,Bebidas,Bebida de zumo de frutas y avena Via Nature botella 75 cl.,"2,45 €","3,27 €/l",https://www.carrefour.es/supermercado/bebida-de-zumo-de-frutas-y-avena-via-nature-botella-75-cl/R-VC4AECOMM-720708/p,https://static.carrefour.es/hd_350x_/img_pim_food/720708_00_1.jpg,Disponible
08-04-2025,20:56:40,Bebidas,Anís La Castellana dulce 70 cl.,"9,35 €","13,36 €/l",https://www.carrefour.es/supermercado/anis-la-castellana-dulce-70-cl/R-798962881/p,https://static.carrefour.es/hd_350x_/img_pim_food/902925_00_1.jpg,Disponible
08-04-2025,20:56:40,Bebidas,Vino semidulce joven verdejo Esencia 27 V.T. Castilla y León 75 cl.,"6,55 €","6,55 €/ud",https://www.carrefour.es/supermercado/vino-semidulce-joven-verdejo-esencia-27-vt-castilla-y-leon-75-cl/R-803482685/p,https://static.carrefour.es/hd_350x_/img_pim_food/911701_00_1.jpg,Disponible
08-04-2025,20:56:40,Bebidas,Vino blanco albariño Martin Codax D.O. Rías Baixas 75 cl.,"14,49 €","14,49 €/ud",https://www.carrefour.es/supermercado/vino-blanco-albarino-martin-codax-do-rias-baixas-75-cl/R-520662734/p,https://static.carrefour.es/hd_350x_/img_pim_food/033345_00_1.jpg,Disponible
08-04-2025,20:56:40,Bebidas,Vino blanco de mesa Cumbre de Gredos brik 1 l.,"1,85 €","1,85 €/l",https://www.carrefour.es/supermercado/vino-blanco-de-mesa-cumbre-de-gredos-brik-1-l/R-521011886/p,https://static.carrefour.es/hd_350x_/img_pim_food/029244_00_1.jpg,Disponible
08-04-2025,20:56:40,Bebidas,Vino fino palomino fino Tío Pepe D.O. Jerez-Xérés-Sherry 75 cl.,"9,79 €","9,79 €/ud",https://www.carrefour.es/supermercado/vino-fino-palomino-fino-tio-pepe-do-jerez-xeres-sherry-75-cl/R-520662930/p,https://static.carrefour.es/hd_350x_/img_pim_food/000283_00_1.jpg,Disponible
08-04-2025,20:56:40,Bebidas,Cerveza Cruzcampo Shandy con limón pack de 6 botellas de 25 cl.,"3,65 €","2,43 €/l",https://www.carrefour.es/supermercado/cerveza-cruzcampo-shandy-con-limon-pack-de-6-botellas-de-25-cl/R-521011947/p,https://static.carrefour.es/hd_350x_/img_pim_food/042531_00_1.jpg,Disponible
08-04-2025,20:56:40,Bebidas,Brandy de jerez solera reserva Altorreal 70 cl,"5,89 €","8,41 €/l",https://www.carrefour.es/supermercado/brandy-de-jerez-solera-reserva-altorreal-70-cl/R-VC4AECOMM-610465/p,https://static.carrefour.es/hd_350x_/img_pim_food/610465_00_1.jpg,Disponible
08-04-2025,20:56:40,Bebidas,Vino frizzante blanco joven Capel 75 cl.,"3,29 €","3,29 €/ud",https://www.carrefour.es/supermercado/vino-frizzante-blanco-joven-capel-75-cl/R-520661396/p,https://static.carrefour.es/hd_350x_/img_pim_food/000177_00_1.jpg,Agotado temporalmente
08-04-2025,20:56:40,Bebidas,Vino tinto joven tempranillo Bardesano D.O.Ca. Rioja 75 cl.,"4,35 €","4,35 €/ud",https://www.carrefour.es/supermercado/vino-tinto-joven-tempranillo-bardesano-doca-rioja-75-cl/R-fprod1190309/p,https://static.carrefour.es/hd_350x_/img_pim_food/240522_00_1.jpg,Disponible
08-04-2025,20:56:40,Bebidas,Vino blanco joven verdejo José Pariente D.O. Rueda 75 cl.,"10,95 €","10,95 €/ud",https://www.carrefour.es/supermercado/vino-blanco-joven-verdejo-jose-pariente-do-rueda-75-cl/R-729511500/p,https://static.carrefour.es/hd_350x_/img_pim_food/677348_00_1.jpg,Disponible
08-04-2025,20:56:40,Bebidas,Ginebra Nordes premium 70 cl.,"27,86 €","39,80 €/l",https://www.carrefour.es/supermercado/ginebra-nordes-premium-70-cl/R-690202759/p,https://static.carrefour.es/hd_350x_/img_pim_food/081109_00_1.jpg,Disponible
08-04-2025,20:56:40,Bebidas,Vino D.O. Ca. Rioja tinto reserva 3 Reinos 75 cl.,"4,19 €","4,19 €/ud",https://www.carrefour.es/supermercado/vino-do-ca-rioja-tinto-reserva-3-reinos-75-cl/R-prod650037/p,https://static.carrefour.es/hd_350x_/img_pim_food/843846_00_1.jpg,Disponible
08-04-2025,20:56:40,Bebidas,Vino tinto roble tempranillo Bardesano D.O. Ribera del Duero 75 cl.,"6,75 €","6,75 €/ud",https://www.carrefour.es/supermercado/vino-tinto-roble-tempranillo-bardesano-do-ribera-del-duero-75-cl/R-VC4AECOMM-328926/p,https://static.carrefour.es/hd_350x_/img_pim_food/328926_00_1.jpg,Disponible
08-04-2025,20:56:40,Bebidas,Vino tinto reserva Ramón Bilbao D.O.Ca Rioja 75 cl.,"15,09 €","15,09 €/ud",https://www.carrefour.es/supermercado/vino-tinto-reserva-ramon-bilbao-doca-rioja-75-cl/R-521008595/p,https://static.carrefour.es/hd_350x_/img_pim_food/053429_00_1.jpg,Disponible
08-04-2025,20:56:40,Bebidas,"Pepsi pack de 4 botellas de 1,75 l.","6,59 €","0,94 €/l",https://www.carrefour.es/supermercado/pepsi-pack-de-4-botellas-de-175-l/R-VC4AECOMM-689677/p,https://static.carrefour.es/hd_350x_/img_pim_food/689677_00_1.jpg,Disponible
08-04-2025,20:56:40,Bebidas,Zumo de naranja Don Simón pack de 6 briks de 20 cl.,"2,89 €","2,41 €/l",https://www.carrefour.es/supermercado/zumo-de-naranja-don-simon-pack-de-6-briks-de-20-cl/R-520660834/p,https://static.carrefour.es/hd_350x_/img_pim_food/501008_00_1.jpg,Disponible
08-04-2025,20:56:40,Bebidas,Sidra De Nuestra Tierra D.O.P. Asturias natural 70 cl.,"2,99 €","4,27 €/l",https://www.carrefour.es/supermercado/sidra-de-nuestra-tierra-dop-asturias-natural-70-cl/R-fprod1230039/p,https://static.carrefour.es/hd_350x_/img_pim_food/284007_00_1.jpg,Disponible
08-04-2025,20:56:40,Bebidas,Licor de hierbas Geistluchs 70 cl.,"5,99 €","8,56 €/l",https://www.carrefour.es/supermercado/licor-de-hierbas-geistluchs-70-cl/R-prod1070019/p,https://static.carrefour.es/hd_350x_/img_pim_food/125788_00_1.jpg,Disponible
08-04-2025,20:56:40,Bebidas,Salitos pink 33 cl.,"1,99 €","6,03 €/l",https://www.carrefour.es/supermercado/salitos-pink-33-cl/R-VC4AECOMM-705228/p,https://static.carrefour.es/hd_350x_/img_pim_food/705228_00_1.jpg,Disponible
08-04-2025,20:56:40,Bebidas,Vino dulce joven Porto Cruz D.O. Oporto 75 cl.,"9,39 €","9,39 €/ud",https://www.carrefour.es/supermercado/vino-dulce-joven-porto-cruz-do-oporto-75-cl/R-prod460104/p,https://static.carrefour.es/hd_350x_/img_pim_food/826112_00_1.jpg,Disponible
08-04-2025,20:56:40,Bebidas,"Zumo de manzana, granada, tomate y frambuesa plus hierro Hohes C botella 1 l.","3,35 €","3,35 €/l",https://www.carrefour.es/supermercado/zumo-de-manzana-granada-tomate-y-frambuesa-plus-hierro-hohes-c-botella-1-l/R-prod223387/p,https://static.carrefour.es/hd_350x_/img_pim_food/789046_00_1.jpg,Disponible
08-04-2025,20:56:40,Bebidas,Zumo de naranja sin azúcar añadido Juver-Disfruta brik 2 l.,"3,99 €","1,99 €/l",https://www.carrefour.es/supermercado/zumo-de-naranja-sin-azucar-anadido-juver-disfruta-brik-2-l/R-521028165/p,https://static.carrefour.es/hd_350x_/img_pim_food/231410_00_1.jpg,Disponible
08-04-2025,20:56:40,Bebidas,Vino D.O. La Mancha tinto reserva Viña Lobón 75 cl.,"2,89 €","2,89 €/ud",https://www.carrefour.es/supermercado/vino-do-la-mancha-tinto-reserva-vina-lobon-75-cl/R-855503723/p,https://static.carrefour.es/hd_350x_/img_pim_food/087658_00_1.jpg,Disponible
08-04-2025,20:56:40,Bebidas,Vino dulce criaderas y soleras Cortijo Ceret Cream D.O. Jerez-Xérés-Sherry 75 cl.,"4,59 €","4,59 €/ud",https://www.carrefour.es/supermercado/vino-dulce-criaderas-y-soleras-cortijo-ceret-cream-do-jerez-xeres-sherry-75-cl/R-VC4AECOMM-649542/p,https://static.carrefour.es/hd_350x_/img_pim_food/649542_00_1.jpg,Disponible
08-04-2025,20:57:20,Bebidas,Zumo de frambuesa y cereza Innocent botella 33 cl.,"2,55 €","7,73 €/l",https://www.carrefour.es/supermercado/zumo-de-frambuesa-y-cereza-innocent-botella-33-cl/R-VC4AECOMM-047952/p,https://static.carrefour.es/hd_350x_/img_pim_food/047952_00_1.jpg,Disponible
08-04-2025,20:57:20,Bebidas,Limonada con lima con gas Don Simón lata 33 cl.,"0,87 €","2,64 €/l",https://www.carrefour.es/supermercado/limonada-con-lima-con-gas-don-simon-lata-33-cl/R-VC4AECOMM-360225/p,https://static.carrefour.es/hd_350x_/img_pim_food/360225_00_1.jpg,Disponible
08-04-2025,20:57:20,Bebidas,Nocco Miami Strawberry Bebida Energética sin azúcar lata 33 cl.,"1,95 €","5,91 €/l",https://www.carrefour.es/supermercado/nocco-miami-strawberry-bebida-energetica-sin-azucar-lata-33-cl/R-VC4AECOMM-475094/p,https://static.carrefour.es/hd_350x_/img_pim_food/475094_00_1.jpg,Disponible
08-04-2025,20:57:20,Bebidas,Vino rosado Bleu de Mer D.O. Pays d´Oc 75 cl.,"6,79 €","6,79 €/ud",https://www.carrefour.es/supermercado/vino-rosado-bleu-de-mer-do-pays-doc-75-cl/R-823818331/p,https://static.carrefour.es/hd_350x_/img_pim_food/954502_00_1.jpg,Disponible
08-04-2025,20:57:20,Bebidas,Mosto Carrefour blanco botella 1 l.,"2,55 €","2,55 €/l",https://www.carrefour.es/supermercado/mosto-carrefour-blanco-botella-1-l/R-520661003/p,https://static.carrefour.es/hd_350x_/img_pim_food/228760_00_1.jpg,Disponible
08-04-2025,20:57:20,Bebidas,Whisky Quarter Horse bourbon 70 cl.,"9,55 €","13,64 €/l",https://www.carrefour.es/supermercado/whisky-quarter-horse-bourbon-70-cl/R-633301903/p,https://static.carrefour.es/hd_350x_/img_pim_food/809106_00_1.jpg,Disponible
08-04-2025,20:57:20,Bebidas,Vino blanco verdejo Marqués de Cáceres D.O. Rueda 75 cl.,"6,59 €","6,59 €/ud",https://www.carrefour.es/supermercado/vino-blanco-verdejo-marques-de-caceres-do-rueda-75-cl/R-799715334/p,https://static.carrefour.es/hd_350x_/img_pim_food/902024_00_1.jpg,Disponible
08-04-2025,20:57:20,Bebidas,"Agua mineral Font Vella Levité con zumo de piña 1,25 l.","1,91 €","1,53 €/l",https://www.carrefour.es/supermercado/agua-mineral-font-vella-levite-con-zumo-de-pina-125-l/R-796400299/p,https://static.carrefour.es/hd_350x_/img_pim_food/895559_00_1.jpg,Disponible
08-04-2025,20:57:20,Bebidas,Vino D.O Valencia blanco Amatista 75 cl.,"3,65 €","3,65 €/ud",https://www.carrefour.es/supermercado/vino-do-valencia-blanco-amatista-75-cl/R-590206513/p,https://static.carrefour.es/hd_350x_/img_pim_food/191068_00_1.jpg,Disponible
08-04-2025,20:57:20,Bebidas,Cerveza El Aguila dorada pack de 6 botellas de 20 cl.,"3,39 €","2,82 €/l",https://www.carrefour.es/supermercado/cerveza-el-aguila-dorada-pack-de-6-botellas-de-20-cl/R-VC4AECOMM-083968/p,https://static.carrefour.es/hd_350x_/img_pim_food/083968_00_1.jpg,Disponible
08-04-2025,20:57:20,Bebidas,Vino tinto joven tempranillo Señorío Extremeño Vendimia Seleccionada V.T. Extremadura grifo 5 l.,"6,15 €","6,15 €/ud",https://www.carrefour.es/supermercado/vino-tinto-joven-tempranillo-senorio-extremeno-vendimia-seleccionada-vt-extremadura-grifo-5-l/R-760001545/p,https://static.carrefour.es/hd_350x_/img_pim_food/768405_00_1.jpg,Disponible
08-04-2025,20:57:20,Bebidas,Sidra El Gaitero sin alcohol sin gluten botella 25 cl.,"1,12 €","4,48 €/l",https://www.carrefour.es/supermercado/sidra-el-gaitero-sin-alcohol-sin-gluten-botella-25-cl/R-VC4AECOMM-368517/p,https://static.carrefour.es/hd_350x_/img_pim_food/368517_00_1.jpg,Disponible
08-04-2025,20:57:20,Bebidas,Vino tinto crianza tempranillo Enrique I  D.O. Ribera del Duero 75 cl.,"5,39 €","5,39 €/ud",https://www.carrefour.es/supermercado/vino-tinto-crianza-tempranillo-enrique-i-do-ribera-del-duero-75-cl/R-718547705/p,https://static.carrefour.es/hd_350x_/img_pim_food/531243_00_1.jpg,Disponible
08-04-2025,20:57:20,Bebidas,Caja de 6 botellas de vino tinto crianza Otoñal D.O. Ca. Rioja 75 cl.,"30,90 €","30,90 €/ud",https://www.carrefour.es/supermercado/caja-de-6-botellas-de-vino-tinto-crianza-otonal-do-ca-rioja-75-cl/R-668105679/p,https://static.carrefour.es/hd_350x_/img_pim_food/328424_00_1.jpg,Disponible
08-04-2025,20:57:20,Bebidas,"Cerveza tostada San Miguel 0,0 alcohol pack de 12 latas de 33 cl.","9,35 €","2,36 €/l",https://www.carrefour.es/supermercado/cerveza-tostada-san-miguel-00-alcohol-pack-de-12-latas-de-33-cl/R-VC4AECOMM-374655/p,https://static.carrefour.es/hd_350x_/img_pim_food/374655_00_1.jpg,Disponible
08-04-2025,20:57:20,Bebidas,Vino D.O. Mancha rosado tempranillo Viña Lobón 75 cl.,"1,45 €","1,45 €/ud",https://www.carrefour.es/supermercado/vino-do-mancha-rosado-tempranillo-vina-lobon-75-cl/R-847106005/p,https://static.carrefour.es/hd_350x_/img_pim_food/016808_00_1.jpg,Disponible
08-04-2025,20:57:20,Bebidas,Ron Bacardí Carta blanca 70 cl.,"15,05 €","21,50 €/l",https://www.carrefour.es/supermercado/ron-bacardi-carta-blanca-70-cl/R-618404230/p,https://static.carrefour.es/hd_350x_/img_pim_food/148000_00_1.jpg,Disponible
08-04-2025,20:57:20,Bebidas,Ron Yacaré viejo 70 cl.,"8,35 €","11,93 €/l",https://www.carrefour.es/supermercado/ron-yacare-viejo-70-cl/R-526627450/p,https://static.carrefour.es/hd_350x_/img_pim_food/652125_00_1.jpg,Disponible
08-04-2025,20:57:20,Bebidas,Licor aperitivo Aperol 70 cl.,"13,65 €","19,50 €/l",https://www.carrefour.es/supermercado/licor-aperitivo-aperol-70-cl/R-VC4AECOMM-432352/p,https://static.carrefour.es/hd_350x_/img_pim_food/432352_00_1.jpg,Disponible
08-04-2025,20:57:20,Bebidas,"Aquarius sabor naranja pack 4 botellas 1,5 l.","7,39 €","1,23 €/l",https://www.carrefour.es/supermercado/aquarius-sabor-naranja-pack-4-botellas-15-l/R-526591747/p,https://static.carrefour.es/hd_350x_/img_pim_food/146661_00_1.jpg,Disponible
08-04-2025,20:57:20,Bebidas,Vino tinto de mesa Cumbre de Gredos brik 1 l.,"1,85 €","1,85 €/l",https://www.carrefour.es/supermercado/vino-tinto-de-mesa-cumbre-de-gredos-brik-1-l/R-521011884/p,https://static.carrefour.es/hd_350x_/img_pim_food/029243_00_1.jpg,Disponible
08-04-2025,20:57:20,Bebidas,Vino rosado joven tempranillo Marqués de Cáceres D.O.Ca. Rioja 75 cl.,"6,55 €","6,55 €/ud",https://www.carrefour.es/supermercado/vino-rosado-joven-tempranillo-marques-de-caceres-doca-rioja-75-cl/R-520662328/p,https://static.carrefour.es/hd_350x_/img_pim_food/000207_00_1.jpg,Disponible
08-04-2025,20:57:20,Bebidas,Zumo de arándano Ocean Spray light brik 1 l.,"2,25 €","2,25 €/l",https://www.carrefour.es/supermercado/zumo-de-arandano-ocean-spray-light-brik-1-l/R-638301845/p,https://static.carrefour.es/hd_350x_/img_pim_food/465897_00_1.jpg,Disponible
08-04-2025,20:57:20,Bebidas,Vodka Eristoff 1 l.,"16,05 €","16,05 €/l",https://www.carrefour.es/supermercado/vodka-eristoff-1-l/R-530014333/p,https://static.carrefour.es/hd_350x_/img_pim_food/043212_00_1.jpg,Disponible
08-04-2025,20:58:00,Bebidas,Vino tinto reserva Marqués de Riscal D.O.Ca Rioja 75 cl.,"17,49 €","17,49 €/ud",https://www.carrefour.es/supermercado/vino-tinto-reserva-marques-de-riscal-doca-rioja-75-cl/R-520662526/p,https://static.carrefour.es/hd_350x_/img_pim_food/007337_00_1.jpg,Disponible
08-04-2025,20:58:00,Bebidas,Cerveza negra Estrella Galicia 0.0 alcohol pack 6 botellas 25 cl.,"4,15 €","2,77 €/l",https://www.carrefour.es/supermercado/cerveza-negra-estrella-galicia-00-alcohol-pack-6-botellas-25-cl/R-VC4AECOMM-485184/p,https://static.carrefour.es/hd_350x_/img_pim_food/485184_00_1.jpg,Disponible
08-04-2025,20:58:00,Bebidas,Limoncello Carrefour 50 cl,"5,35 €","10,70 €/l",https://www.carrefour.es/supermercado/limoncello-carrefour-50-cl/R-654802085/p,https://static.carrefour.es/hd_350x_/img_pim_food/588810_00_1.jpg,Disponible
08-04-2025,20:58:00,Bebidas,Cerveza Mahou Clásica pack de 24 botellas de 25 cl.,"11,65 €","1,94 €/l",https://www.carrefour.es/supermercado/cerveza-mahou-clasica-pack-de-24-botellas-de-25-cl/R-521028279/p,https://static.carrefour.es/hd_350x_/img_pim_food/274441_00_1.jpg,Disponible
08-04-2025,20:58:00,Bebidas,Vino tinto crianza Viña Cumbrero D.O.Ca Rioja 75 cl.,"6,65 €","6,65 €/ud",https://www.carrefour.es/supermercado/vino-tinto-crianza-vina-cumbrero-doca-rioja-75-cl/R-520662449/p,https://static.carrefour.es/hd_350x_/img_pim_food/736159_00_1.jpg,Disponible
08-04-2025,20:58:00,Bebidas,Vino tinto joven tempranillo Palacio de Beltus Vendimia Seleccionada D.O.Ca Rioja 75 cl.,"2,39 €","2,39 €/ud",https://www.carrefour.es/supermercado/vino-tinto-joven-tempranillo-palacio-de-beltus-vendimia-seleccionada-doca-rioja-75-cl/R-520661473/p,https://static.carrefour.es/hd_350x_/img_pim_food/624133_00_1.jpg,Disponible
08-04-2025,20:58:00,Bebidas,Cerveza artesana Carrefour Sensation rubia sin filtrar botella 33 cl.,"1,20 €","3,64 €/l",https://www.carrefour.es/supermercado/cerveza-artesana-carrefour-sensation-rubia-sin-filtrar-botella-33-cl/R-VC4AECOMM-573257/p,https://static.carrefour.es/hd_350x_/img_pim_food/573257_00_1.jpg,Disponible
08-04-2025,20:58:00,Bebidas,Tinto de verano limón Don Simón lata 33 cl.,"0,78 €","2,36 €/l",https://www.carrefour.es/supermercado/tinto-de-verano-limon-don-simon-lata-33-cl/R-840026676/p,https://static.carrefour.es/hd_350x_/img_pim_food/977230_00_1.jpg,Disponible
08-04-2025,20:58:00,Bebidas,Vino francés rosado joven La Cave d'Augustin Florent Cotes Provence 75 cl.,"6,35 €","6,35 €/ud",https://www.carrefour.es/supermercado/vino-frances-rosado-joven-la-cave-daugustin-florent-cotes-provence-75-cl/R-521010504/p,https://static.carrefour.es/hd_350x_/img_pim_food/659942_00_1.jpg,Disponible
08-04-2025,20:58:00,Bebidas,Bitter Kas sin alcohol pack de 6 botellas de 20 cl.,"6,15 €","5,13 €/l",https://www.carrefour.es/supermercado/bitter-kas-sin-alcohol-pack-de-6-botellas-de-20-cl/R-521028121/p,https://static.carrefour.es/hd_350x_/img_pim_food/000094_00_1.jpg,Disponible
08-04-2025,20:58:00,Bebidas,Bebida de fruta 10 frutas y vitaminas sin azúcar añadido Juver-Disfruta pack de 6 briks de 20 cl.,"2,95 €","2,46 €/l",https://www.carrefour.es/supermercado/bebida-de-fruta-10-frutas-y-vitaminas-sin-azucar-anadido-juver-disfruta-pack-de-6-briks-de-20-cl/R-821300648/p,https://static.carrefour.es/hd_350x_/img_pim_food/955865_00_1.jpg,Disponible
08-04-2025,20:58:00,Bebidas,Bebida de fruta granada y manzana Granini Selección Mix botella 1 l.,"3,15 €","3,15 €/l",https://www.carrefour.es/supermercado/bebida-de-fruta-granada-y-manzana-granini-seleccion-mix-botella-1-l/R-775702447/p,https://static.carrefour.es/hd_350x_/img_pim_food/783929_00_1.jpg,Disponible
08-04-2025,20:58:00,Bebidas,Ginebra Puerto de Indias premium strawberry 1 l.,"24,30 €","24,30 €/l",https://www.carrefour.es/supermercado/ginebra-puerto-de-indias-premium-strawberry-1-l/R-VC4AECOMM-681253/p,https://static.carrefour.es/hd_350x_/img_pim_food/681253_00_1.jpg,Disponible
08-04-2025,20:58:00,Bebidas,Vino blanco joven albariño Freixas Vendimia Seleccionada D.O. Rías Baixas 75 cl.,"9,75 €","9,75 €/ud",https://www.carrefour.es/supermercado/vino-blanco-joven-albarino-freixas-vendimia-seleccionada-do-rias-baixas-75-cl/R-803466308/p,https://static.carrefour.es/hd_350x_/img_pim_food/904358_00_1.jpg,Disponible
08-04-2025,20:58:00,Bebidas,"Aquarius sabor limón pack 4 botellas 1,5 l.","7,39 €","1,23 €/l",https://www.carrefour.es/supermercado/aquarius-sabor-limon-pack-4-botellas-15-l/R-526591745/p,https://static.carrefour.es/hd_350x_/img_pim_food/146657_00_1.jpg,Agotado temporalmente
08-04-2025,20:58:00,Bebidas,Vino espumanti blanco Sandara 75 cl.,"5,75 €","5,75 €/ud",https://www.carrefour.es/supermercado/vino-espumanti-blanco-sandara-75-cl/R-772305176/p,https://static.carrefour.es/hd_350x_/img_pim_food/779794_00_1.jpg,Disponible
08-04-2025,20:58:00,Bebidas,Tónica Fever-Tree Light botella 20 cl.,"1,83 €","9,15 €/l",https://www.carrefour.es/supermercado/tonica-fever-tree-light-botella-20-cl/R-VC4AECOMM-249330/p,https://static.carrefour.es/hd_350x_/img_pim_food/249330_00_1.jpg,Disponible
08-04-2025,20:58:00,Bebidas,Vino dulce criaderas y soleras palomino Canasta D.O. Jerez 75 cl.,"8,19 €","8,19 €/ud",https://www.carrefour.es/supermercado/vino-dulce-criaderas-y-soleras-palomino-canasta-do-jerez-75-cl/R-520662928/p,https://static.carrefour.es/hd_350x_/img_pim_food/007691_00_1.jpg,Disponible
08-04-2025,20:58:00,Bebidas,Vino blanco moscatel de Alejandría ecológico Viña Esmeralda D.O. Penedés 75 cl.,"9,95 €","9,95 €/ud",https://www.carrefour.es/supermercado/vino-blanco-moscatel-de-alejandria-ecologico-vina-esmeralda-do-penedes-75-cl/R-520662837/p,https://static.carrefour.es/hd_350x_/img_pim_food/018549_00_1.jpg,Disponible
08-04-2025,20:58:00,Bebidas,Vodka Absolut sprite lata 25 cl.,"2,79 €","11,16 €/l",https://www.carrefour.es/supermercado/vodka-absolut-sprite-lata-25-cl/R-VC4AECOMM-358519/p,https://static.carrefour.es/hd_350x_/img_pim_food/358519_00_1.jpg,Disponible
08-04-2025,20:58:00,Bebidas,"Bebida refrescante aromatizada con agua mineral y zumo de limón y pomelo Carrefour sin azúcares añadidos 1,5 l.","1,38 €","0,92 €/l",https://www.carrefour.es/supermercado/bebida-refrescante-aromatizada-con-agua-mineral-y-zumo-de-limon-y-pomelo-carrefour-sin-azucares-anadidos-15-l/R-VC4AECOMM-548117/p,https://static.carrefour.es/hd_350x_/img_pim_food/548117_00_1.jpg,Disponible
08-04-2025,20:58:00,Bebidas,Vermut Zarro rojo de grifo 3 l.,"14,25 €","4,75 €/l",https://www.carrefour.es/supermercado/vermut-zarro-rojo-de-grifo-3-l/R-538002104/p,https://static.carrefour.es/hd_350x_/img_pim_food/260377_00_1.jpg,Disponible
08-04-2025,20:58:00,Bebidas,"Zumo de manzana, guayaba y lima Innocent botella 33 cl.","2,55 €","7,73 €/l",https://www.carrefour.es/supermercado/zumo-de-manzana-guayaba-y-lima-innocent-botella-33-cl/R-VC4AECOMM-047937/p,https://static.carrefour.es/hd_350x_/img_pim_food/047937_00_1.jpg,Disponible
08-04-2025,20:58:00,Bebidas,Monster Juiced Bebida Energética mango loco pack 4 latas 50 l.,"6,68 €","3,34 €/l",https://www.carrefour.es/supermercado/monster-juiced-bebida-energetica-mango-loco-pack-4-latas-50-l/R-VC4AECOMM-100229/p,https://static.carrefour.es/hd_350x_/img_pim_food/100229_00_1.jpg,Disponible
08-04-2025,20:58:42,Bebidas,"Cerveza Amstel 0,0 sin alcohol Radler con limón pack de 12 latas de 33 cl.","9,96 €","2,52 €/l",https://www.carrefour.es/supermercado/cerveza-amstel-00-sin-alcohol-radler-con-limon-pack-de-12-latas-de-33-cl/R-prod1150243/p,https://static.carrefour.es/hd_350x_/img_pim_food/203607_00_1.jpg,Disponible
08-04-2025,20:58:42,Bebidas,Cerveza tostada azul Chimay belga trapense botella 33 cl.,"3,59 €","10,88 €/l",https://www.carrefour.es/supermercado/cerveza-tostada-azul-chimay-belga-trapense-botella-33-cl/R-546003513/p,https://static.carrefour.es/hd_350x_/img_pim_food/038531_00_1.jpg,Disponible
08-04-2025,20:58:42,Bebidas,Vino rosado Peñascal lata 25 cl.,"2,25 €","2,25 €/ud",https://www.carrefour.es/supermercado/vino-rosado-penascal-lata-25-cl/R-VC4AECOMM-059049/p,https://static.carrefour.es/hd_350x_/img_pim_food/059049_00_1.jpg,Disponible
08-04-2025,20:58:42,Bebidas,Coca Cola light pack de 4 botellas de 2 l.,8 €,1 €/l,https://www.carrefour.es/supermercado/coca-cola-light-pack-de-4-botellas-de-2-l/R-521028139/p,https://static.carrefour.es/hd_350x_/img_pim_food/392964_00_1.jpg,Disponible
08-04-2025,20:58:42,Bebidas,Brandy de jerez solera Altorreal 70 cl.,"6,15 €","8,79 €/l",https://www.carrefour.es/supermercado/brandy-de-jerez-solera-altorreal-70-cl/R-VC4AECOMM-610470/p,https://static.carrefour.es/hd_350x_/img_pim_food/610470_00_1.jpg,Disponible
08-04-2025,20:58:42,Bebidas,"Vermut Zarro rojo de grifo 1,5 l.","8,19 €","5,46 €/l",https://www.carrefour.es/supermercado/vermut-zarro-rojo-de-grifo-15-l/R-795705152/p,https://static.carrefour.es/hd_350x_/img_pim_food/896537_00_1.jpg,Disponible
08-04-2025,20:58:42,Bebidas,Cerveza tostada San Miguel 0.0 alcohol pack 6 botellas 25 cl.,"3,75 €","2,50 €/l",https://www.carrefour.es/supermercado/cerveza-tostada-san-miguel-00-alcohol-pack-6-botellas-25-cl/R-VC4AECOMM-374696/p,https://static.carrefour.es/hd_350x_/img_pim_food/374696_00_1.jpg,Disponible
08-04-2025,20:58:42,Bebidas,Vino D.O. Valdepeñas tinto reserva Moralinos 75 cl.,"4,90 €","4,90 €/ud",https://www.carrefour.es/supermercado/vino-do-valdepenas-tinto-reserva-moralinos-75-cl/R-795768699/p,https://static.carrefour.es/hd_350x_/img_pim_food/895533_00_1.jpg,Disponible
08-04-2025,20:58:42,Bebidas,Combinado  Smirnoff Ice lata 25 cl.,"2,15 €","8,60 €/l",https://www.carrefour.es/supermercado/combinado-smirnoff-ice-lata-25-cl/R-844913128/p,https://static.carrefour.es/hd_350x_/img_pim_food/935321_00_1.jpg,Disponible
08-04-2025,20:58:42,Bebidas,Cerveza San Miguel Yakima Valley tipo IPA lata 33 cl.,"1,57 €","4,76 €/l",https://www.carrefour.es/supermercado/cerveza-san-miguelyakima-valley-tipo-ipa-lata-33-cl/R-VC4AECOMM-486049/p,https://static.carrefour.es/hd_350x_/img_pim_food/486049_00_1.jpg,Disponible
08-04-2025,20:58:42,Bebidas,Cava Bonaval brut nature D.O Cava 75 cl.,"3,65 €","3,65 €/ud",https://www.carrefour.es/supermercado/cava-bonaval-brut-nature-do-cava-75-cl/R-679101737/p,https://static.carrefour.es/hd_350x_/img_pim_food/054680_00_1.jpg,Disponible
08-04-2025,20:58:42,Bebidas,Vino tinto joven tempranillo PradoRey D.O. Ribera del Duero 75 cl.,"7,49 €","7,49 €/ud",https://www.carrefour.es/supermercado/vino-tinto-joven-tempranillo-pradorey-do-ribera-del-duero-75-cl/R-546004003/p,https://static.carrefour.es/hd_350x_/img_pim_food/371759_00_1.jpg,Disponible
08-04-2025,20:58:42,Bebidas,"Zumo de fresa Sunny Delight botella 1,25 l.","2,15 €","1,72 €/l",https://www.carrefour.es/supermercado/zumo-de-fresa-sunny-delight-botella-125-l/R-715627952/p,https://static.carrefour.es/hd_350x_/img_pim_food/489321_00_1.jpg,Disponible
08-04-2025,20:58:42,Bebidas,Whisky William Lawson's escocés 70 cl.,"11,39 €","16,27 €/l",https://www.carrefour.es/supermercado/whisky-william-lawsons-escoces-70-cl/R-663901644/p,https://static.carrefour.es/hd_350x_/img_pim_food/000313_00_1.jpg,Disponible
08-04-2025,20:58:42,Bebidas,Vino tinto reserva Bardesano D.O.Ca. Rioja 75 cl.,"6,79 €","6,79 €/ud",https://www.carrefour.es/supermercado/vino-tinto-reserva-bardesano-doca-rioja-75-cl/R-764905811/p,https://static.carrefour.es/hd_350x_/img_pim_food/773392_00_1.jpg,Disponible
08-04-2025,20:58:42,Bebidas,Vino fino Cortijo de Ceret D.O.Jerez-Xérés-Sherry 75 cl.,"3,89 €","3,89 €/ud",https://www.carrefour.es/supermercado/vino-fino-cortijo-de-ceret-dojerez-xeres-sherry-75-cl/R-VC4AECOMM-501518/p,https://static.carrefour.es/hd_350x_/img_pim_food/501518_00_1.jpg,Disponible
08-04-2025,20:58:42,Bebidas,Coca Cola zero azúcar pack 4 botellas 20 cl.,"4,32 €","5,40 €/l",https://www.carrefour.es/supermercado/coca-cola-zero-azucar-pack-4-botellas-20-cl/R-VC4AECOMM-433514/p,https://static.carrefour.es/hd_350x_/img_pim_food/433514_00_1.jpg,Disponible
08-04-2025,20:58:42,Bebidas,Vino tinto joven ecológico El Hayedo Vendimia Seleccionada D.O. Ribera del Guadiana  75 cl.,"2,55 €","2,55 €/ud",https://www.carrefour.es/supermercado/vino-tinto-joven-ecologico-el-hayedo-vendimia-seleccionada-do-ribera-del-guadiana-75-cl/R-VC4AECOMM-436862/p,https://static.carrefour.es/hd_350x_/img_pim_food/436862_00_1.jpg,Disponible
08-04-2025,20:58:42,Bebidas,Licor Frenet Branca 70 cl.,"19,79 €","28,27 €/l",https://www.carrefour.es/supermercado/licor-frenet-branca-70-cl/R-595501531/p,https://static.carrefour.es/hd_350x_/img_pim_food/043206_00_1.jpg,Disponible
08-04-2025,20:58:42,Bebidas,Sandevid spritz lata 25 cl.,"2,09 €","8,36 €/l",https://www.carrefour.es/supermercado/sandevid-spritz-lata-25-cl/R-VC4AECOMM-359237/p,https://static.carrefour.es/hd_350x_/img_pim_food/359237_00_1.jpg,Disponible
08-04-2025,20:58:42,Bebidas,Cerveza Corona pack de 6 latas de 33 cl.,"7,25 €","3,66 €/l",https://www.carrefour.es/supermercado/cerveza-corona-pack-de-6-latas-de-33-cl/R-VC4AECOMM-214151/p,https://static.carrefour.es/hd_350x_/img_pim_food/214151_00_1.jpg,Disponible
08-04-2025,20:58:42,Bebidas,Vino blanco godello Catacrack D.O. Monterrei 75 cl.,"6,69 €","6,69 €/ud",https://www.carrefour.es/supermercado/vino-blanco-godello-catacrack-do-monterrei-75-cl/R-VC4AECOMM-476155/p,https://static.carrefour.es/hd_350x_/img_pim_food/476155_00_1.jpg,Disponible
08-04-2025,20:58:42,Bebidas,Cerveza 1906 red vintage La Colorada pack de 6 botellas 33 cl.,"7,65 €","3,86 €/l",https://www.carrefour.es/supermercado/cerveza-1906-red-vintage-la-colorada-pack-de-6-botellas-33-cl/R-692808528/p,https://static.carrefour.es/hd_350x_/img_pim_food/088215_00_1.jpg,Disponible
08-04-2025,20:58:42,Bebidas,Kas de limón pack de 9 latas de 33 cl.,"6,09 €","2,05 €/l",https://www.carrefour.es/supermercado/kas-de-limon-pack-de-9-latas-de-33-cl/R-699508017/p,https://static.carrefour.es/hd_350x_/img_pim_food/384252_00_1.jpg,Disponible
08-04-2025,20:59:22,Bebidas,Zumo de frutas con avena Bifrutas sin azúcar añadido 240 ml.,"1,14 €","4,75 €/l",https://www.carrefour.es/supermercado/zumo-de-frutas-con-avena-bifrutas-sin-azucar-anadido-240-ml/R-VC4AECOMM-249351/p,https://static.carrefour.es/hd_350x_/img_pim_food/249351_00_1.jpg,Disponible
08-04-2025,20:59:22,Bebidas,Whisky Johnnie Walker 70 cl.,"30,57 €","43,67 €/l",https://www.carrefour.es/supermercado/whisky-johnnie-walker-70-cl/R-521028338/p,https://static.carrefour.es/hd_350x_/img_pim_food/000304_00_1.jpg,Disponible
08-04-2025,20:59:22,Bebidas,Ron Carum 70 cl.,"6,65 €","9,50 €/l",https://www.carrefour.es/supermercado/ron-carum-70-cl/R-VC4AECOMM-487892/p,https://static.carrefour.es/hd_350x_/img_pim_food/487892_00_1.jpg,Disponible
08-04-2025,20:59:22,Bebidas,Vino blanco joven sobre lías verdejo Dehesas del Rey Vendimia Seleccionada D.O. Rueda 75 cl.,"6,59 €","6,59 €/ud",https://www.carrefour.es/supermercado/vino-blanco-joven-sobre-lias-verdejo-dehesas-del-rey-vendimia-seleccionada-do-rueda-75-cl/R-VC4AECOMM-265769/p,https://static.carrefour.es/hd_350x_/img_pim_food/265769_00_1.jpg,Disponible
08-04-2025,20:59:22,Bebidas,Cava Codorniu Cuvée Original brut ecológico 75 cl.,"6,69 €","6,69 €/ud",https://www.carrefour.es/supermercado/cava-codorniu-cuvee-original-brut-ecologico-75-cl/R-VC4AECOMM-561854/p,https://static.carrefour.es/hd_350x_/img_pim_food/561854_00_1.jpg,Disponible
08-04-2025,20:59:22,Bebidas,Sidra De Nuestra Tierra natural 75 cl.,"3,65 €","4,87 €/l",https://www.carrefour.es/supermercado/sidra-de-nuestra-tierra-natural-75-cl/R-prod970598/p,https://static.carrefour.es/hd_350x_/img_pim_food/059308_00_1.jpg,Disponible
08-04-2025,20:59:22,Bebidas,Bebida espirituosa Soberano 1 l.,"10,89 €","10,89 €/l",https://www.carrefour.es/supermercado/bebida-espirituosa-soberano-1-l/R-526600640/p,https://static.carrefour.es/hd_350x_/img_pim_food/123133_00_1.jpg,Agotado temporalmente
08-04-2025,20:59:22,Bebidas,Cerveza Carlsberg pack de 12 latas de 33 cl.,"10,89 €","2,75 €/l",https://www.carrefour.es/supermercado/cerveza-carlsberg-pack-de-12-latas-de-33-cl/R-546307392/p,https://static.carrefour.es/hd_350x_/img_pim_food/796961_00_1.jpg,Disponible
08-04-2025,20:59:22,Bebidas,"Trina de manzana sin gas 1,5 l.","1,77 €","1,18 €/l",https://www.carrefour.es/supermercado/trina-de-manzana-sin-gas-15-l/R-698405681/p,https://static.carrefour.es/hd_350x_/img_pim_food/324334_00_1.jpg,Disponible
08-04-2025,20:59:22,Bebidas,Vino tinto joven mencía Rectoral de Amandi Vendimia Seleccionada D.O. Ribeira Sacra 75 cl.,"6,69 €","6,69 €/ud",https://www.carrefour.es/supermercado/vino-tinto-joven-mencia-rectoral-de-amandi-vendimia-seleccionada-do-ribeira-sacra-75-cl/R-521010356/p,https://static.carrefour.es/hd_350x_/img_pim_food/045472_00_1.jpg,Disponible
08-04-2025,20:59:22,Bebidas,Vino tinto crianza tempranillo Viña Pomal D.O.Ca. Rioja 75 cl.,"8,95 €","8,95 €/ud",https://www.carrefour.es/supermercado/vino-tinto-crianza-tempranillo-vina-pomal-doca-rioja-75-cl/R-540201756/p,https://static.carrefour.es/hd_350x_/img_pim_food/123148_00_1.jpg,Disponible
08-04-2025,20:59:22,Bebidas,Ron añejo Brugal 1 l.,"22,30 €","22,30 €/l",https://www.carrefour.es/supermercado/ron-anejo-brugal-1-l/R-521010630/p,https://static.carrefour.es/hd_350x_/img_pim_food/794731_00_1.jpg,Disponible
08-04-2025,20:59:22,Bebidas,Gaseosa Postobón La Colombiana sabor cola botella 2 l.,"3,49 €","1,74 €/l",https://www.carrefour.es/supermercado/gaseosa-postobon-la-colombiana-sabor-cola-botella-2-l/R-715401954/p,https://static.carrefour.es/hd_350x_/img_pim_food/486014_00_1.jpg,Disponible
08-04-2025,20:59:23,Bebidas,Kombucha frutos rojos ecológica Komvida sin gluten 75 cl.,"7,59 €","10,12 €/l",https://www.carrefour.es/supermercado/kombucha-frutos-rojos-ecologica-komvida-sin-gluten-75-cl/R-VC4AECOMM-654860/p,https://static.carrefour.es/hd_350x_/img_pim_food/654860_00_1.jpg,Disponible
08-04-2025,20:59:23,Bebidas,Burn Zero Peach Bebida Energética sin azúcar lata 50 cl.,"1,35 €","2,70 €/l",https://www.carrefour.es/supermercado/burn-zero-peach-bebida-energetica-sin-azucar-lata-50-cl/R-VC4AECOMM-306764/p,https://static.carrefour.es/hd_350x_/img_pim_food/306764_00_1.jpg,Disponible
08-04-2025,20:59:23,Bebidas,Monster Juiced Bebida Energética Limonada lata 50 cl.,"1,79 €","3,58 €/l",https://www.carrefour.es/supermercado/monster-juiced-bebida-energetica-limonada-lata-50-cl/R-prod971599/p,https://static.carrefour.es/hd_350x_/img_pim_food/065551_00_1.jpg,Disponible
08-04-2025,20:59:23,Bebidas,Vino tinto crianza Enate D.O. Somontano 75 cl.,"9,79 €","9,79 €/ud",https://www.carrefour.es/supermercado/vino-tinto-crianza-enate-do-somontano-75-cl/R-521008407/p,https://static.carrefour.es/hd_350x_/img_pim_food/091172_00_1.jpg,Disponible
08-04-2025,20:59:23,Bebidas,Zumo de arándano Ocean Spray brik 75 cl.,"2,25 €","2,25 €/l",https://www.carrefour.es/supermercado/zumo-de-arandano-ocean-spray-brik-75-cl/R-638301765/p,https://static.carrefour.es/hd_350x_/img_pim_food/261327_00_1.jpg,Disponible
08-04-2025,20:59:23,Bebidas,Vino lambrusco rosso Signora Dei Duchi 75 cl.,"5,05 €","5,05 €/ud",https://www.carrefour.es/supermercado/vino-lambrusco-rosso-signora-dei-duchi-75-cl/R-VC4AECOMM-185942/p,https://static.carrefour.es/hd_350x_/img_pim_food/185942_00_1.jpg,Disponible
08-04-2025,20:59:23,Bebidas,Licor 43 70 cl.,"14,99 €","21,41 €/l",https://www.carrefour.es/supermercado/licor-43-70-cl/R-520663090/p,https://static.carrefour.es/hd_350x_/img_pim_food/000359_00_1.jpg,Disponible
08-04-2025,20:59:23,Bebidas,Smoothie de mango y frambuesa Carrefour Sensation 450 g.,"3,35 €","7,44 €/kg",https://www.carrefour.es/supermercado/smoothie-de-mango-y-frambuesa-carrefour-sensation-450-g/R-VC4AECOMM-359264/p,https://static.carrefour.es/hd_350x_/img_pim_food/359264_00_1.jpg,Disponible
08-04-2025,20:59:23,Bebidas,Vino tinto envejecido en roble tempranillo Protos D.O. Ribera del Duero 75 cl.,"13,75 €","13,75 €/ud",https://www.carrefour.es/supermercado/vino-tinto-envejecido-en-roble-tempranillo-protos-do-ribera-del-duero-75-cl/R-prod221375/p,https://static.carrefour.es/hd_350x_/img_pim_food/928482_00_1.jpg,Disponible
08-04-2025,20:59:23,Bebidas,"Combinado Bacardí Breezer ron con sandía 27,5 cl.","2,55 €","9,27 €/l",https://www.carrefour.es/supermercado/combinado-bacardi-breezer-ron-con-sandia-275-cl/R-521013789/p,https://static.carrefour.es/hd_350x_/img_pim_food/449022_00_1.jpg,Disponible
08-04-2025,20:59:23,Bebidas,Vino espumoso rosado Sandara 75 cl.,"5,75 €","5,75 €/ud",https://www.carrefour.es/supermercado/vino-espumoso-rosado-sandara-75-cl/R-772305178/p,https://static.carrefour.es/hd_350x_/img_pim_food/779795_00_1.jpg,Disponible
08-04-2025,21:00:04,Bebidas,Gin-Tonic Beefeater lata 25 cl.,"2,75 €",11 €/l,https://www.carrefour.es/supermercado/gin-tonic-beefeater-lata-25-cl/R-VC4AECOMM-242805/p,https://static.carrefour.es/hd_350x_/img_pim_food/242805_00_1.jpg,Disponible
08-04-2025,21:00:04,Bebidas,Vino D.O. Ribera del Duero tinto crianza Viña Espolón 75 cl.,"7,45 €","7,45 €/ud",https://www.carrefour.es/supermercado/vino-do-ribera-del-duero-tinto-crianza-vina-espolon-75-cl/R-fprod1260303/p,https://static.carrefour.es/hd_350x_/img_pim_food/323015_00_1.jpg,Disponible
08-04-2025,21:00:04,Bebidas,Crema de fresa con tequila Regidor botella 70 cl.,"9,85 €","14,07 €/l",https://www.carrefour.es/supermercado/crema-de-fresa-con-tequila-regidor-botella-70-cl/R-VC4AECOMM-129222/p,https://static.carrefour.es/hd_350x_/img_pim_food/129222_00_1.jpg,Disponible
08-04-2025,21:00:04,Bebidas,Cerveza artesana Carrefour Sensation reserva botella 33 cl.,"0,99 €",3 €/l,https://www.carrefour.es/supermercado/cerveza-artesana-carrefour-sensation-reserva-botella-33-cl/R-VC4AECOMM-573250/p,https://static.carrefour.es/hd_350x_/img_pim_food/573250_00_1.jpg,Disponible
08-04-2025,21:00:04,Bebidas,Aguardiente Antioqueño sin azúcar 1 l.,"17,35 €","17,35 €/l",https://www.carrefour.es/supermercado/aguardiente-antioqueno-sin-azucar-1-l/R-830917726/p,https://static.carrefour.es/hd_350x_/img_pim_food/966426_00_1.jpg,Disponible
08-04-2025,21:00:04,Bebidas,Whisky Jack Daniel’s con Coca-Cola Zero azúcar lata 33 cl.,"2,95 €","8,94 €/l",https://www.carrefour.es/supermercado/whisky-jack-daniels-con-coca-cola-zero-azucar-lata-33-cl/R-VC4AECOMM-416909/p,https://static.carrefour.es/hd_350x_/img_pim_food/416909_00_1.jpg,Disponible
08-04-2025,21:00:04,Bebidas,Zumo de naranja Carrefour Extra sin pulpa pack 6 briks 20 cl.,"2,95 €","2,46 €/l",https://www.carrefour.es/supermercado/zumo-de-naranja-carrefour-extra-sin-pulpa-pack-6-briks-20-cl/R-VC4AECOMM-307982/p,https://static.carrefour.es/hd_350x_/img_pim_food/307982_00_1.jpg,Disponible
08-04-2025,21:00:04,Bebidas,Fanta Strawberry&kiwi lata 33 cl.,"2,15 €","6,52 €/l",https://www.carrefour.es/supermercado/fanta-strawberrykiwi-lata-33-cl/R-VC4AECOMM-684554/p,https://static.carrefour.es/hd_350x_/img_pim_food/684554_00_1.jpg,Disponible
08-04-2025,21:00:04,Bebidas,Vino oloroso criaderas y soleras Cortijo de Ceret D.O. Jerez-Xérés-Sherry 75 cl.,"4,79 €","4,79 €/ud",https://www.carrefour.es/supermercado/vino-oloroso-criaderas-y-soleras-cortijo-de-ceret-do-jerez-xeres-sherry-75-cl/R-VC4AECOMM-649562/p,https://static.carrefour.es/hd_350x_/img_pim_food/649562_00_1.jpg,Disponible
08-04-2025,21:00:04,Bebidas,"Vino rosado Peñascal 0,0 alcohol 25 cl.","2,49 €","2,49 €/ud",https://www.carrefour.es/supermercado/vino-rosado-penascal-00-alcohol-25-cl/R-VC4AECOMM-175300/p,https://static.carrefour.es/hd_350x_/img_pim_food/175300_00_1.jpg,Disponible
08-04-2025,21:00:04,Bebidas,Vino tinto crianza tempranillo Luis Cañas D.O.Ca. Rioja 75 cl.,"11,89 €","11,89 €/ud",https://www.carrefour.es/supermercado/vino-tinto-crianza-tempranillo-luis-canas-doca-rioja-75-cl/R-546003681/p,https://static.carrefour.es/hd_350x_/img_pim_food/172961_00_1.jpg,Agotado temporalmente
08-04-2025,21:00:04,Bebidas,Gaseosa Postobon sabor uva botella 2 l.,"3,49 €","1,74 €/l",https://www.carrefour.es/supermercado/gaseosa-postobon-sabor-uva-botella-2-l/R-715401952/p,https://static.carrefour.es/hd_350x_/img_pim_food/486005_00_1.jpg,Disponible
08-04-2025,21:00:04,Bebidas,Vino tinto reserva Laturce  D.O.Ca. Rioja 75 cl.,"13,79 €","13,79 €/ud",https://www.carrefour.es/supermercado/vino-tinto-reserva-laturce-doca-rioja-75-cl/R-818615258/p,https://static.carrefour.es/hd_350x_/img_pim_food/947072_00_1.jpg,Disponible
08-04-2025,21:00:04,Bebidas,Tinto de verano Sandevid con limón 2 l.,"2,99 €","1,49 €/l",https://www.carrefour.es/supermercado/tinto-de-verano-sandevid-con-limon-2-l/R-618404374/p,https://static.carrefour.es/hd_350x_/img_pim_food/239193_00_1.jpg,Disponible
08-04-2025,21:00:04,Bebidas,Vino rosado Gran Feudo D.O. Navarra 75 cl.,"4,95 €","4,95 €/ud",https://www.carrefour.es/supermercado/vino-rosado-gran-feudo-do-navarra-75-cl/R-520662669/p,https://static.carrefour.es/hd_350x_/img_pim_food/026520_00_1.jpg,Disponible
08-04-2025,21:00:04,Bebidas,Sidra ecológica Maeloc achampanada extra botella 75 cl.,"3,05 €","4,07 €/l",https://www.carrefour.es/supermercado/sidra-ecologica-maeloc-achampanada-extra-botella-75-cl/R-751102609/p,https://static.carrefour.es/hd_350x_/img_pim_food/759970_00_1.jpg,Disponible
08-04-2025,21:00:04,Bebidas,Vino blanco semi-dulce viura Alma de Diamante D.O.Ca. Rioja 75 cl.,"7,49 €","7,49 €/ud",https://www.carrefour.es/supermercado/vino-blanco-semi-dulce-viura-alma-de-diamante-doca-rioja-75-cl/R-prod250397/p,https://static.carrefour.es/hd_350x_/img_pim_food/290000_00_1.jpg,Disponible
08-04-2025,21:00:04,Bebidas,Pacharán Zoco 1 l.,"12,25 €","12,25 €/l",https://www.carrefour.es/supermercado/pacharan-zoco-1-l/R-520663080/p,https://static.carrefour.es/hd_350x_/img_pim_food/000365_00_1.jpg,Disponible
08-04-2025,21:00:04,Bebidas,Cerveza Mahou sin filtrar botella 33 cl.,"1,10 €","3,33 €/l",https://www.carrefour.es/supermercado/cerveza-mahou-sin-filtrar-botella-33-cl/R-VC4AECOMM-374660/p,https://static.carrefour.es/hd_350x_/img_pim_food/374660_00_1.jpg,Disponible
08-04-2025,21:00:04,Bebidas,Kombucha de té verde ecológico Komvida sin gluten botella 25 cl,"2,79 €","11,16 €/l",https://www.carrefour.es/supermercado/kombucha-de-te-verde-ecologico-komvida-sin-gluten-botella-25-cl/R-fprod1180121/p,https://static.carrefour.es/hd_350x_/img_pim_food/220258_00_1.jpg,Disponible
08-04-2025,21:00:04,Bebidas,Vino tinto reserva tempranillo Faustino V D.O. Ca. Rioja 75 cl.,"9,95 €","9,95 €/ud",https://www.carrefour.es/supermercado/vino-tinto-reserva-tempranillo-faustino-v-do-ca-rioja-75-cl/R-520662522/p,https://static.carrefour.es/hd_350x_/img_pim_food/007749_00_1.jpg,Disponible
08-04-2025,21:00:04,Bebidas,Té negro kombucha con frutos rojos en bolsitas Hornimans 20 ud.,"3,25 €","108,33 €/kg",https://www.carrefour.es/supermercado/te-negro-kombucha-con-frutos-rojos-en-bolsitas-hornimans-20-ud/R-VC4AECOMM-599942/p,https://static.carrefour.es/hd_350x_/img_pim_food/599942_00_1.jpg,Disponible
08-04-2025,21:00:04,Bebidas,Vino Freixenet espumoso blanco sin alcohol 75 cl.,"8,35 €","8,35 €/ud",https://www.carrefour.es/supermercado/vino-freixenet-espumoso-blanco-sin-alcohol-75-cl/R-prod80613/p,https://static.carrefour.es/hd_350x_/img_pim_food/216671_00_1.jpg,Disponible
08-04-2025,21:00:04,Bebidas,Licor de hierbas Ruavieja 1 l.,"15,69 €","15,69 €/l",https://www.carrefour.es/supermercado/licor-de-hierbas-ruavieja-1-l/R-556601508/p,https://static.carrefour.es/hd_350x_/img_pim_food/264354_00_1.jpg,Disponible
